date,region,taux_positivite
2020-01-23,06 - Montréal,0
2020-01-24,06 - Montréal,.
2020-01-25,06 - Montréal,.
2020-01-26,06 - Montréal,.
2020-01-27,06 - Montréal,.
2020-01-28,06 - Montréal,.
2020-01-29,06 - Montréal,.
2020-01-30,06 - Montréal,0
2020-01-31,06 - Montréal,.
2020-02-01,06 - Montréal,.
2020-02-02,06 - Montréal,.
2020-02-03,06 - Montréal,0
2020-02-04,06 - Montréal,.
2020-02-05,06 - Montréal,.
2020-02-06,06 - Montréal,.
2020-02-07,06 - Montréal,0
2020-02-08,06 - Montréal,.
2020-02-09,06 - Montréal,.
2020-02-10,06 - Montréal,0
2020-02-11,06 - Montréal,0
2020-02-12,06 - Montréal,0
2020-02-13,06 - Montréal,0
2020-02-14,06 - Montréal,0
2020-02-15,06 - Montréal,.
2020-02-16,06 - Montréal,.
2020-02-17,06 - Montréal,0
2020-02-18,06 - Montréal,.
2020-02-19,06 - Montréal,0
2020-02-20,06 - Montréal,0
2020-02-21,06 - Montréal,0
2020-02-22,06 - Montréal,.
2020-02-23,06 - Montréal,.
2020-02-24,06 - Montréal,0
2020-02-25,06 - Montréal,0
2020-02-26,06 - Montréal,0
2020-02-27,06 - Montréal,0
2020-02-28,06 - Montréal,0
2020-02-29,06 - Montréal,0
2020-03-01,06 - Montréal,0
2020-03-02,06 - Montréal,0
2020-03-03,06 - Montréal,0
2020-03-04,06 - Montréal,0
2020-03-05,06 - Montréal,0
2020-03-06,06 - Montréal,4.76
2020-03-07,06 - Montréal,0
2020-03-08,06 - Montréal,0
2020-03-09,06 - Montréal,0
2020-03-10,06 - Montréal,0
2020-03-11,06 - Montréal,2.22
2020-03-12,06 - Montréal,1
2020-03-13,06 - Montréal,1.54
2020-03-14,06 - Montréal,0.61
2020-03-15,06 - Montréal,1.3
2020-03-16,06 - Montréal,2.39
2020-03-17,06 - Montréal,1.28
2020-03-18,06 - Montréal,1.72
2020-03-19,06 - Montréal,4.24
2020-03-20,06 - Montréal,3.92
2020-03-21,06 - Montréal,7.32
2020-03-22,06 - Montréal,9.62
2020-03-23,06 - Montréal,12.06
2020-03-24,06 - Montréal,7.58
2020-03-25,06 - Montréal,6.25
2020-03-26,06 - Montréal,7.94
2020-03-27,06 - Montréal,12.44
2020-03-28,06 - Montréal,9.39
2020-03-29,06 - Montréal,9.47
2020-03-30,06 - Montréal,9.8
2020-03-31,06 - Montréal,13.36
2020-04-01,06 - Montréal,17.02
2020-04-02,06 - Montréal,16.75
2020-04-03,06 - Montréal,14.89
2020-04-04,06 - Montréal,20.08
2020-04-05,06 - Montréal,18.43
2020-04-06,06 - Montréal,21.86
2020-04-07,06 - Montréal,20.97
2020-04-08,06 - Montréal,19.98
2020-04-09,06 - Montréal,23.08
2020-04-10,06 - Montréal,20.36
2020-04-11,06 - Montréal,18.59
2020-04-12,06 - Montréal,20.15
2020-04-13,06 - Montréal,16.24
2020-04-14,06 - Montréal,21.95
2020-04-15,06 - Montréal,22.43
2020-04-16,06 - Montréal,24.16
2020-04-17,06 - Montréal,22.89
2020-04-18,06 - Montréal,21.48
2020-04-19,06 - Montréal,22.15
2020-04-20,06 - Montréal,22.54
2020-04-21,06 - Montréal,20.55
2020-04-22,06 - Montréal,19.57
2020-04-23,06 - Montréal,18.46
2020-04-24,06 - Montréal,20.08
2020-04-25,06 - Montréal,16.21
2020-04-26,06 - Montréal,16.68
2020-04-27,06 - Montréal,19.33
2020-04-28,06 - Montréal,20.24
2020-04-29,06 - Montréal,18.91
2020-04-30,06 - Montréal,18.36
2020-05-01,06 - Montréal,17.61
2020-05-02,06 - Montréal,18.9
2020-05-03,06 - Montréal,19.05
2020-05-04,06 - Montréal,16.03
2020-05-05,06 - Montréal,18.03
2020-05-06,06 - Montréal,15.87
2020-05-07,06 - Montréal,15.35
2020-05-08,06 - Montréal,12.81
2020-05-09,06 - Montréal,12.21
2020-05-10,06 - Montréal,11.69
2020-05-11,06 - Montréal,13.12
2020-05-12,06 - Montréal,10.99
2020-05-13,06 - Montréal,9.98
2020-05-14,06 - Montréal,9.21
2020-05-15,06 - Montréal,8.19
2020-05-16,06 - Montréal,8.36
2020-05-17,06 - Montréal,9.05
2020-05-18,06 - Montréal,10.1
2020-05-19,06 - Montréal,9.25
2020-05-20,06 - Montréal,8.09
2020-05-21,06 - Montréal,7.63
2020-05-22,06 - Montréal,6.14
2020-05-23,06 - Montréal,6.71
2020-05-24,06 - Montréal,5.55
2020-05-25,06 - Montréal,5.44
2020-05-26,06 - Montréal,5.67
2020-05-27,06 - Montréal,5.07
2020-05-28,06 - Montréal,4.84
2020-05-29,06 - Montréal,4.67
2020-05-30,06 - Montréal,4.71
2020-05-31,06 - Montréal,4.16
2020-06-01,06 - Montréal,4.3
2020-06-02,06 - Montréal,3.53
2020-06-03,06 - Montréal,2.81
2020-06-04,06 - Montréal,3.4
2020-06-05,06 - Montréal,2.95
2020-06-06,06 - Montréal,3.18
2020-06-07,06 - Montréal,2.96
2020-06-08,06 - Montréal,2.04
2020-06-09,06 - Montréal,2.09
2020-06-10,06 - Montréal,2.36
2020-06-11,06 - Montréal,2.47
2020-06-12,06 - Montréal,1.88
2020-06-13,06 - Montréal,1.89
2020-06-14,06 - Montréal,1.87
2020-06-15,06 - Montréal,2.39
2020-06-16,06 - Montréal,1.81
2020-06-17,06 - Montréal,1.57
2020-06-18,06 - Montréal,1.56
2020-06-19,06 - Montréal,1.23
2020-06-20,06 - Montréal,1.43
2020-06-21,06 - Montréal,1.74
2020-06-22,06 - Montréal,1.93
2020-06-23,06 - Montréal,1.51
2020-06-24,06 - Montréal,1.43
2020-06-25,06 - Montréal,1.57
2020-06-26,06 - Montréal,1.09
2020-06-27,06 - Montréal,1.36
2020-06-28,06 - Montréal,1.02
2020-06-29,06 - Montréal,0.39
2020-06-30,06 - Montréal,1.38
2020-07-01,06 - Montréal,0.87
2020-07-02,06 - Montréal,0.86
2020-07-03,06 - Montréal,0.89
2020-07-04,06 - Montréal,0.7
2020-07-05,06 - Montréal,0.68
2020-07-06,06 - Montréal,0.74
2020-07-07,06 - Montréal,1.11
2020-07-08,06 - Montréal,1.42
2020-07-09,06 - Montréal,1.24
2020-07-10,06 - Montréal,1.31
2020-07-11,06 - Montréal,0.83
2020-07-12,06 - Montréal,1.01
2020-07-13,06 - Montréal,2.64
2020-07-14,06 - Montréal,1.42
2020-07-15,06 - Montréal,1.9
2020-07-16,06 - Montréal,1.47
2020-07-17,06 - Montréal,1.34
2020-07-18,06 - Montréal,2
2020-07-19,06 - Montréal,1.1
2020-07-20,06 - Montréal,1.54
2020-07-21,06 - Montréal,1.06
2020-07-22,06 - Montréal,1.65
2020-07-23,06 - Montréal,1.42
2020-07-24,06 - Montréal,0.99
2020-07-25,06 - Montréal,1.1
2020-07-26,06 - Montréal,0.86
2020-07-27,06 - Montréal,0.98
2020-07-28,06 - Montréal,0.93
2020-07-29,06 - Montréal,1.36
2020-07-30,06 - Montréal,1.15
2020-07-31,06 - Montréal,0.83
2020-08-01,06 - Montréal,1.05
2020-08-02,06 - Montréal,1.18
2020-08-03,06 - Montréal,1.34
2020-08-04,06 - Montréal,1.06
2020-08-05,06 - Montréal,0.93
2020-08-06,06 - Montréal,0.71
2020-08-07,06 - Montréal,0.91
2020-08-08,06 - Montréal,1.22
2020-08-09,06 - Montréal,1.16
2020-08-10,06 - Montréal,0.93
2020-08-11,06 - Montréal,0.97
2020-08-12,06 - Montréal,0.73
2020-08-13,06 - Montréal,0.72
2020-08-14,06 - Montréal,0.64
2020-08-15,06 - Montréal,0.59
2020-08-16,06 - Montréal,0.29
2020-08-17,06 - Montréal,0.7
2020-08-18,06 - Montréal,0.64
2020-08-19,06 - Montréal,0.58
2020-08-20,06 - Montréal,0.83
2020-08-21,06 - Montréal,0.74
2020-08-22,06 - Montréal,0.5
2020-08-23,06 - Montréal,0.63
2020-08-24,06 - Montréal,0.62
2020-08-25,06 - Montréal,1.1
2020-08-26,06 - Montréal,1.23
2020-08-27,06 - Montréal,0.7
2020-08-28,06 - Montréal,1.05
2020-08-29,06 - Montréal,1.01
2020-08-30,06 - Montréal,0.94
2020-08-31,06 - Montréal,0.85
2020-09-01,06 - Montréal,1.13
2020-09-02,06 - Montréal,1.32
2020-09-03,06 - Montréal,0.98
2020-09-04,06 - Montréal,0.92
2020-09-05,06 - Montréal,2.02
2020-09-06,06 - Montréal,1.83
2020-09-07,06 - Montréal,1.49
2020-09-08,06 - Montréal,1.34
2020-09-09,06 - Montréal,1.33
2020-09-10,06 - Montréal,1.46
2020-09-11,06 - Montréal,1.69
2020-09-12,06 - Montréal,1.75
2020-09-13,06 - Montréal,1.73
2020-09-14,06 - Montréal,1.26
2020-09-15,06 - Montréal,1.79
2020-09-16,06 - Montréal,1.48
2020-09-17,06 - Montréal,1.83
2020-09-18,06 - Montréal,1.96
2020-09-19,06 - Montréal,2.77
2020-09-20,06 - Montréal,2.62
2020-09-21,06 - Montréal,2.74
2020-09-22,06 - Montréal,2.65
2020-09-23,06 - Montréal,3.47
2020-09-24,06 - Montréal,3.37
2020-09-25,06 - Montréal,3.95
2020-09-26,06 - Montréal,4.47
2020-09-27,06 - Montréal,4.59
2020-09-28,06 - Montréal,4.51
2020-09-29,06 - Montréal,4.23
2020-09-30,06 - Montréal,3.96
2020-10-01,06 - Montréal,4.93
2020-10-02,06 - Montréal,5.33
2020-10-03,06 - Montréal,4.45
2020-10-04,06 - Montréal,4.98
2020-10-05,06 - Montréal,4.38
2020-10-06,06 - Montréal,3.75
2020-10-07,06 - Montréal,3.7
2020-10-08,06 - Montréal,3.85
2020-10-09,06 - Montréal,4.17
2020-10-10,06 - Montréal,5.19
2020-10-11,06 - Montréal,5.37
2020-10-12,06 - Montréal,4.42
2020-10-13,06 - Montréal,4.93
2020-10-14,06 - Montréal,3.92
2020-10-15,06 - Montréal,3.98
2020-10-16,06 - Montréal,5.27
2020-10-17,06 - Montréal,4.55
2020-10-18,06 - Montréal,5.58
2020-10-19,06 - Montréal,4.59
2020-10-20,06 - Montréal,4.69
2020-10-21,06 - Montréal,4.25
2020-10-22,06 - Montréal,3.51
2020-10-23,06 - Montréal,3.76
2020-10-24,06 - Montréal,4.86
2020-10-25,06 - Montréal,5.66
2020-10-26,06 - Montréal,4.39
2020-10-27,06 - Montréal,4.16
2020-10-28,06 - Montréal,3.3
2020-10-29,06 - Montréal,3.12
2020-10-30,06 - Montréal,3.66
2020-10-31,06 - Montréal,4.82
2020-11-01,06 - Montréal,4.65
2020-11-02,06 - Montréal,4.38
2020-11-03,06 - Montréal,4.15
2020-11-04,06 - Montréal,4.06
2020-11-05,06 - Montréal,4.4
2020-11-06,06 - Montréal,4.68
2020-11-07,06 - Montréal,5.44
2020-11-08,06 - Montréal,5.47
2020-11-09,06 - Montréal,6.67
2020-11-10,06 - Montréal,4.99
2020-11-11,06 - Montréal,4.83
2020-11-12,06 - Montréal,4.23
2020-11-13,06 - Montréal,4.79
2020-11-14,06 - Montréal,4.84
2020-11-15,06 - Montréal,5.59
2020-11-16,06 - Montréal,5.24
2020-11-17,06 - Montréal,3.76
2020-11-18,06 - Montréal,3.76
2020-11-19,06 - Montréal,3.95
2020-11-20,06 - Montréal,3.71
2020-11-21,06 - Montréal,4.28
2020-11-22,06 - Montréal,6.25
2020-11-23,06 - Montréal,6.18
2020-11-24,06 - Montréal,4.15
2020-11-25,06 - Montréal,4.51
2020-11-26,06 - Montréal,5.3
2020-11-27,06 - Montréal,5.93
2020-11-28,06 - Montréal,5.49
2020-11-29,06 - Montréal,7.64
2020-11-30,06 - Montréal,7.22
2020-12-01,06 - Montréal,6.59
2020-12-02,06 - Montréal,5.71
2020-12-03,06 - Montréal,5.7
2020-12-04,06 - Montréal,6.19
2020-12-05,06 - Montréal,7.31
2020-12-06,06 - Montréal,7.15
2020-12-07,06 - Montréal,7.13
2020-12-08,06 - Montréal,6.86
2020-12-09,06 - Montréal,6.69
2020-12-10,06 - Montréal,6.75
2020-12-11,06 - Montréal,6.03
2020-12-12,06 - Montréal,7.93
2020-12-13,06 - Montréal,8.54
2020-12-14,06 - Montréal,8.79
2020-12-15,06 - Montréal,6.83
2020-12-16,06 - Montréal,7.67
2020-12-17,06 - Montréal,7.21
2020-12-18,06 - Montréal,7.64
2020-12-19,06 - Montréal,8.35
2020-12-20,06 - Montréal,8.37
2020-12-21,06 - Montréal,8.42
2020-12-22,06 - Montréal,7.4
2020-12-23,06 - Montréal,7.3
2020-12-24,06 - Montréal,8.9
2020-12-25,06 - Montréal,10.45
2020-12-26,06 - Montréal,14.05
2020-12-27,06 - Montréal,13.22
2020-12-28,06 - Montréal,12.6
2020-12-29,06 - Montréal,11.89
2020-12-30,06 - Montréal,10.21
2020-12-31,06 - Montréal,10.97
2021-01-01,06 - Montréal,12.78
2021-01-02,06 - Montréal,13.24
2021-01-03,06 - Montréal,13.94
2021-01-04,06 - Montréal,12.82
2021-01-05,06 - Montréal,9.66
2021-01-06,06 - Montréal,9.43
2021-01-07,06 - Montréal,10.58
2021-01-08,06 - Montréal,10.07
2021-01-09,06 - Montréal,10.65
2021-01-10,06 - Montréal,11.93
2021-01-11,06 - Montréal,10.95
2021-01-12,06 - Montréal,8.95
2021-01-13,06 - Montréal,7.38
2021-01-14,06 - Montréal,8.3
2021-01-15,06 - Montréal,8.28
2021-01-16,06 - Montréal,8.51
2021-01-17,06 - Montréal,8.72
2021-01-18,06 - Montréal,9.47
2021-01-19,06 - Montréal,6.96
2021-01-20,06 - Montréal,7.25
2021-01-21,06 - Montréal,6.05
2021-01-22,06 - Montréal,6.52
2021-01-23,06 - Montréal,6.78
2021-01-24,06 - Montréal,8.17
2021-01-25,06 - Montréal,6.94
2021-01-26,06 - Montréal,5.83
2021-01-27,06 - Montréal,5.29
2021-01-28,06 - Montréal,5.68
2021-01-29,06 - Montréal,5.79
2021-01-30,06 - Montréal,6.93
2021-01-31,06 - Montréal,7.04
2021-02-01,06 - Montréal,6.82
2021-02-02,06 - Montréal,6.09
2021-02-03,06 - Montréal,5.83
2021-02-04,06 - Montréal,5.11
2021-02-05,06 - Montréal,6.33
2021-02-06,06 - Montréal,7.21
2021-02-07,06 - Montréal,7.2
2021-02-08,06 - Montréal,6.56
2021-02-09,06 - Montréal,4.71
2021-02-10,06 - Montréal,6.6
2021-02-11,06 - Montréal,5.02
2021-02-12,06 - Montréal,5.46
2021-02-13,06 - Montréal,5.04
2021-02-14,06 - Montréal,6.6
2021-02-15,06 - Montréal,5.73
2021-02-16,06 - Montréal,4.6
2021-02-17,06 - Montréal,4.57
2021-02-18,06 - Montréal,4.04
2021-02-19,06 - Montréal,5.25
2021-02-20,06 - Montréal,6.34
2021-02-21,06 - Montréal,7.25
2021-02-22,06 - Montréal,4.54
2021-02-23,06 - Montréal,4.62
2021-02-24,06 - Montréal,4.87
2021-02-25,06 - Montréal,5.03
2021-02-26,06 - Montréal,5.18
2021-02-27,06 - Montréal,5.31
2021-02-28,06 - Montréal,5.39
2021-03-01,06 - Montréal,4.12
2021-03-02,06 - Montréal,5.17
2021-03-03,06 - Montréal,4.55
2021-03-04,06 - Montréal,4.64
2021-03-05,06 - Montréal,4.58
2021-03-06,06 - Montréal,5.41
2021-03-07,06 - Montréal,5.43
2021-03-08,06 - Montréal,5.18
2021-03-09,06 - Montréal,4.34
2021-03-10,06 - Montréal,4.38
2021-03-11,06 - Montréal,4.95
2021-03-12,06 - Montréal,4.78
2021-03-13,06 - Montréal,4.47
2021-03-14,06 - Montréal,5.04
2021-03-15,06 - Montréal,4.07
2021-03-16,06 - Montréal,4.49
2021-03-17,06 - Montréal,4.32
2021-03-18,06 - Montréal,3.9
2021-03-19,06 - Montréal,3.21
2021-03-20,06 - Montréal,3.94
2021-03-21,06 - Montréal,4.27
2021-03-22,06 - Montréal,4.75
2021-03-23,06 - Montréal,3.75
2021-03-24,06 - Montréal,3.8
2021-03-25,06 - Montréal,3.93
2021-03-26,06 - Montréal,4.01
2021-03-27,06 - Montréal,5.06
2021-03-28,06 - Montréal,4.85
2021-03-29,06 - Montréal,4.72
2021-03-30,06 - Montréal,4.44
2021-03-31,06 - Montréal,4.02
2021-04-01,06 - Montréal,3.86
2021-04-02,06 - Montréal,4.06
2021-04-03,06 - Montréal,5.13
2021-04-04,06 - Montréal,5.05
2021-04-05,06 - Montréal,4.43
2021-04-06,06 - Montréal,4.24
2021-04-07,06 - Montréal,3.52
2021-04-08,06 - Montréal,4.25
2021-04-09,06 - Montréal,4.68
2021-04-10,06 - Montréal,4.62
2021-04-11,06 - Montréal,5.05
2021-04-12,06 - Montréal,4.22
2021-04-13,06 - Montréal,3.61
2021-04-14,06 - Montréal,3.47
2021-04-15,06 - Montréal,3.79
2021-04-16,06 - Montréal,3.89
2021-04-17,06 - Montréal,4.08
2021-04-18,06 - Montréal,3.41
2021-04-19,06 - Montréal,3.32
2021-04-20,06 - Montréal,3.16
2021-04-21,06 - Montréal,2.47
2021-04-22,06 - Montréal,2.94
2021-04-23,06 - Montréal,3.26
2021-04-24,06 - Montréal,3.24
2021-04-25,06 - Montréal,3.75
2021-04-26,06 - Montréal,3.15
2021-04-27,06 - Montréal,3.16
2021-04-28,06 - Montréal,3.11
2021-04-29,06 - Montréal,2.84
2021-04-30,06 - Montréal,3.26
2021-05-01,06 - Montréal,3.16
2021-05-02,06 - Montréal,4.04
2021-05-03,06 - Montréal,2.66
2021-05-04,06 - Montréal,2.32
2021-05-05,06 - Montréal,2.22
2021-05-06,06 - Montréal,2.37
2021-05-07,06 - Montréal,3.31
2021-05-08,06 - Montréal,2.51
2021-05-09,06 - Montréal,3.32
2021-05-10,06 - Montréal,2.63
2021-05-11,06 - Montréal,2.24
2021-05-12,06 - Montréal,2.44
2021-05-13,06 - Montréal,2.8
2021-05-14,06 - Montréal,2.9
2021-05-15,06 - Montréal,2.84
2021-05-16,06 - Montréal,3.03
2021-05-17,06 - Montréal,2.55
2021-05-18,06 - Montréal,2.33
2021-05-19,06 - Montréal,2.65
2021-05-20,06 - Montréal,2.35
2021-05-21,06 - Montréal,2.71
2021-05-22,06 - Montréal,2.9
2021-05-23,06 - Montréal,2.63
2021-05-24,06 - Montréal,2.73
2021-05-25,06 - Montréal,2.16
2021-05-26,06 - Montréal,2.07
2021-05-27,06 - Montréal,2.12
2021-05-28,06 - Montréal,1.94
2021-05-29,06 - Montréal,1.57
2021-05-30,06 - Montréal,1.58
2021-05-31,06 - Montréal,1.25
2021-06-01,06 - Montréal,1.59
2021-06-02,06 - Montréal,1.34
2021-06-03,06 - Montréal,1.14
2021-06-04,06 - Montréal,1.6
2021-06-05,06 - Montréal,1.32
2021-06-06,06 - Montréal,1.43
2021-06-07,06 - Montréal,0.87
2021-06-08,06 - Montréal,0.95
2021-06-09,06 - Montréal,0.77
2021-06-10,06 - Montréal,1.1
2021-06-11,06 - Montréal,1.24
2021-06-12,06 - Montréal,1.3
2021-06-13,06 - Montréal,1.01
2021-06-14,06 - Montréal,0.68
2021-06-15,06 - Montréal,0.68
2021-06-16,06 - Montréal,0.8
2021-06-17,06 - Montréal,1.05
2021-06-18,06 - Montréal,0.97
2021-06-19,06 - Montréal,0.63
2021-06-20,06 - Montréal,0.72
2021-06-21,06 - Montréal,0.57
2021-06-22,06 - Montréal,0.64
2021-06-23,06 - Montréal,0.44
2021-06-24,06 - Montréal,0.66
2021-06-25,06 - Montréal,0.58
2021-06-26,06 - Montréal,0.77
2021-06-27,06 - Montréal,0.44
2021-06-28,06 - Montréal,0.58
2021-06-29,06 - Montréal,0.77
2021-06-30,06 - Montréal,0.55
2021-07-01,06 - Montréal,0.52
2021-07-02,06 - Montréal,0.49
2021-07-03,06 - Montréal,0.55
2021-07-04,06 - Montréal,0.39
2021-07-05,06 - Montréal,0.68
2021-07-06,06 - Montréal,0.61
2021-07-07,06 - Montréal,0.61
2021-07-08,06 - Montréal,0.37
2021-07-09,06 - Montréal,0.48
2021-07-10,06 - Montréal,0.47
2021-07-11,06 - Montréal,0.61
2021-07-12,06 - Montréal,0.56
2021-07-13,06 - Montréal,0.57
2021-07-14,06 - Montréal,0.78
2021-07-15,06 - Montréal,0.65
2021-07-16,06 - Montréal,0.63
2021-07-17,06 - Montréal,0.83
2021-07-18,06 - Montréal,0.67
2021-07-19,06 - Montréal,0.83
2021-07-20,06 - Montréal,0.83
2021-07-21,06 - Montréal,0.86
2021-07-22,06 - Montréal,0.96
2021-07-23,06 - Montréal,0.85
2021-07-24,06 - Montréal,1.05
2021-07-25,06 - Montréal,0.77
2021-07-26,06 - Montréal,0.88
2021-07-27,06 - Montréal,0.89
2021-07-28,06 - Montréal,0.82
2021-07-29,06 - Montréal,0.93
2021-07-30,06 - Montréal,1.67
2021-07-31,06 - Montréal,1.21
2021-08-01,06 - Montréal,1.07
2021-08-02,06 - Montréal,0.96
2021-08-03,06 - Montréal,0.98
2021-08-04,06 - Montréal,1.33
2021-08-05,06 - Montréal,1.54
2021-08-06,06 - Montréal,1.34
2021-08-07,06 - Montréal,1.78
2021-08-08,06 - Montréal,1.32
2021-08-09,06 - Montréal,1.43
2021-08-10,06 - Montréal,1.49
2021-08-11,06 - Montréal,1.99
2021-08-12,06 - Montréal,2.04
2021-08-13,06 - Montréal,2.24
2021-08-14,06 - Montréal,2.65
2021-08-15,06 - Montréal,2.56
2021-08-16,06 - Montréal,2.54
2021-08-17,06 - Montréal,2.34
2021-08-18,06 - Montréal,2.56
2021-08-19,06 - Montréal,2.9
2021-08-20,06 - Montréal,3.69
2021-08-21,06 - Montréal,2.95
2021-08-22,06 - Montréal,3.04
2021-08-23,06 - Montréal,2.39
2021-08-24,06 - Montréal,2.92
2021-08-25,06 - Montréal,3.34
2021-08-26,06 - Montréal,3.23
2021-08-27,06 - Montréal,2.92
2021-08-28,06 - Montréal,2.95
2021-08-29,06 - Montréal,2.47
2021-08-30,06 - Montréal,2.89
2021-08-31,06 - Montréal,3.71
2021-09-01,06 - Montréal,3.83
2021-09-02,06 - Montréal,3.67
2021-09-03,06 - Montréal,3.61
2021-09-04,06 - Montréal,3.86
2021-09-05,06 - Montréal,3.61
2021-09-06,06 - Montréal,3.31
2021-09-07,06 - Montréal,3.39
2021-09-08,06 - Montréal,3.24
2021-09-09,06 - Montréal,3.63
2021-09-10,06 - Montréal,4.02
2021-09-11,06 - Montréal,3.74
2021-09-12,06 - Montréal,3.81
2021-09-13,06 - Montréal,3.48
2021-09-14,06 - Montréal,3.09
2021-09-15,06 - Montréal,3.7
2021-09-16,06 - Montréal,3.05
2021-09-17,06 - Montréal,3.13
2021-09-18,06 - Montréal,3.43
2021-09-19,06 - Montréal,3.7
2021-09-20,06 - Montréal,3.02
2021-09-21,06 - Montréal,2.85
2021-09-22,06 - Montréal,2.57
2021-09-23,06 - Montréal,2.53
2021-09-24,06 - Montréal,2.9
2021-09-25,06 - Montréal,3.15
2021-09-26,06 - Montréal,2.5
2021-09-27,06 - Montréal,2.11
2021-09-28,06 - Montréal,2.32
2021-09-29,06 - Montréal,2.75
2021-09-30,06 - Montréal,2.28
2021-10-01,06 - Montréal,2
2021-10-02,06 - Montréal,1.97
2021-10-03,06 - Montréal,2.8
2021-10-04,06 - Montréal,1.91
2021-10-05,06 - Montréal,1.62
2021-10-06,06 - Montréal,2.36
2021-10-07,06 - Montréal,2.06
2021-10-08,06 - Montréal,2.19
2021-10-09,06 - Montréal,2.36
2021-10-10,06 - Montréal,2.09
2021-10-11,06 - Montréal,2.26
2021-10-12,06 - Montréal,2.26
2021-10-13,06 - Montréal,1.97
2021-10-14,06 - Montréal,2.28
2021-10-15,06 - Montréal,2.74
2021-10-16,06 - Montréal,2.23
2021-10-17,06 - Montréal,2.16
2021-10-18,06 - Montréal,2
2021-10-19,06 - Montréal,1.85
2021-10-20,06 - Montréal,1.9
2021-10-21,06 - Montréal,1.44
2021-10-22,06 - Montréal,1.85
2021-10-23,06 - Montréal,1.79
2021-10-24,06 - Montréal,2.16
2021-10-25,06 - Montréal,1.82
2021-10-26,06 - Montréal,1.89
2021-10-27,06 - Montréal,1.92
2021-10-28,06 - Montréal,2.42
2021-10-29,06 - Montréal,2.04
2021-10-30,06 - Montréal,2.6
2021-10-31,06 - Montréal,3.03
2021-11-01,06 - Montréal,1.9
2021-11-02,06 - Montréal,1.58
2021-11-03,06 - Montréal,2.48
2021-11-04,06 - Montréal,2
2021-11-05,06 - Montréal,2.35
2021-11-06,06 - Montréal,3.16
2021-11-07,06 - Montréal,3.3
2021-11-08,06 - Montréal,2.36
2021-11-09,06 - Montréal,3.02
2021-11-10,06 - Montréal,2.84
2021-11-11,06 - Montréal,2.7
2021-11-12,06 - Montréal,2.72
2021-11-13,06 - Montréal,2.59
2021-11-14,06 - Montréal,3.01
2021-11-15,06 - Montréal,2.52
2021-11-16,06 - Montréal,3.07
2021-11-17,06 - Montréal,3.12
2021-11-18,06 - Montréal,2.86
2021-11-19,06 - Montréal,3.74
2021-11-20,06 - Montréal,3.59
2021-11-21,06 - Montréal,3.59
2021-11-22,06 - Montréal,2.97
2021-11-23,06 - Montréal,2.96
2021-11-24,06 - Montréal,3.58
2021-11-25,06 - Montréal,3.27
2021-11-26,06 - Montréal,3.42
2021-11-27,06 - Montréal,3.58
2021-11-28,06 - Montréal,4.01
2021-11-29,06 - Montréal,3.97
2021-11-30,06 - Montréal,4
2021-12-01,06 - Montréal,4.21
2021-12-02,06 - Montréal,4.06
2021-12-03,06 - Montréal,3.98
2021-12-04,06 - Montréal,5.01
2021-12-05,06 - Montréal,5.31
2021-12-06,06 - Montréal,4.4
2021-12-07,06 - Montréal,4.68
2021-12-08,06 - Montréal,5
2021-12-09,06 - Montréal,5.73
2021-12-10,06 - Montréal,5.23
2021-12-11,06 - Montréal,5
2021-12-12,06 - Montréal,5.29
2021-12-13,06 - Montréal,7.08
2021-12-14,06 - Montréal,7.9
2021-12-15,06 - Montréal,8.91
2021-12-16,06 - Montréal,9.92
2021-12-17,06 - Montréal,9.79
2021-12-18,06 - Montréal,12.32
2021-12-19,06 - Montréal,13.13
2021-12-20,06 - Montréal,16.3
2021-12-21,06 - Montréal,18.69
2021-12-22,06 - Montréal,20.38
2021-12-23,06 - Montréal,21.26
2021-12-24,06 - Montréal,22.42
2021-12-25,06 - Montréal,25.26
2021-12-26,06 - Montréal,27.1
2021-12-27,06 - Montréal,29.51
2021-12-28,06 - Montréal,30.92
2021-12-29,06 - Montréal,30.44
2021-12-30,06 - Montréal,29.16
2021-12-31,06 - Montréal,30.94
2022-01-01,06 - Montréal,31.41
2022-01-02,06 - Montréal,31.65
2022-01-03,06 - Montréal,29.25
2022-01-04,06 - Montréal,33.12
2022-01-05,06 - Montréal,29.13
2022-01-06,06 - Montréal,29.28
2022-01-07,06 - Montréal,28.7
2022-01-08,06 - Montréal,24.9
2022-01-09,06 - Montréal,27.85
2022-01-10,06 - Montréal,26.75
2022-01-11,06 - Montréal,20.19
2022-01-12,06 - Montréal,20.03
2022-01-13,06 - Montréal,15.71
2022-01-14,06 - Montréal,14.67
2022-01-15,06 - Montréal,13.09
2022-01-16,06 - Montréal,15.06
2022-01-17,06 - Montréal,12.72
2022-01-18,06 - Montréal,13.08
2022-01-19,06 - Montréal,11.44
2022-01-20,06 - Montréal,11.74
2022-01-21,06 - Montréal,11.6
2022-01-22,06 - Montréal,9.88
2022-01-23,06 - Montréal,11.88
2022-01-24,06 - Montréal,10.33
2022-01-25,06 - Montréal,10.48
2022-01-26,06 - Montréal,10.36
2022-01-27,06 - Montréal,9.81
2022-01-28,06 - Montréal,9.58
2022-01-29,06 - Montréal,9.79
2022-01-30,06 - Montréal,9.38
2022-01-31,06 - Montréal,9.08
2022-02-01,06 - Montréal,10.04
2022-02-02,06 - Montréal,10.33
2022-02-03,06 - Montréal,9.38
2022-02-04,06 - Montréal,8.31
2022-02-05,06 - Montréal,9.08
2022-02-06,06 - Montréal,9.54
2022-02-07,06 - Montréal,9.44
2022-02-08,06 - Montréal,8.59
2022-02-09,06 - Montréal,7.85
2022-02-10,06 - Montréal,8.52
2022-02-11,06 - Montréal,7.68
2022-02-12,06 - Montréal,6.82
2022-02-13,06 - Montréal,7.57
2022-02-14,06 - Montréal,6.44
2022-02-15,06 - Montréal,6.18
2022-02-16,06 - Montréal,6.09
2022-02-17,06 - Montréal,6.49
2022-02-18,06 - Montréal,5.47
2022-02-19,06 - Montréal,5.54
2022-02-20,06 - Montréal,4.52
2022-02-21,06 - Montréal,5.66
2022-02-22,06 - Montréal,4.8
2022-02-23,06 - Montréal,5.79
2022-02-24,06 - Montréal,4.98
2022-02-25,06 - Montréal,4.2
2022-02-26,06 - Montréal,4.59
2022-02-27,06 - Montréal,3.88
2022-02-28,06 - Montréal,4.86
2022-03-01,06 - Montréal,5.3
2022-03-02,06 - Montréal,5.14
2022-03-03,06 - Montréal,5.47
2022-03-04,06 - Montréal,5.72
2022-03-05,06 - Montréal,5.33
2022-03-06,06 - Montréal,5.55
2022-03-07,06 - Montréal,5.96
2022-03-08,06 - Montréal,5.33
2022-03-09,06 - Montréal,5.61
2022-03-10,06 - Montréal,5.99
2022-03-11,06 - Montréal,6.6
2022-03-12,06 - Montréal,4.94
2022-03-13,06 - Montréal,4.09
2022-03-14,06 - Montréal,6.66
2022-03-15,06 - Montréal,6.63
2022-03-16,06 - Montréal,7.83
2022-03-17,06 - Montréal,7.38
2022-03-18,06 - Montréal,7.29
2022-03-19,06 - Montréal,6.94
2022-03-20,06 - Montréal,8.3
2022-03-21,06 - Montréal,9.16
2022-03-22,06 - Montréal,12.61
2022-03-23,06 - Montréal,13.19
2022-03-24,06 - Montréal,13.54
2022-03-25,06 - Montréal,13.35
2022-03-26,06 - Montréal,12.11
2022-03-27,06 - Montréal,12.56
2022-03-28,06 - Montréal,15.06
2022-03-29,06 - Montréal,14.69
2022-03-30,06 - Montréal,16.68
2022-03-31,06 - Montréal,14.96
2022-04-01,06 - Montréal,16.28
2022-04-02,06 - Montréal,15.73
2022-04-03,06 - Montréal,16.09
2022-04-04,06 - Montréal,16.5
2022-04-05,06 - Montréal,16.55
2022-04-06,06 - Montréal,15.46
2022-04-07,06 - Montréal,14.65
2022-04-08,06 - Montréal,13.77
2022-04-09,06 - Montréal,14.22
2022-04-10,06 - Montréal,14.08
2022-04-11,06 - Montréal,13.72
2022-04-12,06 - Montréal,14.98
2022-04-13,06 - Montréal,14.48
2022-04-14,06 - Montréal,12.71
2022-04-15,06 - Montréal,13.18
2022-04-16,06 - Montréal,12.27
2022-04-17,06 - Montréal,11.08
2022-04-18,06 - Montréal,12.22
2022-04-19,06 - Montréal,12.91
2022-04-20,06 - Montréal,12.62
2022-04-21,06 - Montréal,11.23
2022-04-22,06 - Montréal,12.97
2022-04-23,06 - Montréal,10.7
2022-04-24,06 - Montréal,10.58
2022-04-25,06 - Montréal,10.24
2022-04-26,06 - Montréal,10.18
2022-04-27,06 - Montréal,10.4
2022-04-28,06 - Montréal,10.37
2022-04-29,06 - Montréal,9.64
2022-04-30,06 - Montréal,8.08
2022-05-01,06 - Montréal,8.28
2022-05-02,06 - Montréal,10.48
2022-05-03,06 - Montréal,8.64
2022-05-04,06 - Montréal,7.09
2022-05-05,06 - Montréal,8.39
2022-05-06,06 - Montréal,7.11
2022-05-07,06 - Montréal,7
2022-05-08,06 - Montréal,6.75
2022-05-09,06 - Montréal,7.09
2022-05-10,06 - Montréal,7.31
2022-05-11,06 - Montréal,7.25
2022-05-12,06 - Montréal,5.96
2022-05-13,06 - Montréal,6.62
2022-05-14,06 - Montréal,6.66
2022-05-15,06 - Montréal,6.57
2022-05-16,06 - Montréal,5.82
2022-05-17,06 - Montréal,4.48
2022-05-18,06 - Montréal,4.45
2022-05-19,06 - Montréal,4.3
2022-05-20,06 - Montréal,5.77
2022-05-21,06 - Montréal,4.91
2022-05-22,06 - Montréal,5.01
2022-05-23,06 - Montréal,4.79
2022-05-24,06 - Montréal,5.31
2022-05-25,06 - Montréal,5.42
2022-05-26,06 - Montréal,5.22
2022-05-27,06 - Montréal,4.66
2022-05-28,06 - Montréal,5.5
2022-05-29,06 - Montréal,4.91
2022-05-30,06 - Montréal,6.03
2022-05-31,06 - Montréal,6.03
2022-06-01,06 - Montréal,7.61
2022-06-02,06 - Montréal,5.24
2022-06-03,06 - Montréal,5.9
2022-06-04,06 - Montréal,5.75
2022-06-05,06 - Montréal,4.21
2022-06-06,06 - Montréal,6.95
2022-06-07,06 - Montréal,6.48
2022-06-08,06 - Montréal,7.5
2022-06-09,06 - Montréal,7.8
2022-06-10,06 - Montréal,6.73
2022-06-11,06 - Montréal,7.5
2022-06-12,06 - Montréal,6.58
2022-06-13,06 - Montréal,7.39
2022-06-14,06 - Montréal,7.31
2022-06-15,06 - Montréal,8.76
2022-06-16,06 - Montréal,8.51
2022-06-17,06 - Montréal,10.72
2022-06-18,06 - Montréal,8.38
2022-06-19,06 - Montréal,9.05
2022-06-20,06 - Montréal,10.06
2022-06-21,06 - Montréal,10.97
2022-06-22,06 - Montréal,13.89
2022-06-23,06 - Montréal,11.77
2022-06-24,06 - Montréal,13.79
2022-06-25,06 - Montréal,12.3
2022-06-26,06 - Montréal,12.17
2022-06-27,06 - Montréal,12.94
2022-06-28,06 - Montréal,13.58
2022-06-29,06 - Montréal,15.2
2022-06-30,06 - Montréal,16.32
2022-07-01,06 - Montréal,14.17
2022-07-02,06 - Montréal,13.79
2022-07-03,06 - Montréal,12.96
2022-07-04,06 - Montréal,19.83
2022-07-05,06 - Montréal,13.38
2022-07-06,06 - Montréal,14.78
2022-07-07,06 - Montréal,13.47
2022-07-08,06 - Montréal,14.08
2022-07-09,06 - Montréal,13.8
2022-07-10,06 - Montréal,13.13
2022-07-11,06 - Montréal,15.32
2022-07-12,06 - Montréal,14.43
2022-07-13,06 - Montréal,15.86
2022-07-14,06 - Montréal,13.19
2022-07-15,06 - Montréal,14.65
2022-07-16,06 - Montréal,12.78
2022-07-17,06 - Montréal,12.06
2022-07-18,06 - Montréal,14.66
2022-07-19,06 - Montréal,14.07
2022-07-20,06 - Montréal,12.42
2022-07-21,06 - Montréal,13.1
2022-07-22,06 - Montréal,9.98
2022-07-23,06 - Montréal,9.83
2022-07-24,06 - Montréal,11.74
2022-07-25,06 - Montréal,10.2
2022-07-26,06 - Montréal,10.8
2022-07-27,06 - Montréal,9.79
2022-07-28,06 - Montréal,9.94
2022-07-29,06 - Montréal,9.86
2022-07-30,06 - Montréal,8.98
2022-07-31,06 - Montréal,9.31
2022-08-01,06 - Montréal,9.84
2022-08-02,06 - Montréal,9.73
2022-08-03,06 - Montréal,8.9
2022-08-04,06 - Montréal,6.88
2022-08-05,06 - Montréal,8.91
2022-08-06,06 - Montréal,8.65
2022-08-07,06 - Montréal,8.38
2022-08-08,06 - Montréal,7.81
2022-08-09,06 - Montréal,8.13
2022-08-10,06 - Montréal,8.38
2022-08-11,06 - Montréal,8.71
2022-08-12,06 - Montréal,7.07
2022-08-13,06 - Montréal,7
2022-08-14,06 - Montréal,6.08
2022-08-15,06 - Montréal,7.52
2022-08-16,06 - Montréal,8.75
2022-08-17,06 - Montréal,7.43
2022-08-18,06 - Montréal,7.27
2022-08-19,06 - Montréal,7.07
2022-08-20,06 - Montréal,5.52
2022-08-21,06 - Montréal,6.94
2022-08-22,06 - Montréal,5.99
2022-08-23,06 - Montréal,7.03
2022-08-24,06 - Montréal,5.73
2022-08-25,06 - Montréal,5.38
2022-08-26,06 - Montréal,6.85
2022-08-27,06 - Montréal,5.99
2022-08-28,06 - Montréal,4.2
2022-08-29,06 - Montréal,5.27
2022-08-30,06 - Montréal,7.55
2022-08-31,06 - Montréal,7.16
2022-09-01,06 - Montréal,5.84
2022-09-02,06 - Montréal,6.78
2022-09-03,06 - Montréal,5.99
2022-09-04,06 - Montréal,4.2
2022-09-05,06 - Montréal,4.91
2022-09-06,06 - Montréal,7.45
2022-09-07,06 - Montréal,5.96
2022-09-08,06 - Montréal,6.48
2022-09-09,06 - Montréal,5.83
2022-09-10,06 - Montréal,4.78
2022-09-11,06 - Montréal,4.96
2022-09-12,06 - Montréal,5.01
2022-09-13,06 - Montréal,5.74
2022-09-14,06 - Montréal,5.5
2022-09-15,06 - Montréal,5.67
2022-09-16,06 - Montréal,6.1
2022-09-17,06 - Montréal,4.5
2022-09-18,06 - Montréal,4.38
2022-09-19,06 - Montréal,7
2022-09-20,06 - Montréal,6.56
2022-09-21,06 - Montréal,5.75
2022-09-22,06 - Montréal,6.21
2022-09-23,06 - Montréal,6.59
2022-09-24,06 - Montréal,6.04
2022-09-25,06 - Montréal,4.54
2022-09-26,06 - Montréal,6.6
2022-09-27,06 - Montréal,7.22
2022-09-28,06 - Montréal,6.98
2022-09-29,06 - Montréal,6.99
2022-09-30,06 - Montréal,7.97
2022-10-01,06 - Montréal,7.2
2022-10-02,06 - Montréal,6.94
2022-10-03,06 - Montréal,8.13
2022-10-04,06 - Montréal,10.32
2022-10-05,06 - Montréal,8.43
2022-10-06,06 - Montréal,9.7
2022-10-07,06 - Montréal,11.21
2022-10-08,06 - Montréal,9.87
2022-10-09,06 - Montréal,10.37
2022-10-10,06 - Montréal,7.91
2022-10-11,06 - Montréal,9.18
2022-10-12,06 - Montréal,10.29
2022-10-13,06 - Montréal,9.01
2022-10-14,06 - Montréal,10.65
2022-10-15,06 - Montréal,8.11
2022-10-16,06 - Montréal,8.7
2022-10-17,06 - Montréal,8.22
2022-10-18,06 - Montréal,8.73
2022-10-19,06 - Montréal,8.17
2022-10-20,06 - Montréal,7.22
2022-10-21,06 - Montréal,8.43
2022-10-22,06 - Montréal,6.9
2022-10-23,06 - Montréal,7.24
2022-10-24,06 - Montréal,9.36
2022-10-25,06 - Montréal,8.98
2022-10-26,06 - Montréal,10.21
2022-10-27,06 - Montréal,10.15
2022-10-28,06 - Montréal,7.3
2022-10-29,06 - Montréal,8.79
2022-10-30,06 - Montréal,5.74
2022-10-31,06 - Montréal,8.51
2022-11-01,06 - Montréal,8.47
2022-11-02,06 - Montréal,7.67
2022-11-03,06 - Montréal,8.8
2022-11-04,06 - Montréal,9.18
2022-11-05,06 - Montréal,8.54
2022-11-06,06 - Montréal,9.25
2022-11-07,06 - Montréal,9.55
2022-11-08,06 - Montréal,9.22
2022-11-09,06 - Montréal,10.06
2022-11-10,06 - Montréal,8.4
2022-11-11,06 - Montréal,10.19
2022-11-12,06 - Montréal,8.85
2022-11-13,06 - Montréal,7.92
2022-11-14,06 - Montréal,8.65
2022-11-15,06 - Montréal,10.08
2022-11-16,06 - Montréal,10.54
2022-11-17,06 - Montréal,10.08
2022-11-18,06 - Montréal,10.73
2022-11-19,06 - Montréal,8.79
2022-11-20,06 - Montréal,8.68
2022-11-21,06 - Montréal,9.36
2022-11-22,06 - Montréal,10.91
2022-11-23,06 - Montréal,10.45
2022-11-24,06 - Montréal,11.54
2022-11-25,06 - Montréal,10.4
2022-11-26,06 - Montréal,9.72
2022-11-27,06 - Montréal,10.06
2022-11-28,06 - Montréal,11.02
2022-11-29,06 - Montréal,11.47
2022-11-30,06 - Montréal,12.19
2022-12-01,06 - Montréal,11.4
2022-12-02,06 - Montréal,12.02
2022-12-03,06 - Montréal,11.32
2022-12-04,06 - Montréal,8.84
2022-12-05,06 - Montréal,9.75
2022-12-06,06 - Montréal,12.11
2022-12-07,06 - Montréal,10.94
2022-12-08,06 - Montréal,10.38
2022-12-09,06 - Montréal,11.13
2022-12-10,06 - Montréal,10.69
2022-12-11,06 - Montréal,9.5
2022-12-12,06 - Montréal,9.75
2022-12-13,06 - Montréal,10.63
2022-12-14,06 - Montréal,10.85
2022-12-15,06 - Montréal,11.65
2022-12-16,06 - Montréal,13.18
2022-12-17,06 - Montréal,13.76
2022-12-18,06 - Montréal,12.37
2022-12-19,06 - Montréal,10.21
2022-12-20,06 - Montréal,11.99
2022-12-21,06 - Montréal,12.99
2022-12-22,06 - Montréal,12.12
2022-12-23,06 - Montréal,13.08
2022-12-24,06 - Montréal,10.77
2022-12-25,06 - Montréal,7.92
2022-12-26,06 - Montréal,10.93
2022-12-27,06 - Montréal,9.72
2022-12-28,06 - Montréal,12.12
2022-12-29,06 - Montréal,13.52
2022-12-30,06 - Montréal,11.75
2022-12-31,06 - Montréal,11.11
2023-01-01,06 - Montréal,7.22
2023-01-02,06 - Montréal,8.63
2023-01-03,06 - Montréal,9.72
2023-01-04,06 - Montréal,11.27
2023-01-05,06 - Montréal,11.84
2023-01-06,06 - Montréal,10.34
2023-01-07,06 - Montréal,7.84
2023-01-08,06 - Montréal,9.69
2023-01-09,06 - Montréal,7.47
2023-01-10,06 - Montréal,8.53
2023-01-11,06 - Montréal,8.42
2023-01-12,06 - Montréal,8.95
2023-01-13,06 - Montréal,8.31
2023-01-14,06 - Montréal,8.5
2023-01-15,06 - Montréal,6.66
2023-01-16,06 - Montréal,8.06
2023-01-17,06 - Montréal,8.43
2023-01-18,06 - Montréal,7
2023-01-19,06 - Montréal,8.56
2023-01-20,06 - Montréal,6.59
2023-01-21,06 - Montréal,4.94
2023-01-22,06 - Montréal,5.25
2023-01-23,06 - Montréal,7.3
2023-01-24,06 - Montréal,6.59
2023-01-25,06 - Montréal,6.79
2023-01-26,06 - Montréal,7.34
2023-01-27,06 - Montréal,5.94
2023-01-28,06 - Montréal,6.62
2023-01-29,06 - Montréal,6.59
2023-01-30,06 - Montréal,6.35
2023-01-31,06 - Montréal,8.78
2023-02-01,06 - Montréal,7.61
2023-02-02,06 - Montréal,8.13
2023-02-03,06 - Montréal,7.28
2023-02-04,06 - Montréal,5.45
2023-02-05,06 - Montréal,6.29
2023-02-06,06 - Montréal,7.14
2023-02-07,06 - Montréal,7.89
2023-02-08,06 - Montréal,8.32
2023-02-09,06 - Montréal,8.95
2023-02-10,06 - Montréal,8.53
2023-02-11,06 - Montréal,9.01
2023-02-12,06 - Montréal,6.75
2023-02-13,06 - Montréal,7.62
2023-02-14,06 - Montréal,9.12
2023-02-15,06 - Montréal,7.78
2023-02-16,06 - Montréal,8.56
2023-02-17,06 - Montréal,8.2
2023-02-18,06 - Montréal,7.1
2023-02-19,06 - Montréal,6.71
2023-02-20,06 - Montréal,7.21
2023-02-21,06 - Montréal,6.9
2023-02-22,06 - Montréal,5.71
2023-02-23,06 - Montréal,8.41
2023-02-24,06 - Montréal,8.43
2023-02-25,06 - Montréal,7.74
2023-02-26,06 - Montréal,5.66
2023-02-27,06 - Montréal,7.68
2023-02-28,06 - Montréal,7.29
2023-03-01,06 - Montréal,8.12
2023-03-02,06 - Montréal,6.54
2023-03-03,06 - Montréal,6.55
2023-03-04,06 - Montréal,4.77
2023-03-05,06 - Montréal,6.9
2023-03-06,06 - Montréal,6.4
2023-03-07,06 - Montréal,6.85
2023-03-08,06 - Montréal,6.44
2023-03-09,06 - Montréal,7.06
2023-03-10,06 - Montréal,7.44
2023-03-11,06 - Montréal,6.61
2023-03-12,06 - Montréal,5.62
2023-03-13,06 - Montréal,6.98
2023-03-14,06 - Montréal,6.56
2023-03-15,06 - Montréal,6.98
2023-03-16,06 - Montréal,7.7
2023-03-17,06 - Montréal,8.74
2023-03-18,06 - Montréal,7.55
2023-03-19,06 - Montréal,5.91
2023-03-20,06 - Montréal,7.73
2023-03-21,06 - Montréal,6.18
2023-03-22,06 - Montréal,6.54
2023-03-23,06 - Montréal,6.61
2023-03-24,06 - Montréal,7.33
2023-03-25,06 - Montréal,7.59
2023-03-26,06 - Montréal,4.15
2023-03-27,06 - Montréal,7.95
2023-03-28,06 - Montréal,6.33
2023-03-29,06 - Montréal,7.4
2023-03-30,06 - Montréal,6
2023-03-31,06 - Montréal,6.56
2023-04-01,06 - Montréal,6.32
2023-04-02,06 - Montréal,5.57
2023-04-03,06 - Montréal,6.75
2023-04-04,06 - Montréal,7.99
2023-04-05,06 - Montréal,6.86
2023-04-06,06 - Montréal,9.97
2023-04-07,06 - Montréal,8.22
2023-04-08,06 - Montréal,6.32
2023-04-09,06 - Montréal,5.93
2023-04-10,06 - Montréal,7.05
2023-04-11,06 - Montréal,7.77
2023-04-12,06 - Montréal,7.88
2023-04-13,06 - Montréal,7.93
2023-04-14,06 - Montréal,6.12
2023-04-15,06 - Montréal,5.12
2023-04-16,06 - Montréal,6.92
2023-04-17,06 - Montréal,8.33
2023-04-18,06 - Montréal,6.82
2023-04-19,06 - Montréal,6.85
2023-04-20,06 - Montréal,6.18
2023-04-21,06 - Montréal,5.27
2023-04-22,06 - Montréal,5.68
2023-04-23,06 - Montréal,4.74
2023-04-24,06 - Montréal,5.65
2023-04-25,06 - Montréal,6.5
2023-04-26,06 - Montréal,4.51
2023-04-27,06 - Montréal,5.88
2023-04-28,06 - Montréal,4.53
2023-04-29,06 - Montréal,7.06
2023-04-30,06 - Montréal,5.99
2023-05-01,06 - Montréal,9.17
2023-05-02,06 - Montréal,9.01
2023-05-03,06 - Montréal,6.3
2023-05-04,06 - Montréal,5.48
2023-05-05,06 - Montréal,6.05
2023-05-06,06 - Montréal,6.76
2023-05-07,06 - Montréal,3.97
2023-05-08,06 - Montréal,6
2023-05-09,06 - Montréal,6.38
2023-05-10,06 - Montréal,5.83
2023-05-11,06 - Montréal,6.62
2023-05-12,06 - Montréal,7.81
2023-05-13,06 - Montréal,4.03
2023-05-14,06 - Montréal,4.64
2023-05-15,06 - Montréal,6.97
2023-05-16,06 - Montréal,7.06
2023-05-17,06 - Montréal,6.22
2023-05-18,06 - Montréal,4.52
2023-05-19,06 - Montréal,6.27
2023-05-20,06 - Montréal,5.44
2023-05-21,06 - Montréal,4.72
2023-05-22,06 - Montréal,5.19
2023-05-23,06 - Montréal,6.61
2023-05-24,06 - Montréal,6.39
2023-05-25,06 - Montréal,6.59
2023-05-26,06 - Montréal,6.59
2023-05-27,06 - Montréal,4.21
2023-05-28,06 - Montréal,5.54
2023-05-29,06 - Montréal,6.8
2023-05-30,06 - Montréal,7.08
2023-05-31,06 - Montréal,7.22
2023-06-01,06 - Montréal,5.85
2023-06-02,06 - Montréal,7
2023-06-03,06 - Montréal,5.29
2023-06-04,06 - Montréal,3.49
2023-06-05,06 - Montréal,4.35
2023-06-06,06 - Montréal,4.45
2023-06-07,06 - Montréal,4.2
2023-06-08,06 - Montréal,4.99
2023-06-09,06 - Montréal,5.56
2023-06-10,06 - Montréal,3.89
2023-06-11,06 - Montréal,2.78
2023-06-12,06 - Montréal,6.11
2023-06-13,06 - Montréal,3.97
2023-06-14,06 - Montréal,6.01
2023-06-15,06 - Montréal,6.03
2023-06-16,06 - Montréal,3.55
2023-06-17,06 - Montréal,3.42
2023-06-18,06 - Montréal,3.45
2023-06-19,06 - Montréal,3.95
2023-06-20,06 - Montréal,3.86
2023-06-21,06 - Montréal,5.61
2023-06-22,06 - Montréal,5.07
2023-06-23,06 - Montréal,4.12
2023-06-24,06 - Montréal,3.82
2023-06-25,06 - Montréal,3.96
2023-06-26,06 - Montréal,3.97
2023-06-27,06 - Montréal,5.35
2023-06-28,06 - Montréal,4.68
2023-06-29,06 - Montréal,2.53
2023-06-30,06 - Montréal,4.33
2023-07-01,06 - Montréal,3.42
2023-07-02,06 - Montréal,3.61
2023-07-03,06 - Montréal,3.36
2023-07-04,06 - Montréal,3.17
2023-07-05,06 - Montréal,4
2023-07-06,06 - Montréal,3.64
2023-07-07,06 - Montréal,3.26
2023-07-08,06 - Montréal,3.5
2023-07-09,06 - Montréal,2.38
2023-07-10,06 - Montréal,4.83
2023-07-11,06 - Montréal,3.6
2023-07-12,06 - Montréal,3.42
2023-07-13,06 - Montréal,4.25
2023-07-14,06 - Montréal,2.46
2023-07-15,06 - Montréal,3.65
2023-07-16,06 - Montréal,3.94
2023-07-17,06 - Montréal,4.55
2023-07-18,06 - Montréal,4.63
2023-07-19,06 - Montréal,3.43
2023-07-20,06 - Montréal,3.55
2023-07-21,06 - Montréal,3.93
2023-07-22,06 - Montréal,5.72
2023-07-23,06 - Montréal,2.49
2023-07-24,06 - Montréal,4.28
2023-07-25,06 - Montréal,6.34
2023-07-26,06 - Montréal,5.83
2023-07-27,06 - Montréal,2.88
2023-07-28,06 - Montréal,3.36
2023-07-29,06 - Montréal,4.05
2023-07-30,06 - Montréal,2.59
2023-07-31,06 - Montréal,6.15
2023-08-01,06 - Montréal,5.21
2023-08-02,06 - Montréal,7.51
2023-08-03,06 - Montréal,6.78
2023-08-04,06 - Montréal,6.94
2023-08-05,06 - Montréal,5.61
2023-08-06,06 - Montréal,4.12
2023-08-07,06 - Montréal,6.9
2023-08-08,06 - Montréal,8.05
2023-08-09,06 - Montréal,7.6
2023-08-10,06 - Montréal,8.18
2023-08-11,06 - Montréal,8.24
2023-08-12,06 - Montréal,8.89
2023-08-13,06 - Montréal,6.34
2023-08-14,06 - Montréal,11.02
2023-08-15,06 - Montréal,9.82
2023-08-16,06 - Montréal,10.36
2023-08-17,06 - Montréal,9.64
2023-08-18,06 - Montréal,13.69
2023-08-19,06 - Montréal,8.7
2023-08-20,06 - Montréal,7.99
2023-08-21,06 - Montréal,10.75
2023-08-22,06 - Montréal,12.68
2023-08-23,06 - Montréal,10.57
2023-08-24,06 - Montréal,10.21
2023-08-25,06 - Montréal,13.46
2023-08-26,06 - Montréal,12.15
2023-08-27,06 - Montréal,10.5
2023-08-28,06 - Montréal,11.57
2023-08-29,06 - Montréal,14.86
2023-08-30,06 - Montréal,9.94
2023-08-31,06 - Montréal,14.29
2023-09-01,06 - Montréal,16.72
2023-09-02,06 - Montréal,16.46
2023-09-03,06 - Montréal,11.16
2023-09-04,06 - Montréal,10.37
2023-09-05,06 - Montréal,13.63
2023-09-06,06 - Montréal,15.78
2023-09-07,06 - Montréal,15.34
2023-09-08,06 - Montréal,12.2
2023-09-09,06 - Montréal,13.98
2023-09-10,06 - Montréal,13.47
2023-09-11,06 - Montréal,14.14
2023-09-12,06 - Montréal,13.7
2023-09-13,06 - Montréal,18.45
2023-09-14,06 - Montréal,11.76
2023-09-15,06 - Montréal,12.32
2023-09-16,06 - Montréal,10.77
2023-09-17,06 - Montréal,12.21
2023-09-18,06 - Montréal,13.91
2023-09-19,06 - Montréal,15.64
2023-09-20,06 - Montréal,10.51
2023-09-21,06 - Montréal,14.76
2023-09-22,06 - Montréal,14.82
2023-09-23,06 - Montréal,16.7
2023-09-24,06 - Montréal,13.69
2023-09-25,06 - Montréal,15.48
2023-09-26,06 - Montréal,16.07
2023-09-27,06 - Montréal,15.55
2023-09-28,06 - Montréal,17.21
2023-09-29,06 - Montréal,18.31
2023-09-30,06 - Montréal,17.53
2023-10-01,06 - Montréal,16.83
2023-10-02,06 - Montréal,19.42
2023-10-03,06 - Montréal,19.15
2023-10-04,06 - Montréal,18.98
2023-10-05,06 - Montréal,16.63
2023-10-06,06 - Montréal,15.34
2023-10-07,06 - Montréal,13.62
2023-10-08,06 - Montréal,13.57
2023-10-09,06 - Montréal,15.08
2023-10-10,06 - Montréal,14.54
2023-10-11,06 - Montréal,12.94
2023-10-12,06 - Montréal,11.83
2023-10-13,06 - Montréal,11.4
2023-10-14,06 - Montréal,12.97
2023-10-15,06 - Montréal,10.35
2023-10-16,06 - Montréal,14.14
2023-10-17,06 - Montréal,14.45
2023-10-18,06 - Montréal,14.38
2023-10-19,06 - Montréal,11.75
2023-10-20,06 - Montréal,14.93
2023-10-21,06 - Montréal,13.02
2023-10-22,06 - Montréal,11.92
2023-10-23,06 - Montréal,15.52
2023-10-24,06 - Montréal,15.01
2023-10-25,06 - Montréal,13.23
2023-10-26,06 - Montréal,12.37
2023-10-27,06 - Montréal,13.71
2023-10-28,06 - Montréal,12.17
2023-10-29,06 - Montréal,8.32
2023-10-30,06 - Montréal,10.02
2023-10-31,06 - Montréal,10.87
2023-11-01,06 - Montréal,13.99
2023-11-02,06 - Montréal,13.84
2023-11-03,06 - Montréal,11.96
2023-11-04,06 - Montréal,9.33
2023-11-05,06 - Montréal,12.48
2023-11-06,06 - Montréal,13.24
2023-11-07,06 - Montréal,14.83
2023-11-08,06 - Montréal,14.35
2023-11-09,06 - Montréal,14.67
2023-11-10,06 - Montréal,15.04
2023-11-11,06 - Montréal,15.27
2023-11-12,06 - Montréal,14.45
2023-11-13,06 - Montréal,17.43
2023-11-14,06 - Montréal,17.9
2023-11-15,06 - Montréal,17.95
2023-11-16,06 - Montréal,21.25
2023-11-17,06 - Montréal,16.33
2023-11-18,06 - Montréal,15.57
2023-11-19,06 - Montréal,16.39
2023-11-20,06 - Montréal,18.56
2023-11-21,06 - Montréal,21.87
2023-11-22,06 - Montréal,21.91
2023-11-23,06 - Montréal,20.34
2023-11-24,06 - Montréal,20.11
2023-11-25,06 - Montréal,18.43
2023-11-26,06 - Montréal,21.27
2023-11-27,06 - Montréal,22.72
2023-11-28,06 - Montréal,21.42
2023-11-29,06 - Montréal,26.05
2023-11-30,06 - Montréal,22.47
2023-12-01,06 - Montréal,20.31
2023-12-02,06 - Montréal,17.54
2023-12-03,06 - Montréal,20.97
2023-12-04,06 - Montréal,21.53
2023-12-05,06 - Montréal,23.21
2023-12-06,06 - Montréal,22.37
2023-12-07,06 - Montréal,21.93
2023-12-08,06 - Montréal,18.36
2023-12-09,06 - Montréal,22.64
2023-12-10,06 - Montréal,19.38
2023-12-11,06 - Montréal,22.03
2023-12-12,06 - Montréal,25.68
2023-12-13,06 - Montréal,25.86
2023-12-14,06 - Montréal,22.76
2023-12-15,06 - Montréal,24.63
2023-12-16,06 - Montréal,24.44
2023-12-17,06 - Montréal,20.9
2023-12-18,06 - Montréal,22.38
2023-12-19,06 - Montréal,25.57
2023-12-20,06 - Montréal,22.15
2023-12-21,06 - Montréal,25.26
2023-12-22,06 - Montréal,20.02
2023-12-23,06 - Montréal,21.61
2023-12-24,06 - Montréal,15.45
2023-12-25,06 - Montréal,18.99
2023-12-26,06 - Montréal,16.73
2023-12-27,06 - Montréal,21.33
2023-12-28,06 - Montréal,20.44
2023-12-29,06 - Montréal,19.46
2023-12-30,06 - Montréal,16.64
2023-12-31,06 - Montréal,14.89
2024-01-01,06 - Montréal,14.77
2024-01-02,06 - Montréal,15.69
2024-01-03,06 - Montréal,17.89
2024-01-04,06 - Montréal,18.05
2024-01-05,06 - Montréal,15.75
2024-01-06,06 - Montréal,16.67
2024-01-07,06 - Montréal,15.36
2024-01-08,06 - Montréal,17.32
2024-01-09,06 - Montréal,16.24
2024-01-10,06 - Montréal,14.24
2024-01-11,06 - Montréal,12.08
2024-01-12,06 - Montréal,13.5
2024-01-13,06 - Montréal,8.03
2024-01-14,06 - Montréal,8.97
2024-01-15,06 - Montréal,10.53
2024-01-16,06 - Montréal,8.93
2024-01-17,06 - Montréal,12.27
2024-01-18,06 - Montréal,10.42
2024-01-19,06 - Montréal,9.25
2024-01-20,06 - Montréal,10.75
2024-01-21,06 - Montréal,10.69
2024-01-22,06 - Montréal,10.33
2024-01-23,06 - Montréal,6.88
2024-01-24,06 - Montréal,8.86
2024-01-25,06 - Montréal,8.19
2024-01-26,06 - Montréal,8.06
2024-01-27,06 - Montréal,6.56
2024-01-28,06 - Montréal,6.6
2024-01-29,06 - Montréal,8.83
2024-01-30,06 - Montréal,6.45
2024-01-31,06 - Montréal,8.56
2024-02-01,06 - Montréal,8.21
2024-02-02,06 - Montréal,5.83
2024-02-03,06 - Montréal,7.61
2024-02-04,06 - Montréal,8.65
2024-02-05,06 - Montréal,5.68
2024-02-06,06 - Montréal,7.12
2024-02-07,06 - Montréal,6.57
2024-02-08,06 - Montréal,9.36
2024-02-09,06 - Montréal,5.87
2024-02-10,06 - Montréal,3.41
2024-02-11,06 - Montréal,5.73
2024-02-12,06 - Montréal,5.83
2024-02-13,06 - Montréal,4.73
2024-02-14,06 - Montréal,5.48
2024-02-15,06 - Montréal,4.62
2024-02-16,06 - Montréal,6.11
2024-02-17,06 - Montréal,3.91
2024-02-18,06 - Montréal,4.45
2024-02-19,06 - Montréal,4.71
2024-02-20,06 - Montréal,4.04
2024-02-21,06 - Montréal,4.25
2024-02-22,06 - Montréal,3.15
2024-02-23,06 - Montréal,5.75
2024-02-24,06 - Montréal,4.44
2024-02-25,06 - Montréal,2.66
2024-02-26,06 - Montréal,3.48
2024-02-27,06 - Montréal,3.09
2024-02-28,06 - Montréal,3.08
2024-02-29,06 - Montréal,4.09
2024-03-01,06 - Montréal,3.07
2024-03-02,06 - Montréal,3.85
2024-03-03,06 - Montréal,1.4
2024-03-04,06 - Montréal,2.96
2024-03-05,06 - Montréal,3.38
2024-03-06,06 - Montréal,1.88
2024-03-07,06 - Montréal,2.65
2024-03-08,06 - Montréal,4.38
2024-03-09,06 - Montréal,2.82
2024-03-10,06 - Montréal,2.76
2024-03-11,06 - Montréal,2.61
2024-03-12,06 - Montréal,2.79
2024-03-13,06 - Montréal,2.74
2024-03-14,06 - Montréal,1.01
2024-03-15,06 - Montréal,1.99
2024-03-16,06 - Montréal,1.5
2024-03-17,06 - Montréal,2.93
2024-03-18,06 - Montréal,1.62
2024-03-19,06 - Montréal,2.79
2024-03-20,06 - Montréal,1.91
2024-03-21,06 - Montréal,1.39
2024-03-22,06 - Montréal,3.12
2024-03-23,06 - Montréal,0.86
2024-03-24,06 - Montréal,1.12
2024-03-25,06 - Montréal,2.85
2024-03-26,06 - Montréal,2.4
2024-03-27,06 - Montréal,2.99
2024-03-28,06 - Montréal,2.32
2024-03-29,06 - Montréal,2.2
2024-03-30,06 - Montréal,2.35
2024-03-31,06 - Montréal,2.35
2024-04-01,06 - Montréal,2.46
2024-04-02,06 - Montréal,3.21
