date,region,doses_1,doses_2,doses_3,doses_4
2020-12-14,06 - Montréal,148,0,0,0
2020-12-15,06 - Montréal,382,0,0,0
2020-12-16,06 - Montréal,319,0,0,0
2020-12-17,06 - Montréal,297,0,0,0
2020-12-18,06 - Montréal,145,0,0,0
2020-12-19,06 - Montréal,83,0,0,0
2020-12-20,06 - Montréal,79,0,0,0
2020-12-21,06 - Montréal,322,0,0,0
2020-12-22,06 - Montréal,584,0,0,0
2020-12-23,06 - Montréal,477,0,0,0
2020-12-24,06 - Montréal,181,0,0,0
2020-12-25,06 - Montréal,0,0,0,0
2020-12-26,06 - Montréal,221,0,0,0
2020-12-27,06 - Montréal,198,0,0,0
2020-12-28,06 - Montréal,591,0,0,0
2020-12-29,06 - Montréal,559,0,0,0
2020-12-30,06 - Montréal,566,0,0,0
2020-12-31,06 - Montréal,34,0,0,0
2021-01-01,06 - Montréal,6,0,0,0
2021-01-02,06 - Montréal,16,0,0,0
2021-01-03,06 - Montréal,13,0,0,0
2021-01-04,06 - Montréal,573,5,0,0
2021-01-05,06 - Montréal,1885,6,0,0
2021-01-06,06 - Montréal,2744,7,0,0
2021-01-07,06 - Montréal,4123,0,0,0
2021-01-08,06 - Montréal,3773,4,0,0
2021-01-09,06 - Montréal,2027,0,0,0
2021-01-10,06 - Montréal,1405,1,0,0
2021-01-11,06 - Montréal,1608,2,0,0
2021-01-12,06 - Montréal,1107,2,0,0
2021-01-13,06 - Montréal,1315,0,0,0
2021-01-14,06 - Montréal,1904,1,0,0
2021-01-15,06 - Montréal,1775,1,0,0
2021-01-16,06 - Montréal,1127,3,0,0
2021-01-17,06 - Montréal,944,1,0,0
2021-01-18,06 - Montréal,1082,7,0,0
2021-01-19,06 - Montréal,1321,1,0,0
2021-01-20,06 - Montréal,1581,1,0,0
2021-01-21,06 - Montréal,1953,5,0,0
2021-01-22,06 - Montréal,2198,4,0,0
2021-01-23,06 - Montréal,1255,4,0,0
2021-01-24,06 - Montréal,393,2,0,0
2021-01-25,06 - Montréal,623,4,0,0
2021-01-26,06 - Montréal,775,27,0,0
2021-01-27,06 - Montréal,703,11,0,0
2021-01-28,06 - Montréal,860,33,0,0
2021-01-29,06 - Montréal,209,19,0,0
2021-01-30,06 - Montréal,31,34,0,0
2021-01-31,06 - Montréal,9,16,0,0
2021-02-01,06 - Montréal,21,28,0,0
2021-02-02,06 - Montréal,75,63,0,0
2021-02-03,06 - Montréal,2222,49,0,0
2021-02-04,06 - Montréal,3410,22,0,0
2021-02-05,06 - Montréal,3469,36,0,0
2021-02-06,06 - Montréal,1491,14,0,0
2021-02-07,06 - Montréal,450,3,0,0
2021-02-08,06 - Montréal,1157,28,0,0
2021-02-09,06 - Montréal,537,19,0,0
2021-02-10,06 - Montréal,1159,27,0,0
2021-02-11,06 - Montréal,1814,28,0,0
2021-02-12,06 - Montréal,1851,23,0,0
2021-02-13,06 - Montréal,73,8,0,0
2021-02-14,06 - Montréal,52,6,0,0
2021-02-15,06 - Montréal,841,15,0,0
2021-02-16,06 - Montréal,169,27,0,0
2021-02-17,06 - Montréal,411,12,0,0
2021-02-18,06 - Montréal,2437,23,0,0
2021-02-19,06 - Montréal,3922,10,0,0
2021-02-20,06 - Montréal,2559,5,0,0
2021-02-21,06 - Montréal,1950,8,0,0
2021-02-22,06 - Montréal,2190,25,0,0
2021-02-23,06 - Montréal,1608,24,0,0
2021-02-24,06 - Montréal,1913,16,0,0
2021-02-25,06 - Montréal,3657,17,0,0
2021-02-26,06 - Montréal,4648,18,0,0
2021-02-27,06 - Montréal,3500,18,0,0
2021-02-28,06 - Montréal,2290,5,0,0
2021-03-01,06 - Montréal,11006,18,0,0
2021-03-02,06 - Montréal,10911,25,0,0
2021-03-03,06 - Montréal,11004,19,0,0
2021-03-04,06 - Montréal,11395,16,0,0
2021-03-05,06 - Montréal,10676,19,0,0
2021-03-06,06 - Montréal,9050,10,0,0
2021-03-07,06 - Montréal,8733,4,0,0
2021-03-08,06 - Montréal,9703,338,0,0
2021-03-09,06 - Montréal,10182,480,0,0
2021-03-10,06 - Montréal,8642,434,0,0
2021-03-11,06 - Montréal,9638,198,0,0
2021-03-12,06 - Montréal,10746,160,1,0
2021-03-13,06 - Montréal,9612,10,0,0
2021-03-14,06 - Montréal,9556,7,0,0
2021-03-15,06 - Montréal,9808,16,0,0
2021-03-16,06 - Montréal,9635,17,0,0
2021-03-17,06 - Montréal,7316,17,0,0
2021-03-18,06 - Montréal,6833,31,0,0
2021-03-19,06 - Montréal,6553,10,0,0
2021-03-20,06 - Montréal,4518,3,0,0
2021-03-21,06 - Montréal,4082,9,0,0
2021-03-22,06 - Montréal,11465,24,0,0
2021-03-23,06 - Montréal,14268,22,1,0
2021-03-24,06 - Montréal,14873,24,0,0
2021-03-25,06 - Montréal,13984,35,0,0
2021-03-26,06 - Montréal,12901,17,0,0
2021-03-27,06 - Montréal,9982,20,0,0
2021-03-28,06 - Montréal,8866,8,0,0
2021-03-29,06 - Montréal,10934,22,0,0
2021-03-30,06 - Montréal,11256,48,0,0
2021-03-31,06 - Montréal,10752,44,0,0
2021-04-01,06 - Montréal,9152,18,0,0
2021-04-02,06 - Montréal,7125,24,0,0
2021-04-03,06 - Montréal,5331,17,0,0
2021-04-04,06 - Montréal,3424,12,0,0
2021-04-05,06 - Montréal,3878,20,0,0
2021-04-06,06 - Montréal,4158,67,0,0
2021-04-07,06 - Montréal,6096,78,0,0
2021-04-08,06 - Montréal,10710,64,0,0
2021-04-09,06 - Montréal,11609,98,0,0
2021-04-10,06 - Montréal,6985,29,0,0
2021-04-11,06 - Montréal,6201,17,0,0
2021-04-12,06 - Montréal,10274,161,0,0
2021-04-13,06 - Montréal,11486,445,0,0
2021-04-14,06 - Montréal,11192,462,0,0
2021-04-15,06 - Montréal,10954,357,1,0
2021-04-16,06 - Montréal,11341,225,0,0
2021-04-17,06 - Montréal,8347,171,0,0
2021-04-18,06 - Montréal,6303,137,0,0
2021-04-19,06 - Montréal,8714,594,1,0
2021-04-20,06 - Montréal,9380,1457,1,0
2021-04-21,06 - Montréal,15052,1540,0,0
2021-04-22,06 - Montréal,12891,1092,2,0
2021-04-23,06 - Montréal,11477,763,0,0
2021-04-24,06 - Montréal,6927,311,0,0
2021-04-25,06 - Montréal,4994,68,0,0
2021-04-26,06 - Montréal,7001,1125,1,0
2021-04-27,06 - Montréal,6145,2128,2,0
2021-04-28,06 - Montréal,7053,2652,0,0
2021-04-29,06 - Montréal,7311,2919,0,0
2021-04-30,06 - Montréal,7413,3261,4,0
2021-05-01,06 - Montréal,6274,1588,2,0
2021-05-02,06 - Montréal,6439,1470,1,0
2021-05-03,06 - Montréal,8029,2481,1,0
2021-05-04,06 - Montréal,11997,2109,2,0
2021-05-05,06 - Montréal,13445,2163,2,0
2021-05-06,06 - Montréal,16746,2020,1,0
2021-05-07,06 - Montréal,14552,2156,1,0
2021-05-08,06 - Montréal,14657,685,0,0
2021-05-09,06 - Montréal,13533,525,0,0
2021-05-10,06 - Montréal,16273,1519,1,0
2021-05-11,06 - Montréal,16186,1816,0,0
2021-05-12,06 - Montréal,18785,2254,0,0
2021-05-13,06 - Montréal,19940,2697,0,0
2021-05-14,06 - Montréal,19738,2731,6,0
2021-05-15,06 - Montréal,18039,896,0,0
2021-05-16,06 - Montréal,16679,382,0,0
2021-05-17,06 - Montréal,17590,2616,1,0
2021-05-18,06 - Montréal,16328,2455,1,0
2021-05-19,06 - Montréal,17167,2854,0,0
2021-05-20,06 - Montréal,18096,2562,0,0
2021-05-21,06 - Montréal,16160,2885,0,0
2021-05-22,06 - Montréal,17019,800,0,0
2021-05-23,06 - Montréal,15728,703,0,0
2021-05-24,06 - Montréal,13710,1921,1,0
2021-05-25,06 - Montréal,14791,2901,3,0
2021-05-26,06 - Montréal,16313,4053,3,0
2021-05-27,06 - Montréal,17266,4178,2,0
2021-05-28,06 - Montréal,17057,3919,0,0
2021-05-29,06 - Montréal,17332,5369,0,0
2021-05-30,06 - Montréal,15536,3067,1,0
2021-05-31,06 - Montréal,16524,4188,4,0
2021-06-01,06 - Montréal,15257,3598,8,0
2021-06-02,06 - Montréal,16547,4196,3,0
2021-06-03,06 - Montréal,15969,4889,3,0
2021-06-04,06 - Montréal,16053,4928,2,0
2021-06-05,06 - Montréal,16301,3782,2,0
2021-06-06,06 - Montréal,12489,3837,1,0
2021-06-07,06 - Montréal,10473,6345,1,0
2021-06-08,06 - Montréal,9290,10555,3,1
2021-06-09,06 - Montréal,8293,17184,4,0
2021-06-10,06 - Montréal,8582,18296,2,0
2021-06-11,06 - Montréal,9181,20546,9,0
2021-06-12,06 - Montréal,8045,14268,5,0
2021-06-13,06 - Montréal,6164,14909,10,0
2021-06-14,06 - Montréal,7026,19959,10,0
2021-06-15,06 - Montréal,5251,19251,8,0
2021-06-16,06 - Montréal,3900,22044,7,1
2021-06-17,06 - Montréal,4531,20410,7,0
2021-06-18,06 - Montréal,4913,19539,7,0
2021-06-19,06 - Montréal,3432,12133,2,0
2021-06-20,06 - Montréal,2846,9166,1,1
2021-06-21,06 - Montréal,2859,17191,6,0
2021-06-22,06 - Montréal,2374,17961,11,0
2021-06-23,06 - Montréal,2697,21838,11,0
2021-06-24,06 - Montréal,1798,14991,3,0
2021-06-25,06 - Montréal,2806,20886,7,0
2021-06-26,06 - Montréal,2627,16565,6,0
2021-06-27,06 - Montréal,1974,14944,4,0
2021-06-28,06 - Montréal,2073,21094,10,0
2021-06-29,06 - Montréal,2374,23448,14,0
2021-06-30,06 - Montréal,2225,23064,18,0
2021-07-01,06 - Montréal,1640,17759,9,0
2021-07-02,06 - Montréal,2264,21494,7,0
2021-07-03,06 - Montréal,1944,16703,8,0
2021-07-04,06 - Montréal,1689,15259,21,1
2021-07-05,06 - Montréal,2089,20651,12,0
2021-07-06,06 - Montréal,2004,22021,15,0
2021-07-07,06 - Montréal,2213,22984,27,0
2021-07-08,06 - Montréal,1943,22047,21,0
2021-07-09,06 - Montréal,2246,24761,17,0
2021-07-10,06 - Montréal,2063,18573,7,0
2021-07-11,06 - Montréal,1722,15232,7,0
2021-07-12,06 - Montréal,2100,20466,12,0
2021-07-13,06 - Montréal,2009,20252,17,0
2021-07-14,06 - Montréal,1982,21196,20,0
2021-07-15,06 - Montréal,1990,19592,13,0
2021-07-16,06 - Montréal,2270,20738,21,0
2021-07-17,06 - Montréal,1786,16026,11,1
2021-07-18,06 - Montréal,1442,13353,9,0
2021-07-19,06 - Montréal,1778,17664,19,0
2021-07-20,06 - Montréal,1740,18806,11,0
2021-07-21,06 - Montréal,2001,19266,21,0
2021-07-22,06 - Montréal,2017,16550,22,0
2021-07-23,06 - Montréal,2072,18916,18,0
2021-07-24,06 - Montréal,1619,14953,23,0
2021-07-25,06 - Montréal,1469,11925,57,1
2021-07-26,06 - Montréal,1663,14407,89,0
2021-07-27,06 - Montréal,2000,14714,107,0
2021-07-28,06 - Montréal,1917,13740,82,2
2021-07-29,06 - Montréal,1596,11915,79,1
2021-07-30,06 - Montréal,1994,16162,91,0
2021-07-31,06 - Montréal,1711,13340,65,0
2021-08-01,06 - Montréal,1316,8456,62,1
2021-08-02,06 - Montréal,1659,10201,71,0
2021-08-03,06 - Montréal,1645,8514,65,2
2021-08-04,06 - Montréal,1510,8622,104,0
2021-08-05,06 - Montréal,1893,8148,98,1
2021-08-06,06 - Montréal,2458,10768,138,2
2021-08-07,06 - Montréal,1880,8583,80,1
2021-08-08,06 - Montréal,1232,4881,49,1
2021-08-09,06 - Montréal,1825,7792,98,0
2021-08-10,06 - Montréal,2029,6831,107,3
2021-08-11,06 - Montréal,2336,6370,94,3
2021-08-12,06 - Montréal,2489,6847,114,1
2021-08-13,06 - Montréal,2335,9406,139,1
2021-08-14,06 - Montréal,1999,8649,82,0
2021-08-15,06 - Montréal,1788,6887,60,1
2021-08-16,06 - Montréal,2054,8184,103,4
2021-08-17,06 - Montréal,2060,7332,97,2
2021-08-18,06 - Montréal,2003,7125,82,5
2021-08-19,06 - Montréal,2036,6450,80,5
2021-08-20,06 - Montréal,2301,8721,130,5
2021-08-21,06 - Montréal,1676,7342,81,4
2021-08-22,06 - Montréal,1206,5362,65,3
2021-08-23,06 - Montréal,1858,6303,93,10
2021-08-24,06 - Montréal,1776,5141,103,14
2021-08-25,06 - Montréal,2085,4874,132,13
2021-08-26,06 - Montréal,2438,4853,140,5
2021-08-27,06 - Montréal,2620,6254,158,5
2021-08-28,06 - Montréal,1934,5772,163,7
2021-08-29,06 - Montréal,1234,3373,97,6
2021-08-30,06 - Montréal,1899,4731,155,6
2021-08-31,06 - Montréal,2284,4486,237,7
2021-09-01,06 - Montréal,2488,4065,264,8
2021-09-02,06 - Montréal,2340,4210,341,5
2021-09-03,06 - Montréal,2590,5090,372,24
2021-09-04,06 - Montréal,2114,4545,294,12
2021-09-05,06 - Montréal,1616,3236,240,9
2021-09-06,06 - Montréal,1514,2769,199,9
2021-09-07,06 - Montréal,2118,3799,483,11
2021-09-08,06 - Montréal,2304,3667,457,28
2021-09-09,06 - Montréal,2072,3505,333,12
2021-09-10,06 - Montréal,2172,4266,468,9
2021-09-11,06 - Montréal,1606,3364,282,8
2021-09-12,06 - Montréal,1216,2442,162,4
2021-09-13,06 - Montréal,1916,3042,399,7
2021-09-14,06 - Montréal,1980,2916,412,17
2021-09-15,06 - Montréal,1841,2941,402,22
2021-09-16,06 - Montréal,1899,2841,374,5
2021-09-17,06 - Montréal,2293,3850,355,13
2021-09-18,06 - Montréal,1447,2885,204,14
2021-09-19,06 - Montréal,1014,1925,173,7
2021-09-20,06 - Montréal,1370,2495,278,8
2021-09-21,06 - Montréal,1323,2364,247,15
2021-09-22,06 - Montréal,1322,2295,263,13
2021-09-23,06 - Montréal,1172,2681,312,15
2021-09-24,06 - Montréal,1573,3327,348,25
2021-09-25,06 - Montréal,1078,2519,167,8
2021-09-26,06 - Montréal,753,1474,149,7
2021-09-27,06 - Montréal,1041,1891,198,15
2021-09-28,06 - Montréal,977,2096,261,13
2021-09-29,06 - Montréal,1117,2221,285,6
2021-09-30,06 - Montréal,1141,2564,370,16
2021-10-01,06 - Montréal,1290,2954,278,14
2021-10-02,06 - Montréal,896,2409,150,12
2021-10-03,06 - Montréal,683,1860,92,8
2021-10-04,06 - Montréal,884,1835,261,8
2021-10-05,06 - Montréal,906,2019,192,10
2021-10-06,06 - Montréal,1034,2224,211,9
2021-10-07,06 - Montréal,1088,2306,268,6
2021-10-08,06 - Montréal,1331,2944,318,8
2021-10-09,06 - Montréal,961,2206,151,6
2021-10-10,06 - Montréal,706,1445,103,4
2021-10-11,06 - Montréal,639,1431,121,5
2021-10-12,06 - Montréal,980,2159,392,13
2021-10-13,06 - Montréal,878,1859,273,5
2021-10-14,06 - Montréal,962,1840,240,11
2021-10-15,06 - Montréal,1115,2451,314,20
2021-10-16,06 - Montréal,854,1765,175,6
2021-10-17,06 - Montréal,637,1051,79,3
2021-10-18,06 - Montréal,828,1408,239,6
2021-10-19,06 - Montréal,722,1282,353,9
2021-10-20,06 - Montréal,859,1491,690,8
2021-10-21,06 - Montréal,792,1314,800,7
2021-10-22,06 - Montréal,1006,1900,800,7
2021-10-23,06 - Montréal,711,1415,137,6
2021-10-24,06 - Montréal,482,902,86,5
2021-10-25,06 - Montréal,677,1259,1622,6
2021-10-26,06 - Montréal,588,1139,1234,11
2021-10-27,06 - Montréal,741,1171,1956,15
2021-10-28,06 - Montréal,578,1262,1244,7
2021-10-29,06 - Montréal,727,1444,1402,9
2021-10-30,06 - Montréal,575,1206,443,17
2021-10-31,06 - Montréal,390,721,95,6
2021-11-01,06 - Montréal,563,1012,1759,10
2021-11-02,06 - Montréal,597,939,1645,6
2021-11-03,06 - Montréal,519,1028,1774,8
2021-11-04,06 - Montréal,484,1002,1681,7
2021-11-05,06 - Montréal,614,1353,1315,16
2021-11-06,06 - Montréal,696,1090,197,9
2021-11-07,06 - Montréal,424,744,316,2
2021-11-08,06 - Montréal,508,806,1710,6
2021-11-09,06 - Montréal,465,934,1414,3
2021-11-10,06 - Montréal,516,891,1665,11
2021-11-11,06 - Montréal,473,909,2056,10
2021-11-12,06 - Montréal,599,1166,1802,6
2021-11-13,06 - Montréal,502,936,494,5
2021-11-14,06 - Montréal,377,697,314,1
2021-11-15,06 - Montréal,486,786,1548,11
2021-11-16,06 - Montréal,447,734,1593,9
2021-11-17,06 - Montréal,537,884,1598,10
2021-11-18,06 - Montréal,427,728,1405,8
2021-11-19,06 - Montréal,583,1046,1145,18
2021-11-20,06 - Montréal,527,869,266,2
2021-11-21,06 - Montréal,378,557,234,1
2021-11-22,06 - Montréal,467,721,931,6
2021-11-23,06 - Montréal,424,624,1008,1
2021-11-24,06 - Montréal,1774,718,1134,5
2021-11-25,06 - Montréal,2296,601,1508,2
2021-11-26,06 - Montréal,4280,809,1296,3
2021-11-27,06 - Montréal,4277,689,529,10
2021-11-28,06 - Montréal,4132,524,523,3
2021-11-29,06 - Montréal,3555,612,1876,5
2021-11-30,06 - Montréal,3374,454,2085,5
2021-12-01,06 - Montréal,3667,465,1701,9
2021-12-02,06 - Montréal,3496,460,1822,5
2021-12-03,06 - Montréal,4474,668,1769,5
2021-12-04,06 - Montréal,3812,500,1328,4
2021-12-05,06 - Montréal,2641,392,1389,5
2021-12-06,06 - Montréal,3307,422,2452,2
2021-12-07,06 - Montréal,3097,411,2970,3
2021-12-08,06 - Montréal,3154,465,4185,3
2021-12-09,06 - Montréal,2941,527,5259,4
2021-12-10,06 - Montréal,3649,575,6042,8
2021-12-11,06 - Montréal,2262,416,4174,4
2021-12-12,06 - Montréal,1700,369,4478,11
2021-12-13,06 - Montréal,2464,474,7593,5
2021-12-14,06 - Montréal,2809,444,8518,11
2021-12-15,06 - Montréal,2048,501,9120,7
2021-12-16,06 - Montréal,2179,505,10169,8
2021-12-17,06 - Montréal,2325,531,12130,16
2021-12-18,06 - Montréal,1618,467,9139,11
2021-12-19,06 - Montréal,1094,486,9147,15
2021-12-20,06 - Montréal,1660,511,13804,23
2021-12-21,06 - Montréal,1103,565,16984,28
2021-12-22,06 - Montréal,1082,633,17775,36
2021-12-23,06 - Montréal,1033,525,15588,41
2021-12-24,06 - Montréal,516,240,6399,19
2021-12-25,06 - Montréal,5,2,23,1
2021-12-26,06 - Montréal,393,171,4605,6
2021-12-27,06 - Montréal,799,486,13671,28
2021-12-28,06 - Montréal,669,525,16458,36
2021-12-29,06 - Montréal,709,436,16539,51
2021-12-30,06 - Montréal,687,521,15089,48
2021-12-31,06 - Montréal,370,327,7504,27
2022-01-01,06 - Montréal,6,0,59,0
2022-01-02,06 - Montréal,308,367,4829,17
2022-01-03,06 - Montréal,648,584,12447,46
2022-01-04,06 - Montréal,637,451,15579,53
2022-01-05,06 - Montréal,581,522,16705,51
2022-01-06,06 - Montréal,597,520,17819,50
2022-01-07,06 - Montréal,685,583,17907,98
2022-01-08,06 - Montréal,755,632,13349,52
2022-01-09,06 - Montréal,513,429,13202,56
2022-01-10,06 - Montréal,562,582,18582,96
2022-01-11,06 - Montréal,620,566,19942,112
2022-01-12,06 - Montréal,860,653,20989,136
2022-01-13,06 - Montréal,922,745,20565,155
2022-01-14,06 - Montréal,1129,1029,20553,202
2022-01-15,06 - Montréal,1112,915,17302,97
2022-01-16,06 - Montréal,726,741,16634,66
2022-01-17,06 - Montréal,534,541,16894,110
2022-01-18,06 - Montréal,767,630,19779,313
2022-01-19,06 - Montréal,695,1421,18336,238
2022-01-20,06 - Montréal,748,1661,18450,184
2022-01-21,06 - Montréal,616,2711,17802,199
2022-01-22,06 - Montréal,720,3160,13890,160
2022-01-23,06 - Montréal,417,2844,11565,96
2022-01-24,06 - Montréal,598,2434,13461,178
2022-01-25,06 - Montréal,694,2259,12443,185
2022-01-26,06 - Montréal,625,2264,10888,180
2022-01-27,06 - Montréal,747,2315,10363,160
2022-01-28,06 - Montréal,926,3448,12977,183
2022-01-29,06 - Montréal,664,3002,10215,124
2022-01-30,06 - Montréal,351,2037,6887,73
2022-01-31,06 - Montréal,706,2078,7143,178
2022-02-01,06 - Montréal,589,2068,6042,101
2022-02-02,06 - Montréal,622,2301,6236,107
2022-02-03,06 - Montréal,644,2102,5547,104
2022-02-04,06 - Montréal,613,2436,6096,111
2022-02-05,06 - Montréal,452,1890,5282,64
2022-02-06,06 - Montréal,257,1266,3306,46
2022-02-07,06 - Montréal,466,1862,3914,79
2022-02-08,06 - Montréal,520,1942,3929,80
2022-02-09,06 - Montréal,562,1849,3842,80
2022-02-10,06 - Montréal,401,1786,3605,60
2022-02-11,06 - Montréal,431,1614,4474,111
2022-02-12,06 - Montréal,293,1268,3429,62
2022-02-13,06 - Montréal,137,843,1734,38
2022-02-14,06 - Montréal,392,1648,2358,60
2022-02-15,06 - Montréal,224,1262,2670,59
2022-02-16,06 - Montréal,207,1048,2336,61
2022-02-17,06 - Montréal,194,982,2011,115
2022-02-18,06 - Montréal,127,594,2601,67
2022-02-19,06 - Montréal,114,565,3069,43
2022-02-20,06 - Montréal,75,445,2345,38
2022-02-21,06 - Montréal,210,853,2371,70
2022-02-22,06 - Montréal,224,706,2073,66
2022-02-23,06 - Montréal,171,709,1790,47
2022-02-24,06 - Montréal,300,950,2427,85
2022-02-25,06 - Montréal,127,616,2461,105
2022-02-26,06 - Montréal,110,496,2577,42
2022-02-27,06 - Montréal,67,407,1567,27
2022-02-28,06 - Montréal,124,486,1963,58
2022-03-01,06 - Montréal,98,430,1511,54
2022-03-02,06 - Montréal,101,384,1412,58
2022-03-03,06 - Montréal,82,363,1387,81
2022-03-04,06 - Montréal,100,398,1622,76
2022-03-05,06 - Montréal,91,379,1366,53
2022-03-06,06 - Montréal,43,317,957,36
2022-03-07,06 - Montréal,85,378,1064,95
2022-03-08,06 - Montréal,73,352,1076,76
2022-03-09,06 - Montréal,83,357,907,58
2022-03-10,06 - Montréal,71,376,1018,98
2022-03-11,06 - Montréal,123,603,1533,90
2022-03-12,06 - Montréal,79,572,1304,62
2022-03-13,06 - Montréal,48,345,662,40
2022-03-14,06 - Montréal,82,352,915,62
2022-03-15,06 - Montréal,52,335,895,59
2022-03-16,06 - Montréal,86,263,859,71
2022-03-17,06 - Montréal,84,450,1024,118
2022-03-18,06 - Montréal,113,409,1539,113
2022-03-19,06 - Montréal,95,455,1351,85
2022-03-20,06 - Montréal,63,251,698,78
2022-03-21,06 - Montréal,79,278,1029,123
2022-03-22,06 - Montréal,62,309,854,90
2022-03-23,06 - Montréal,49,319,909,156
2022-03-24,06 - Montréal,127,385,1077,224
2022-03-25,06 - Montréal,112,433,1788,374
2022-03-26,06 - Montréal,112,488,1572,280
2022-03-27,06 - Montréal,51,263,912,226
2022-03-28,06 - Montréal,88,309,1107,431
2022-03-29,06 - Montréal,79,212,1038,1049
2022-03-30,06 - Montréal,95,208,1166,2164
2022-03-31,06 - Montréal,104,257,1383,2595
2022-04-01,06 - Montréal,159,366,1889,2970
2022-04-02,06 - Montréal,102,358,1432,1795
2022-04-03,06 - Montréal,52,207,870,1263
2022-04-04,06 - Montréal,82,216,1174,2574
2022-04-05,06 - Montréal,75,160,1084,2764
2022-04-06,06 - Montréal,125,172,1182,6958
2022-04-07,06 - Montréal,115,176,1026,6131
2022-04-08,06 - Montréal,117,253,1344,5556
2022-04-09,06 - Montréal,127,344,1093,2911
2022-04-10,06 - Montréal,62,134,546,1976
2022-04-11,06 - Montréal,95,155,956,6280
2022-04-12,06 - Montréal,87,143,977,6419
2022-04-13,06 - Montréal,66,120,1080,6814
2022-04-14,06 - Montréal,106,171,1237,6274
2022-04-15,06 - Montréal,91,191,825,4808
2022-04-16,06 - Montréal,114,212,684,2985
2022-04-17,06 - Montréal,15,5,105,411
2022-04-18,06 - Montréal,83,132,569,3411
2022-04-19,06 - Montréal,70,106,583,4857
2022-04-20,06 - Montréal,97,125,853,6142
2022-04-21,06 - Montréal,86,132,926,5909
2022-04-22,06 - Montréal,150,186,931,5555
2022-04-23,06 - Montréal,177,230,717,3036
2022-04-24,06 - Montréal,64,140,450,2160
2022-04-25,06 - Montréal,80,142,750,4534
2022-04-26,06 - Montréal,74,128,655,4543
2022-04-27,06 - Montréal,62,84,570,4232
2022-04-28,06 - Montréal,82,141,638,4709
2022-04-29,06 - Montréal,117,181,943,4167
2022-04-30,06 - Montréal,136,199,639,2247
2022-05-01,06 - Montréal,55,89,362,1150
2022-05-02,06 - Montréal,84,108,542,2797
2022-05-03,06 - Montréal,94,112,535,3294
2022-05-04,06 - Montréal,89,114,518,3198
2022-05-05,06 - Montréal,74,112,629,4787
2022-05-06,06 - Montréal,164,182,699,4169
2022-05-07,06 - Montréal,179,207,523,2311
2022-05-08,06 - Montréal,63,91,342,1530
2022-05-09,06 - Montréal,93,114,517,3711
2022-05-10,06 - Montréal,100,108,532,3597
2022-05-11,06 - Montréal,79,96,554,3420
2022-05-12,06 - Montréal,87,104,537,3500
2022-05-13,06 - Montréal,97,183,628,3006
2022-05-14,06 - Montréal,139,189,496,1634
2022-05-15,06 - Montréal,55,84,394,1153
2022-05-16,06 - Montréal,76,118,495,2706
2022-05-17,06 - Montréal,140,114,516,2226
2022-05-18,06 - Montréal,140,112,553,2368
2022-05-19,06 - Montréal,79,122,572,2152
2022-05-20,06 - Montréal,132,233,751,1986
2022-05-21,06 - Montréal,121,269,617,1125
2022-05-22,06 - Montréal,35,73,234,434
2022-05-23,06 - Montréal,31,76,229,694
2022-05-24,06 - Montréal,101,161,585,1862
2022-05-25,06 - Montréal,78,134,543,1702
2022-05-26,06 - Montréal,54,115,517,1492
2022-05-27,06 - Montréal,85,274,663,1679
2022-05-28,06 - Montréal,143,281,631,963
2022-05-29,06 - Montréal,25,68,192,262
2022-05-30,06 - Montréal,76,153,524,1299
2022-05-31,06 - Montréal,73,158,516,1468
2022-06-01,06 - Montréal,59,110,497,1259
2022-06-02,06 - Montréal,56,157,460,953
2022-06-03,06 - Montréal,106,223,571,875
2022-06-04,06 - Montréal,97,296,582,625
2022-06-05,06 - Montréal,19,62,178,198
2022-06-06,06 - Montréal,59,132,478,879
2022-06-07,06 - Montréal,69,164,422,836
2022-06-08,06 - Montréal,57,103,417,817
2022-06-09,06 - Montréal,55,128,419,790
2022-06-10,06 - Montréal,80,229,587,1085
2022-06-11,06 - Montréal,98,249,461,652
2022-06-12,06 - Montréal,25,91,173,235
2022-06-13,06 - Montréal,54,151,435,854
2022-06-14,06 - Montréal,48,130,464,839
2022-06-15,06 - Montréal,26,75,361,753
2022-06-16,06 - Montréal,28,75,304,732
2022-06-17,06 - Montréal,63,139,437,886
2022-06-18,06 - Montréal,63,207,368,597
2022-06-19,06 - Montréal,10,49,152,188
2022-06-20,06 - Montréal,43,92,443,872
2022-06-21,06 - Montréal,39,97,424,736
2022-06-22,06 - Montréal,40,95,425,771
2022-06-23,06 - Montréal,54,149,441,848
2022-06-24,06 - Montréal,10,37,77,66
2022-06-25,06 - Montréal,62,191,425,577
2022-06-26,06 - Montréal,13,51,122,194
2022-06-27,06 - Montréal,45,101,449,782
2022-06-28,06 - Montréal,35,132,464,920
2022-06-29,06 - Montréal,113,100,526,1068
2022-06-30,06 - Montréal,61,186,540,1497
2022-07-01,06 - Montréal,6,31,103,152
2022-07-02,06 - Montréal,68,169,523,1040
2022-07-03,06 - Montréal,14,51,187,389
2022-07-04,06 - Montréal,76,109,591,1488
2022-07-05,06 - Montréal,55,119,537,1635
2022-07-06,06 - Montréal,66,95,567,1658
2022-07-07,06 - Montréal,61,98,583,1954
2022-07-08,06 - Montréal,87,120,597,2355
2022-07-09,06 - Montréal,77,166,531,1778
2022-07-10,06 - Montréal,14,55,189,735
2022-07-11,06 - Montréal,71,94,646,2304
2022-07-12,06 - Montréal,82,85,555,2046
2022-07-13,06 - Montréal,65,88,505,2198
2022-07-14,06 - Montréal,65,108,498,2105
2022-07-15,06 - Montréal,77,107,622,2282
2022-07-16,06 - Montréal,105,111,521,1809
2022-07-17,06 - Montréal,37,33,171,620
2022-07-18,06 - Montréal,61,79,538,2114
2022-07-19,06 - Montréal,61,91,476,2193
2022-07-20,06 - Montréal,66,91,491,1778
2022-07-21,06 - Montréal,61,81,395,1946
2022-07-22,06 - Montréal,91,115,544,2255
2022-07-23,06 - Montréal,92,115,399,1670
2022-07-24,06 - Montréal,31,27,189,814
2022-07-25,06 - Montréal,202,66,413,1642
2022-07-26,06 - Montréal,236,66,404,1537
2022-07-27,06 - Montréal,226,70,411,1442
2022-07-28,06 - Montréal,194,63,368,1310
2022-07-29,06 - Montréal,277,92,418,1483
2022-07-30,06 - Montréal,274,88,291,1247
2022-07-31,06 - Montréal,113,33,152,482
2022-08-01,06 - Montréal,206,57,342,1287
2022-08-02,06 - Montréal,183,66,319,1193
