date,rt,rt_borne_basse,rt_borne_haute
2020-07-01,1.398250998,1.117943498,1.709442888
2020-07-02,1.314896074,1.052736871,1.605763791
2020-07-03,1.254244342,1.006854118,1.528401829
2020-07-04,1.191393834,0.957640836,1.450289523
2020-07-05,1.144987849,0.921512898,1.392359932
2020-07-06,1.101637998,0.886623928,1.339644442
2020-07-07,1.070422697,0.861501126,1.301685145
2020-07-08,1.047903964,0.843377526,1.274301289
2020-07-09,1.009510201,0.810391937,1.23017277
2020-07-10,0.977303497,0.782452275,1.193492473
2020-07-11,0.961295996,0.768584903,1.175240071
2020-07-12,0.950666781,0.759029164,1.163550335
2020-07-13,0.946022744,0.754251065,1.159188978
2020-07-14,0.957166395,0.763135746,1.172843615
2020-07-15,0.981893248,0.783960927,1.201769368
2020-07-16,1.018631002,0.815540052,1.243962021
2020-07-17,1.041810219,0.835218574,1.270888836
2020-07-18,1.071940283,0.861624224,1.304878132
2020-07-19,1.106487527,0.892741189,1.342829546
2020-07-20,1.133458233,0.917775015,1.371562784
2020-07-21,1.142209757,0.926978508,1.379573223
2020-07-22,1.133165934,0.920665988,1.367400538
2020-07-23,1.118751159,0.90995373,1.34879167
2020-07-24,1.091068776,0.887437832,1.315417165
2020-07-25,1.033653999,0.837927476,1.249616279
2020-07-26,0.98231084,0.79351251,1.190955084
2020-07-27,0.938106371,0.755009864,1.14078217
2020-07-28,0.892689424,0.714708249,1.09016095
2020-07-29,0.846695587,0.673092895,1.03991491
2020-07-30,0.797857097,0.628295602,0.987367632
2020-07-31,0.764800137,0.596971702,0.953102252
2020-08-01,0.736257341,0.569054165,0.924668642
2020-08-02,0.711913998,0.544160395,0.901861962
2020-08-03,0.702710703,0.531794102,0.897078531
2020-08-04,0.708596168,0.531848633,0.910310892
2020-08-05,0.73035172,0.544949788,0.94248168
2020-08-06,0.769023383,0.572034436,0.994709993
2020-08-07,0.808636937,0.59958679,1.048469398
2020-08-08,0.862469198,0.639502247,1.118267692
2020-08-09,0.91083161,0.675361929,1.180973842
2020-08-10,0.969749503,0.721343619,1.254343551
2020-08-11,1.019697134,0.760844018,1.315867193
2020-08-12,1.059518567,0.792929467,1.364147045
2020-08-13,1.088349351,0.816878697,1.39816769
2020-08-14,1.126541102,0.850266598,1.441085323
2020-08-15,1.155570054,0.876779591,1.472257171
2020-08-16,1.157880728,0.880754605,1.472333087
2020-08-17,1.173472742,0.896958611,1.486570615
2020-08-18,1.201205929,0.924448865,1.513649416
2020-08-19,1.223883476,0.947895471,1.534597777
2020-08-20,1.224995774,0.952546549,1.531191907
2020-08-21,1.238415988,0.968438989,1.541083377
2020-08-22,1.24434274,0.978237824,1.541976451
2020-08-23,1.229235213,0.969601742,1.519203202
2020-08-24,1.212660148,0.95960717,1.494878722
2020-08-25,1.195408773,0.94888275,1.469973502
2020-08-26,1.193638642,0.951671851,1.462599886
2020-08-27,1.180271306,0.943662214,1.44295008
2020-08-28,1.196742405,0.96194001,1.456800364
2020-08-29,1.225744513,0.991338428,1.484653347
2020-08-30,1.264638357,1.029726787,1.523324832
2020-08-31,1.321789712,1.085006845,1.581594128
2020-09-01,1.378626258,1.140827849,1.638601059
2020-09-02,1.452211096,1.213046248,1.712575749
2020-09-03,1.502762194,1.265516235,1.760088915
2020-09-04,1.548819967,1.315088034,1.801387925
2020-09-05,1.56802499,1.340970858,1.812576074
2020-09-06,1.572548503,1.353924121,1.807295718
2020-09-07,1.558540267,1.349858534,1.782001343
2020-09-08,1.5255024,1.327810021,1.7367134
2020-09-09,1.500511906,1.312720286,1.700674711
2020-09-10,1.472536072,1.294148648,1.662273637
2020-09-11,1.46161147,1.290818022,1.642862382
2020-09-12,1.470057766,1.305076812,1.64471595
2020-09-13,1.492977779,1.332563368,1.662377253
2020-09-14,1.533509704,1.376536814,1.698835825
2020-09-15,1.566725405,1.413667995,1.727536608
2020-09-16,1.59200117,1.443488115,1.747681548
2020-09-17,1.595235238,1.452569982,1.74448749
2020-09-18,1.57595839,1.440258254,1.717680261
2020-09-19,1.534913755,1.406965923,1.668350082
2020-09-20,1.47577896,1.355927217,1.600633865
2020-09-21,1.410208435,1.298109933,1.526883059
2020-09-22,1.342342771,1.237385077,1.451512072
2020-09-23,1.274786396,1.176224123,1.377257677
2020-09-24,1.208284346,1.115378182,1.304854082
2020-09-25,1.14760702,1.059504498,1.239178033
2020-09-26,1.094156398,1.010025644,1.181604684
2020-09-27,1.048892857,0.967924268,1.133067392
2020-09-28,1.010628077,0.93211509,1.09227045
2020-09-29,0.982637968,0.905805569,1.062553398
2020-09-30,0.964607071,0.888752423,1.043523679
2020-10-01,0.954819303,0.879361795,1.033338485
2020-10-02,0.951617605,0.876099417,1.030213245
2020-10-03,0.954871187,0.878904023,1.033942223
2020-10-04,0.962974052,0.886297785,1.042785909
2020-10-05,0.971323008,0.893916777,1.051897461
2020-10-06,0.98051545,0.90237666,1.061852446
2020-10-07,0.989756551,0.910947743,1.071788158
2020-10-08,0.997034993,0.917713381,1.079597532
2020-10-09,1.000710333,0.921096321,1.08357722
2020-10-10,1.002677556,0.922907037,1.085707345
2020-10-11,1.003267753,0.923450279,1.086346415
2020-10-12,1.003058557,0.923257726,1.086119895
2020-10-13,1.002616528,0.922850863,1.085641262
2020-10-14,1.002243369,0.922507392,1.085237203
2020-10-15,1.003729463,0.923942273,1.086773753
2020-10-16,1.008763441,0.928777134,1.092006446
2020-10-17,1.015535003,0.935279251,1.099047115
2020-10-18,1.020304537,0.939871652,1.103992546
2020-10-19,1.027622863,0.946945116,1.111551704
2020-10-20,1.035232222,0.954353079,1.119354041
2020-10-21,1.041383827,0.960416636,1.125580917
2020-10-22,1.047857504,0.966840623,1.132087536
2020-10-23,1.056225874,0.975138741,1.140505312
2020-10-24,1.068090742,0.986851391,1.152497613
2020-10-25,1.078376274,0.997099559,1.162792039
2020-10-26,1.086788455,1.005608272,1.171074897
2020-10-27,1.094360138,1.013389388,1.178398614
2020-10-28,1.09443071,1.014036081,1.177848526
2020-10-29,1.092375269,1.012699485,1.175025193
2020-10-30,1.087384379,1.008571166,1.169120335
2020-10-31,1.082057778,1.004117445,1.162869865
2020-11-01,1.077302326,1.000180229,1.157247952
2020-11-02,1.069172069,0.992941935,1.148181354
2020-11-03,1.062223658,0.986793119,1.140392739
2020-11-04,1.05061085,0.976104439,1.127818512
2020-11-05,1.036102953,0.962576398,1.112297077
2020-11-06,1.019139399,0.946622875,1.09429416
2020-11-07,1.003074804,0.931460763,1.077303361
2020-11-08,0.989922408,0.91900751,1.063435414
2020-11-09,0.977366477,0.90701538,1.05030785
2020-11-10,0.970784822,0.900666353,1.04349425
2020-11-11,0.968241842,0.898112842,1.040969659
2020-11-12,0.970496337,0.900106103,1.043498842
2020-11-13,0.976837983,0.905987788,1.050317518
2020-11-14,0.987780178,0.916285719,1.061922145
2020-11-15,1.005248533,0.932890479,1.080270759
2020-11-16,1.025608849,0.952336501,1.101558131
2020-11-17,1.050750494,0.976481169,1.127703217
2020-11-18,1.076636557,1.001476651,1.1544773
2020-11-19,1.102031152,1.026167986,1.180561265
2020-11-20,1.127288562,1.050922337,1.206295155
2020-11-21,1.151705813,1.075069385,1.230943317
2020-11-22,1.170964935,1.094424623,1.250055561
2020-11-23,1.182553568,1.106533885,1.261062929
2020-11-24,1.189452564,1.114252688,1.267073237
2020-11-25,1.18871059,1.114683476,1.265083892
2020-11-26,1.182130327,1.109511194,1.257018819
2020-11-27,1.170399897,1.09934675,1.243646534
2020-11-28,1.157463585,1.087969788,1.229078364
2020-11-29,1.144566657,1.076556006,1.214630952
2020-11-30,1.129494836,1.062936165,1.198046135
2020-12-01,1.115998053,1.050741515,1.183192724
2020-12-02,1.101057724,1.037049423,1.166955689
2020-12-03,1.086829735,1.023956433,1.151549879
2020-12-04,1.073398369,1.011547564,1.137058583
2020-12-05,1.061803906,1.000834636,1.124550388
2020-12-06,1.052972615,0.992719901,1.114975389
2020-12-07,1.045789111,0.986127703,1.10717803
2020-12-08,1.041698965,0.982474115,1.102632649
2020-12-09,1.038364128,0.979504421,1.098916935
2020-12-10,1.036195554,0.977632389,1.096438163
2020-12-11,1.034755308,0.976445383,1.09473236
2020-12-12,1.036375668,0.97821768,1.096189311
2020-12-13,1.03913036,0.981082566,1.098822952
2020-12-14,1.043713959,0.985719773,1.103342444
2020-12-15,1.048864377,0.990913621,1.108438708
2020-12-16,1.056654628,0.998692189,1.116228992
2020-12-17,1.064967415,1.00700737,1.124526314
2020-12-18,1.072699172,1.014791575,1.132190866
2020-12-19,1.080381343,1.022567937,1.139762089
2020-12-20,1.086078013,1.028458128,1.14524623
2020-12-21,1.090597457,1.033246451,1.149475654
2020-12-22,1.090929447,1.033995303,1.149367894
2020-12-23,1.089084286,1.032650315,1.146998466
2020-12-24,1.084765888,1.028910466,1.142076853
2020-12-25,1.077902098,1.02268881,1.134546511
2020-12-26,1.069981701,1.015418899,1.125952286
2020-12-27,1.058633636,1.004778583,1.113874802
2020-12-28,1.044412668,0.991299183,1.098892702
2020-12-29,1.02705032,0.974712634,1.080737429
2020-12-30,1.005677069,0.954163358,1.058526013
2020-12-31,0.983765198,0.933021619,1.035833488
2021-01-01,0.960501968,0.910482322,1.011840309
2021-01-02,0.93914653,0.889705722,0.989905371
2021-01-03,0.919843803,0.87082432,0.970186582
2021-01-04,0.901009185,0.852294976,0.951058112
2021-01-05,0.883542125,0.834998562,0.933437887
2021-01-06,0.866045229,0.817586403,0.91587948
2021-01-07,0.849379958,0.800902697,0.899261511
2021-01-08,0.833158641,0.784572223,0.883184074
2021-01-09,0.818626721,0.769801041,0.868932441
2021-01-10,0.806373136,0.757155108,0.857119046
2021-01-11,0.79617917,0.746418107,0.847523216
2021-01-12,0.787702068,0.73725777,0.839791945
2021-01-13,0.779553684,0.728336814,0.832486143
2021-01-14,0.773932118,0.721787711,0.827869301
2021-01-15,0.768695859,0.715545326,0.823723444
2021-01-16,0.766717051,0.712379791,0.823022963
2021-01-17,0.767120009,0.711441857,0.824865945
2021-01-18,0.769941386,0.71276623,0.829290942
2021-01-19,0.775109159,0.71628934,0.836216888
2021-01-20,0.781180243,0.720637727,0.84412986
2021-01-21,0.787829669,0.725517344,0.852672489
2021-01-22,0.7948573,0.730752573,0.861618702
2021-01-23,0.800797625,0.734950164,0.869429708
2021-01-24,0.805646488,0.738113933,0.876092848
2021-01-25,0.81272269,0.743421917,0.885067476
2021-01-26,0.815960529,0.745069149,0.890027339
2021-01-27,0.820453307,0.747922691,0.896292385
2021-01-28,0.821072892,0.747089215,0.89849945
2021-01-29,0.823272511,0.747773332,0.902350548
2021-01-30,0.82567241,0.748647887,0.906414181
2021-01-31,0.824665001,0.746266119,0.906923356
2021-02-01,0.826438126,0.74651095,0.910371645
2021-02-02,0.826918252,0.745510324,0.912483808
2021-02-03,0.828388268,0.745429119,0.915661284
2021-02-04,0.82872574,0.744249644,0.917677406
2021-02-05,0.83269764,0.746490688,0.923547206
2021-02-06,0.838158426,0.750116389,0.931015234
2021-02-07,0.847907072,0.757771407,0.943034612
2021-02-08,0.862168162,0.769674337,0.959834269
2021-02-09,0.878050027,0.783119145,0.978333221
2021-02-10,0.897879063,0.800345902,1.000938759
2021-02-11,0.912167315,0.812450592,1.017572451
2021-02-12,0.93219026,0.830121369,1.040091632
2021-02-13,0.948713403,0.844668338,1.058714
2021-02-14,0.961874535,0.856215956,1.073591342
2021-02-15,0.97826056,0.870975069,1.091687065
2021-02-16,0.991539924,0.882972623,1.106311042
2021-02-17,1.00199969,0.892462631,1.117785371
2021-02-18,1.006449605,0.896426088,1.122749494
2021-02-19,1.004946457,0.894911226,1.121269386
2021-02-20,1.001380708,0.891559639,1.117487928
2021-02-21,0.990267287,0.881136961,1.105676421
2021-02-22,0.979538552,0.871060455,1.094290428
2021-02-23,0.97008044,0.8621169,1.084320851
2021-02-24,0.959237242,0.85176545,1.073001721
2021-02-25,0.95394185,0.846520468,1.067686878
2021-02-26,0.950662203,0.843060714,1.064632458
2021-02-27,0.952438112,0.844263861,1.067038479
2021-02-28,0.955385849,0.846499978,1.070763971
2021-03-01,0.962218823,0.85236293,1.078636941
2021-03-02,0.968759537,0.85796331,1.086186468
2021-03-03,0.974408852,0.862770767,1.092740492
2021-03-04,0.975190954,0.863068302,1.094061474
2021-03-05,0.978069928,0.865416604,1.097515853
2021-03-06,0.983425318,0.870155165,1.103525265
2021-03-07,0.988352903,0.874515194,1.109054627
2021-03-08,0.99675409,0.882152215,1.118253041
2021-03-09,1.004542334,0.889248973,1.126761362
2021-03-10,1.014783946,0.898723945,1.137789666
2021-03-11,1.023403805,0.906765889,1.146996183
2021-03-12,1.030205507,0.913198735,1.154163093
2021-03-13,1.038758269,0.921386701,1.163064261
2021-03-14,1.056394195,0.938235413,1.181459107
2021-03-15,1.07594725,0.956987516,1.201775023
2021-03-16,1.100709612,0.980764573,1.227473944
2021-03-17,1.122007372,1.001452227,1.249314999
2021-03-18,1.145229486,1.024216206,1.272902275
2021-03-19,1.165632913,1.044611063,1.293192105
2021-03-20,1.179739039,1.05931525,1.306552278
2021-03-21,1.19794801,1.07813945,1.323977833
2021-03-22,1.21042455,1.091720918,1.33516595
2021-03-23,1.224079572,1.106571312,1.347432095
2021-03-24,1.232657203,1.116721471,1.354236349
2021-03-25,1.242121355,1.127826474,1.361853307
2021-03-26,1.249487028,1.137022105,1.367179665
2021-03-27,1.252457594,1.142080241,1.367853408
2021-03-28,1.254153074,1.145948857,1.367168818
2021-03-29,1.252276618,1.146412116,1.362749454
2021-03-30,1.245240186,1.141914984,1.352976446
2021-03-31,1.229712892,1.129226683,1.334420944
2021-04-01,1.205223184,1.107854359,1.306634528
2021-04-02,1.175927188,1.081737997,1.27399201
2021-04-03,1.142039655,1.051028751,1.236775618
2021-04-04,1.10404644,1.016137364,1.195550461
2021-04-05,1.065594806,0.980532344,1.154144994
2021-04-06,1.027487155,0.944976546,1.113401934
2021-04-07,0.991863247,0.911522374,1.075548761
2021-04-08,0.955149436,0.876750749,1.036857324
2021-04-09,0.922145838,0.84527731,1.002311745
2021-04-10,0.893814057,0.818036855,0.972899745
2021-04-11,0.871266284,0.796096285,0.949778875
2021-04-12,0.852082853,0.777144681,0.930420846
2021-04-13,0.838860475,0.763679179,0.917520735
2021-04-14,0.832418839,0.756504771,0.911910475
2021-04-15,0.830076116,0.75308576,0.910759657
2021-04-16,0.83104565,0.752697971,0.913216544
2021-04-17,0.834415814,0.754510285,0.918285209
2021-04-18,0.843678631,0.761879787,0.929588436
2021-04-19,0.854285081,0.770507251,0.942324205
2021-04-20,0.86593052,0.780125429,0.956147944
2021-04-21,0.880541859,0.792594868,0.973049236
2021-04-22,0.895361699,0.805333253,0.990091551
2021-04-23,0.912721699,0.82057391,1.009702237
2021-04-24,0.927460902,0.833440498,1.026433626
2021-04-25,0.941920076,0.846170809,1.042727385
2021-04-26,0.953238206,0.856069942,1.055554476
2021-04-27,0.958675372,0.860543588,1.062029189
2021-04-28,0.961287248,0.862472463,1.065383856
2021-04-29,0.953276669,0.854444909,1.057439008
2021-04-30,0.941077573,0.842514861,1.045013681
2021-05-01,0.922859261,0.824903737,1.02623109
2021-05-02,0.905558975,0.808109803,1.008475366
2021-05-03,0.884557034,0.787703678,0.986944842
2021-05-04,0.860320628,0.764092877,0.962172686
2021-05-05,0.838603756,0.742693338,0.940254023
2021-05-06,0.822359529,0.726264485,0.92433835
2021-05-07,0.808746149,0.712094957,0.911458428
2021-05-08,0.797581439,0.699994428,0.901443789
2021-05-09,0.791390651,0.692346763,0.896959272
2021-05-10,0.793038711,0.691853929,0.901028368
2021-05-11,0.795114831,0.691606063,0.905736254
2021-05-12,0.800757534,0.69455956,0.914399877
2021-05-13,0.809368657,0.700204509,0.926324916
2021-05-14,0.816215267,0.70418984,0.936388589
2021-05-15,0.825199905,0.710176032,0.948730327
2021-05-16,0.827122004,0.709656114,0.953451911
2021-05-17,0.831014102,0.71102016,0.960226687
2021-05-18,0.827421562,0.705520352,0.95889391
2021-05-19,0.816265583,0.693083201,0.949375005
2021-05-20,0.802943996,0.678671248,0.937510462
2021-05-21,0.788121918,0.662849946,0.924075926
2021-05-22,0.784547323,0.657200122,0.923005087
2021-05-23,0.782206079,0.652425777,0.923584006
2021-05-24,0.781034044,0.64844096,0.925778008
2021-05-25,0.786395106,0.650198345,0.935350048
2021-05-26,0.790551893,0.65075395,0.943749246
2021-05-27,0.800073757,0.656119684,0.958091988
2021-05-28,0.807771063,0.659798148,0.970490827
2021-05-29,0.813243794,0.661464543,0.980465089
2021-05-30,0.824511331,0.66838681,0.996777242
2021-05-31,0.833465356,0.673274853,1.010494604
2021-06-01,0.849452888,0.684516095,1.031925474
2021-06-02,0.863745009,0.69427713,1.051441011
2021-06-03,0.875792004,0.702121878,1.068365677
2021-06-04,0.89513301,0.716664642,1.093145081
2021-06-05,0.911586329,0.728840538,1.114467123
2021-06-06,0.925203525,0.73869885,1.132385071
2021-06-07,0.935745236,0.746056947,1.146595651
2021-06-08,0.942879829,0.750660117,1.156680663
2021-06-09,0.946964684,0.752803263,1.163065816
2021-06-10,0.948876148,0.753191903,1.166816595
2021-06-11,0.949491102,0.752528074,1.169003967
2021-06-12,0.949426521,0.751304063,1.170383563
2021-06-13,0.949035748,0.749800912,1.171389294
2021-06-14,0.948495039,0.748158231,1.172238385
2021-06-15,0.947883849,0.746438499,1.173029399
2021-06-16,0.934552965,0.733429487,1.159676897
2021-06-17,0.920877744,0.720124676,1.145939165
2021-06-18,0.907145701,0.706748711,1.132175054
2021-06-19,0.894550144,0.694225702,1.119881856
2021-06-20,0.870811102,0.671629711,1.095463802
2021-06-21,0.848921098,0.650399935,1.073479399
2021-06-22,0.842497162,0.642432561,1.069266627
2021-06-23,0.838573321,0.63626084,1.068386621
2021-06-24,0.852688982,0.645293959,1.088540385
2021-06-25,0.869626053,0.656357752,1.112436412
2021-06-26,0.90316427,0.68167101,1.155338914
2021-06-27,0.935399248,0.706000638,1.196574297
2021-06-28,0.963768502,0.727412577,1.232864598
2021-06-29,0.986113311,0.744277513,1.261448354
2021-06-30,1.00138397,0.755803175,1.280982771
2021-07-01,1.010430315,0.762630982,1.292554967
2021-07-02,1.01516546,0.766204873,1.298612223
2021-07-03,1.017406636,0.76789642,1.301479163
2021-07-04,1.018385274,0.768635055,1.302731049
2021-07-05,1.018785741,0.768937311,1.303243331
2021-07-06,1.000644474,0.753174909,1.282727649
2021-07-07,0.982413127,0.737366503,1.262074803
2021-07-08,0.964596115,0.721890779,1.241932875
2021-07-09,0.948971584,0.708072356,1.224599475
2021-07-10,0.937191691,0.697125644,1.212230943
2021-07-11,0.929318908,0.68906986,1.20494426
2021-07-12,0.943321255,0.699452298,1.223099544
2021-07-13,0.959708893,0.711603377,1.244347568
2021-07-14,0.977250496,0.724610096,1.267091809
2021-07-15,1.013410151,0.753820388,1.310817364
2021-07-16,1.04615998,0.780589192,1.350016148
2021-07-17,1.094464869,0.821468801,1.406024102
2021-07-18,1.156817297,0.875450755,1.476789746
2021-07-19,1.210396713,0.922968403,1.5361913
2021-07-20,1.272069631,0.978985616,1.602945346
2021-07-21,1.297974638,1.005278938,1.627498886
2021-07-22,1.326304637,1.035259145,1.652855268
2021-07-23,1.320818391,1.036567419,1.638989581
2021-07-24,1.323076545,1.045317842,1.63306567
2021-07-25,1.335192998,1.062994564,1.637952023
2021-07-26,1.342959647,1.076649874,1.638256557
2021-07-27,1.361943458,1.10018044,1.65122222
2021-07-28,1.387884854,1.13007976,1.671781858
2021-07-29,1.41699626,1.163158276,1.695514003
2021-07-30,1.434206618,1.185814564,1.705866707
2021-07-31,1.439037315,1.197556326,1.702367695
2021-08-01,1.453427482,1.218346231,1.708939074
2021-08-02,1.455523048,1.228026353,1.702066204
2021-08-03,1.439752124,1.221129208,1.676112382
2021-08-04,1.401020434,1.192773082,1.625776412
2021-08-05,1.352280596,1.154782641,1.565139554
2021-08-06,1.306049407,1.118515221,1.507904196
2021-08-07,1.238363469,1.061529266,1.428620716
2021-08-08,1.176634921,1.009075599,1.356875626
2021-08-09,1.121144312,0.96148716,1.292884789
2021-08-10,1.07838437,0.92481647,1.243574741
2021-08-11,1.042015116,0.893218808,1.202106183
2021-08-12,1.016681664,0.871101871,1.173345037
2021-08-13,1.011371096,0.866950652,1.166754136
2021-08-14,1.017820194,0.873271803,1.173276257
2021-08-15,1.039854164,0.893757364,1.196848173
2021-08-16,1.074749959,0.926104596,1.234296386
2021-08-17,1.113305265,0.962031769,1.275462939
2021-08-18,1.151899715,0.998404307,1.316210093
2021-08-19,1.181643051,1.027109716,1.346847494
2021-08-20,1.206539924,1.051917969,1.371609558
2021-08-21,1.21592824,1.062783174,1.379230827
2021-08-22,1.217470094,1.066679052,1.37808496
2021-08-23,1.218527973,1.070327081,1.376198202
2021-08-24,1.211379244,1.066332316,1.365540823
2021-08-25,1.203203656,1.061301376,1.353880258
2021-08-26,1.19030753,1.051722961,1.337344602
2021-08-27,1.182216558,1.046531166,1.326052567
2021-08-28,1.179072579,1.04584659,1.320169685
2021-08-29,1.18504452,1.053591951,1.32411285
2021-08-30,1.191360003,1.061536733,1.328564178
2021-08-31,1.200554831,1.072153228,1.336113419
2021-09-01,1.214261798,1.08708744,1.348369389
2021-09-02,1.223781819,1.098161238,1.356107061
2021-09-03,1.222196386,1.098804234,1.352059919
2021-09-04,1.210247114,1.089690261,1.33703783
2021-09-05,1.192480016,1.075083494,1.315872159
2021-09-06,1.17124783,1.057115803,1.291146285
2021-09-07,1.137631931,1.027194332,1.253627121
2021-09-08,1.09748617,0.990811652,1.209536021
2021-09-09,1.055011375,0.951944617,1.163299431
2021-09-10,1.008790007,0.909219484,1.113459651
2021-09-11,0.965614159,0.869041652,1.067201357
2021-09-12,0.92327307,0.829289588,1.022228555
2021-09-13,0.889291352,0.797093324,0.986462163
2021-09-14,0.862772482,0.771605664,0.958956321
2021-09-15,0.845368862,0.754396879,0.941444672
2021-09-16,0.835940537,0.744410377,0.932700968
2021-09-17,0.83309323,0.740375461,0.931201499
2021-09-18,0.835349132,0.740961207,0.935313585
2021-09-19,0.841363784,0.744968681,0.94353851
2021-09-20,0.850111213,0.751492461,0.954721774
2021-09-21,0.860926703,0.759954736,0.96810527
2021-09-22,0.870041401,0.76685242,0.979649262
2021-09-23,0.88042473,0.775005306,0.992468639
2021-09-24,0.88845115,0.7810328,1.002689828
2021-09-25,0.894107983,0.784929713,1.01029196
2021-09-26,0.897548587,0.786836812,1.015441546
2021-09-27,0.895155775,0.78336041,1.014299398
2021-09-28,0.891088047,0.778374912,1.011311316
2021-09-29,0.881887341,0.76862036,1.002825836
2021-09-30,0.87220164,0.758397998,0.993844534
2021-10-01,0.866974933,0.752266215,0.989704257
2021-10-02,0.871417931,0.755019398,0.996038795
2021-10-03,0.886433642,0.767456599,1.01385886
2021-10-04,0.902944785,0.781159494,1.033423083
2021-10-05,0.928554191,0.803314813,1.062733126
2021-10-06,0.956718403,0.827995211,1.094605725
2021-10-07,0.981032009,0.849357981,1.122055783
2021-10-08,0.990381688,0.857129217,1.133120741
2021-10-09,0.993994221,0.859928575,1.137629442
2021-10-10,0.992646711,0.858433697,1.136465143
2021-10-11,0.978595491,0.845294222,1.121513587
2021-10-12,0.954296257,0.822649344,1.095570935
2021-10-13,0.931235546,0.801090184,1.071033048
2021-10-14,0.910560954,0.781595586,1.049229636
2021-10-15,0.888502809,0.760567264,1.026237352
2021-10-16,0.881141933,0.752821845,1.019411541
2021-10-17,0.877723561,0.748411529,1.017188597
2021-10-18,0.88832143,0.756673878,1.03037162
2021-10-19,0.900991267,0.766666574,1.045999051
2021-10-20,0.931186733,0.792775353,1.080570554
2021-10-21,0.966273747,0.823496749,1.120296718
2021-10-22,0.998609284,0.851916922,1.156782875
2021-10-23,1.044277353,0.893063252,1.207144118
2021-10-24,1.082898787,0.928264426,1.249271058
2021-10-25,1.119500488,0.962213586,1.288519255
2021-10-26,1.134715167,0.976960795,1.304103408
2021-10-27,1.140896563,0.983909786,1.309332712
2021-10-28,1.139549653,0.984323702,1.305974154
2021-10-29,1.122505164,0.97035939,1.285568713
2021-10-30,1.10529628,0.956218693,1.26501499
2021-10-31,1.089856265,0.943575856,1.246523572
2021-11-01,1.07752015,0.933591777,1.231615547
2021-11-02,1.074207193,0.931743808,1.226657113
2021-11-03,1.068822348,0.927739247,1.219745342
2021-11-04,1.070698012,0.930350683,1.220760849
2021-11-05,1.083349656,0.942956582,1.233343103
2021-11-06,1.090643145,0.95056419,1.240209573
2021-11-07,1.102002411,0.962007707,1.251368234
2021-11-08,1.111045093,0.971407178,1.259923615
2021-11-09,1.117093187,0.978160958,1.265116745
2021-11-10,1.115630041,0.978018123,1.262167987
2021-11-11,1.107440097,0.971667687,1.251962142
2021-11-12,1.102667008,0.968557461,1.245345521
2021-11-13,1.093427105,0.9612261,1.234021968
2021-11-14,1.085593912,0.955105348,1.224316101
2021-11-15,1.08373601,0.95446882,1.221093171
2021-11-16,1.087443393,0.958953731,1.223893846
2021-11-17,1.100393168,0.972043751,1.236585997
2021-11-18,1.117334054,0.988868489,1.253531052
2021-11-19,1.144682117,1.015562496,1.28141644
2021-11-20,1.176066766,1.04624969,1.313365757
2021-11-21,1.209310923,1.078972377,1.346973904
2021-11-22,1.245956352,1.115270831,1.383777585
2021-11-23,1.276307226,1.146026081,1.413500832
2021-11-24,1.302844556,1.173576181,1.438769455
2021-11-25,1.318022426,1.190711411,1.45170654
2021-11-26,1.332489491,1.207458576,1.463591531
2021-11-27,1.340593329,1.218335292,1.468612966
2021-11-28,1.344108851,1.224913027,1.468759603
2021-11-29,1.341468137,1.225615922,1.462477305
2021-11-30,1.341463861,1.228806312,1.458991721
2021-12-01,1.351307508,1.241371629,1.465841025
2021-12-02,1.372233147,1.264500357,1.484307277
2021-12-03,1.415012719,1.308604091,1.525521413
2021-12-04,1.481703304,1.3758463,1.591427692
2021-12-05,1.572897623,1.467049278,1.682380621
2021-12-06,1.685014143,1.579042299,1.79437891
2021-12-07,1.820084278,1.714087088,1.929216506
2021-12-08,1.983986482,1.878178377,2.09265311
2021-12-09,2.171562518,2.066536348,2.279155259
2021-12-10,2.364319126,2.26122848,2.469675468
2021-12-11,2.532748787,2.433314743,2.634146115
2021-12-12,2.646316237,2.552531628,2.741769176
2021-12-13,2.691036687,2.604572893,2.77889261
2021-12-14,2.670108739,2.591919306,2.749443874
2021-12-15,2.599128166,2.52936215,2.669830081
2021-12-16,2.499634661,2.437796037,2.562237037
2021-12-17,2.389859637,2.335099993,2.445245114
2021-12-18,2.279100737,2.230492056,2.328226105
2021-12-19,2.161424331,2.11819623,2.205083024
2021-12-20,2.035905788,1.997402462,2.074771588
2021-12-21,1.907069285,1.872693933,1.941752936
2021-12-22,1.776067842,1.745297729,1.807103103
2021-12-23,1.648476668,1.620809035,1.676375206
2021-12-24,1.529535668,1.50448996,1.554785263
2021-12-25,1.423819492,1.40094236,1.446879336
2021-12-26,1.331014277,1.309914622,1.352280175
2021-12-27,1.249025974,1.229382144,1.268823345
2021-12-28,1.177075208,1.158617771,1.195676483
2021-12-29,1.112741254,1.095257761,1.130361269
2021-12-30,1.054580123,1.037898156,1.071393243
2021-12-31,1.002862279,0.98682817,1.019023812
2022-01-01,0.958335192,0.942804067,0.97399144
2022-01-02,0.92116638,0.906002093,0.936454778
2022-01-03,0.890667762,0.875747548,0.905712256
2022-01-04,0.865584767,0.850803955,0.880491102
2022-01-05,0.844421773,0.829696652,0.859274619
2022-01-06,0.825984779,0.811250012,0.840850319
2022-01-07,0.809567635,0.794770554,0.824499302
2022-01-08,0.794326746,0.779426484,0.809366128
2022-01-09,0.780445039,0.765401005,0.795633451
2022-01-10,0.768538558,0.753304404,0.783923097
2022-01-11,0.757990558,0.742525222,0.77361308
2022-01-12,0.748562084,0.732826398,0.764462601
2022-01-13,0.740408814,0.724362229,0.756628753
2022-01-14,0.734064676,0.717661116,0.750651016
2022-01-15,0.730435138,0.713617334,0.747446091
2022-01-16,0.730420468,0.71311831,0.747927133
2022-01-17,0.735106586,0.717234531,0.753195519
2022-01-18,0.744112821,0.725589493,0.762866369
2022-01-19,0.756626778,0.737384718,0.776113226
2022-01-20,0.772847115,0.752824472,0.793128887
2022-01-21,0.792317135,0.771468615,0.813439753
2022-01-22,0.814346621,0.792647058,0.836335131
2022-01-23,0.838083734,0.815530259,0.860940544
2022-01-24,0.862722562,0.839334521,0.88642752
2022-01-25,0.886328509,0.862162821,0.910823551
2022-01-26,0.905753094,0.880919521,0.930927046
2022-01-27,0.919778152,0.894409655,0.945496463
2022-01-28,0.927919542,0.902156418,0.954040315
2022-01-29,0.930654932,0.904623162,0.957050815
2022-01-30,0.929138465,0.902933243,0.955713313
2022-01-31,0.924435471,0.898120326,0.951125295
2022-02-01,0.917189234,0.890804261,0.943953911
2022-02-02,0.90728196,0.880858962,0.934089985
2022-02-03,0.895085877,0.868644967,0.921917672
2022-02-04,0.881232064,0.854779364,0.908082245
2022-02-05,0.866344164,0.839871277,0.893222089
2022-02-06,0.851922283,0.825391542,0.878866844
2022-02-07,0.839019732,0.812370396,0.86609315
2022-02-08,0.828139046,0.801296994,0.855417132
2022-02-09,0.818416717,0.791319744,0.845963484
2022-02-10,0.810875551,0.783445925,0.838770538
2022-02-11,0.806120235,0.778272398,0.834450738
2022-02-12,0.804188565,0.775837599,0.833041178
2022-02-13,0.805499943,0.776554295,0.834967831
2022-02-14,0.809343227,0.779727311,0.839503437
2022-02-15,0.816010872,0.785650223,0.846939036
2022-02-16,0.823669637,0.792533192,0.855397599
2022-02-17,0.831914578,0.799989344,0.864455696
2022-02-18,0.84112509,0.80840003,0.874490367
2022-02-19,0.851274267,0.817744949,0.885467808
2022-02-20,0.862892419,0.828546435,0.897926139
2022-02-21,0.876581799,0.841396589,0.912477614
2022-02-22,0.892098507,0.856060746,0.928868857
2022-02-23,0.908593124,0.871714556,0.946225011
2022-02-24,0.926211065,0.888511103,0.964683347
2022-02-25,0.945099047,0.906605116,0.984382089
2022-02-26,0.964678256,0.925438182,1.004721664
2022-02-27,0.983546589,0.943643043,1.024264885
2022-02-28,1.001067616,0.960601818,1.042356558
2022-03-01,1.015722868,0.974831225,1.057442873
2022-03-02,1.026170391,0.985015681,1.06815555
2022-03-03,1.034446511,0.993142875,1.076579849
2022-03-04,1.042446606,1.001057073,1.084662806
2022-03-05,1.052219373,1.010750012,1.094510762
2022-03-06,1.065577647,1.02398738,1.107984219
2022-03-07,1.08416912,1.042385192,1.126762643
2022-03-08,1.108968719,1.066912922,1.151826085
2022-03-09,1.14078407,1.098386085,1.183973697
2022-03-10,1.181510742,1.138695873,1.225104701
2022-03-11,1.230313899,1.187060082,1.274330904
2022-03-12,1.284884515,1.241249779,1.329262501
2022-03-13,1.3414343,1.29757864,1.386008641
2022-03-14,1.395124801,1.351313755,1.439625015
2022-03-15,1.438235742,1.394857475,1.482268965
2022-03-16,1.466189592,1.423668675,1.50932747
2022-03-17,1.479055736,1.437756331,1.520931787
2022-03-18,1.480060222,1.440226889,1.520429349
2022-03-19,1.471607173,1.43337696,1.510333524
2022-03-20,1.453510898,1.41696172,1.490518994
2022-03-21,1.427123313,1.392275438,1.462395933
2022-03-22,1.393818727,1.360653067,1.427378185
2022-03-23,1.354962168,1.323428417,1.386862029
2022-03-24,1.312589704,1.282602388,1.342918718
2022-03-25,1.269766371,1.241198951,1.298654298
2022-03-26,1.229178357,1.20187456,1.256784557
2022-03-27,1.191996702,1.165793196,1.218487384
2022-03-28,1.157385041,1.132138026,1.182906599
2022-03-29,1.124385635,1.099975227,1.149060212
2022-03-30,1.092064903,1.068395561,1.115989964
2022-03-31,1.059671219,1.036667179,1.082924193
2022-04-01,1.028081505,1.005664866,1.050741801
2022-04-02,0.998108646,0.976196437,1.020260679
2022-04-03,0.970285743,0.94879096,0.992017943
2022-04-04,0.944968884,0.923802556,0.966371625
2022-04-05,0.921262228,0.900349022,0.942412202
2022-04-06,0.899454421,0.878720582,0.920426669
2022-04-07,0.879925958,0.859297893,0.900795289
2022-04-08,0.863457316,0.842854922,0.884305018
2022-04-09,0.851547983,0.830873765,0.872472731
2022-04-10,0.844777634,0.823927032,0.865885152
2022-04-11,0.842178978,0.821061388,0.863560971
2022-04-12,0.842373011,0.820921212,0.86409764
2022-04-13,0.843424727,0.821606173,0.865525225
2022-04-14,0.843173757,0.820995074,0.865643918
2022-04-15,0.84057283,0.818063165,0.863383737
2022-04-16,0.836624703,0.813803069,0.859757529
2022-04-17,0.832418889,0.809286241,0.855872967
2022-04-18,0.826928663,0.803493477,0.850696024
2022-04-19,0.8202595,0.796523465,0.844339167
2022-04-20,0.812753727,0.788711884,0.837151484
2022-04-21,0.803904364,0.779559064,0.82861877
2022-04-22,0.79281693,0.768183201,0.817834
2022-04-23,0.781251083,0.756314207,0.80658678
2022-04-24,0.771926654,0.746622451,0.797646656
2022-04-25,0.765071852,0.739322786,0.791255516
2022-04-26,0.76077992,0.734498387,0.787516971
2022-04-27,0.759246294,0.732338846,0.786632397
2022-04-28,0.759876403,0.732264165,0.787992511
2022-04-29,0.761988886,0.733612377,0.790896314
2022-04-30,0.765567177,0.736373896,0.795320008
2022-05-01,0.77051552,0.740459789,0.801160804
2022-05-02,0.775913076,0.744971109,0.807475805
2022-05-03,0.781411698,0.749570868,0.813905544
2022-05-04,0.786258347,0.753526634,0.819676185
2022-05-05,0.790021138,0.756420634,0.824341562
2022-05-06,0.791946258,0.757518468,0.827128382
2022-05-07,0.79337409,0.758131246,0.829406368
2022-05-08,0.795999016,0.759910515,0.832912948
2022-05-09,0.799095953,0.762139888,0.836914661
2022-05-10,0.802556239,0.764708253,0.841305531
2022-05-11,0.806406078,0.767642928,0.846110574
2022-05-12,0.811040602,0.771335085,0.851728595
2022-05-13,0.817034887,0.776349148,0.858745084
2022-05-14,0.825751735,0.784013544,0.868557103
2022-05-15,0.838739041,0.795835698,0.882752861
2022-05-16,0.856357177,0.812169927,0.901698394
2022-05-17,0.878674464,0.833095038,0.925450701
2022-05-18,0.905379446,0.858331223,0.953665303
2022-05-19,0.935172584,0.886645215,0.984974633
2022-05-20,0.966527738,0.916585617,1.017776
2022-05-21,0.998558696,0.947320921,1.051126915
2022-05-22,1.029807359,0.977454468,1.083506757
2022-05-23,1.057599567,1.004392703,1.112160309
2022-05-24,1.078784114,1.025064097,1.133856791
2022-05-25,1.09201156,1.038140927,1.14722565
2022-05-26,1.097967496,1.044265958,1.152996541
2022-05-27,1.098746743,1.045442087,1.153358161
2022-05-28,1.096835979,1.044047844,1.150907653
2022-05-29,1.094538895,1.042289949,1.148047678
2022-05-30,1.093542095,1.041789208,1.146531875
2022-05-31,1.094834023,1.043502216,1.147380968
2022-06-01,1.098233744,1.047256388,1.150405517
2022-06-02,1.104508666,1.053812054,1.156379552
2022-06-03,1.11360593,1.063131621,1.165234387
2022-06-04,1.12721823,1.076883427,1.178686561
2022-06-05,1.143311337,1.093094269,1.194640338
2022-06-06,1.159820922,1.10976041,1.210970293
2022-06-07,1.176283151,1.126443857,1.227186164
2022-06-08,1.190082107,1.140595685,1.240604664
2022-06-09,1.20243603,1.153407252,1.252471001
2022-06-10,1.21277858,1.164313812,1.262217735
2022-06-11,1.22339286,1.175537441,1.272189669
2022-06-12,1.233895738,1.186690161,1.282009118
2022-06-13,1.242863318,1.196366759,1.290233882
2022-06-14,1.2510336,1.205287285,1.297620057
2022-06-15,1.258484897,1.213527274,1.304248793
2022-06-16,1.265454867,1.221315203,1.31036712
2022-06-17,1.272304311,1.228998353,1.316349628
2022-06-18,1.278547237,1.236093474,1.321707779
2022-06-19,1.281514343,1.239971541,1.32373208
2022-06-20,1.279284288,1.238736835,1.320475606
2022-06-21,1.270130928,1.23068149,1.310194026
2022-06-22,1.253798928,1.215538086,1.292644367
2022-06-23,1.232556297,1.195518187,1.270151546
2022-06-24,1.209378572,1.173530172,1.245758787
2022-06-25,1.187451171,1.152694381,1.222717017
2022-06-26,1.166607641,1.132838129,1.200866206
2022-06-27,1.146640788,1.113758419,1.179994862
2022-06-28,1.127513201,1.095427432,1.160055665
2022-06-29,1.108498772,1.077139951,1.140301274
2022-06-30,1.090891475,1.060178594,1.122036787
2022-07-01,1.076687748,1.046515485,1.10728283
2022-07-02,1.067776143,1.038015513,1.097951534
2022-07-03,1.064475792,1.034998591,1.094361116
2022-07-04,1.065439748,1.036147041,1.09513508
2022-07-05,1.069159826,1.039989358,1.098728136
2022-07-06,1.073144268,1.044085345,1.102596488
2022-07-07,1.075382945,1.046465511,1.104689009
2022-07-08,1.074800111,1.046074707,1.103909176
2022-07-09,1.071293721,1.042810915,1.100154943
2022-07-10,1.064816648,1.036620715,1.093385649
2022-07-11,1.053813123,1.025959686,1.082034412
2022-07-12,1.037974627,1.010514674,1.065797571
2022-07-13,1.016951422,0.989933441,1.044328088
2022-07-14,0.991229755,0.964688149,1.018126529
2022-07-15,0.962867061,0.936799266,0.989287602
2022-07-16,0.9338254,0.908191832,0.959810734
2022-07-17,0.905620215,0.880350814,0.931242185
2022-07-18,0.879721584,0.854719076,0.905079508
2022-07-19,0.856412752,0.831573214,0.881612741
2022-07-20,0.836038488,0.811253779,0.861190923
2022-07-21,0.818610517,0.793775014,0.84382325
2022-07-22,0.804767517,0.7797688,0.830155155
2022-07-23,0.795989681,0.770693691,0.821688434
2022-07-24,0.792136786,0.766411966,0.818280315
2022-07-25,0.793336453,0.767050949,0.820058599
2022-07-26,0.799185345,0.772219927,0.826607066
2022-07-27,0.808157281,0.780429548,0.836362263
2022-07-28,0.819859486,0.791307968,0.848909938
2022-07-29,0.833778798,0.804365447,0.863712938
2022-07-30,0.849908235,0.819607318,0.880751461
2022-07-31,0.867595596,0.836402668,0.899351603
2022-08-01,0.885864533,0.853801795,0.918509992
2022-08-02,0.904220992,0.871329347,0.937713483
2022-08-03,0.920512579,0.886881883,0.954760358
2022-08-04,0.934872871,0.900597132,0.969779787
2022-08-05,0.946692248,0.911878519,0.982149032
2022-08-06,0.956302266,0.921047355,0.992210036
2022-08-07,0.964233646,0.928616325,1.00051186
2022-08-08,0.969278339,0.93339096,1.005833208
2022-08-09,0.970795806,0.93473517,1.007529382
2022-08-10,0.967680608,0.931558475,1.004480216
2022-08-11,0.959963702,0.923884428,0.996724364
2022-08-12,0.949347943,0.913372681,0.986008356
2022-08-13,0.937030601,0.901182296,0.973568298
2022-08-14,0.925310697,0.889551329,0.961764867
2022-08-15,0.914771463,0.879038643,0.951206196
2022-08-16,0.905590612,0.869812326,0.942079894
2022-08-17,0.897563431,0.861672606,0.934176308
2022-08-18,0.891430822,0.855350298,0.928246254
2022-08-19,0.888016657,0.851656854,0.925125839
2022-08-20,0.886720217,0.850006569,0.924199195
2022-08-21,0.888554853,0.851394791,0.926497518
2022-08-22,0.892823771,0.855145637,0.931302791
2022-08-23,0.899135456,0.860885093,0.938205565
2022-08-24,0.905733007,0.866905049,0.945399643
2022-08-25,0.913031181,0.873622675,0.953296854
2022-08-26,0.92212147,0.882114155,0.963003592
2022-08-27,0.934430016,0.893777782,0.975973644
2022-08-28,0.949178468,0.907853722,0.991410048
2022-08-29,0.966756533,0.924729323,1.009704583
2022-08-30,0.986208217,0.943483861,1.029865375
2022-08-31,1.005853009,0.962491207,1.050156786
2022-09-01,1.023524558,0.979646982,1.068349882
2022-09-02,1.037244097,0.993023573,1.082414396
2022-09-03,1.048414736,1.003993246,1.093784314
2022-09-04,1.056913411,1.012424998,1.10234499
2022-09-05,1.061520994,1.017106916,1.106870887
2022-09-06,1.061572611,1.017369568,1.106702458
2022-09-07,1.058207307,1.0143142,1.103017098
2022-09-08,1.052094462,1.008582698,1.096512229
2022-09-09,1.04504161,1.001928067,1.089050603
2022-09-10,1.037871882,0.995140114,1.081489351
2022-09-11,1.033460144,0.991023378,1.076774105
2022-09-12,1.031483859,0.989259104,1.074578674
2022-09-13,1.032234983,0.990136871,1.075197246
2022-09-14,1.036137935,0.994082495,1.079052441
2022-09-15,1.042525468,1.00045607,1.085449133
2022-09-16,1.051189793,1.009067286,1.094161544
2022-09-17,1.060610359,1.018438433,1.103625828
2022-09-18,1.070659094,1.028454383,1.113700586
2022-09-19,1.07909689,1.036928271,1.122094182
2022-09-20,1.083511945,1.041498351,1.126344652
2022-09-21,1.083114835,1.041387824,1.125650015
2022-09-22,1.078770962,1.037436403,1.120901669
2022-09-23,1.07260097,1.031707418,1.114278178
2022-09-24,1.066097747,1.025644823,1.107322138
2022-09-25,1.059368714,1.019337377,1.100160259
2022-09-26,1.053271932,1.013619479,1.093674534
2022-09-27,1.047019173,1.007719026,1.087060558
2022-09-28,1.040477086,1.001508954,1.080178536
2022-09-29,1.033169176,0.994524556,1.072540071
2022-09-30,1.02626543,0.987914265,1.065336682
2022-10-01,1.021756289,0.983629544,1.060597838
2022-10-02,1.02011449,0.982132286,1.058807199
2022-10-03,1.020168335,0.982273734,1.0587701
2022-10-04,1.020426048,0.982597221,1.058959383
2022-10-05,1.019901128,0.982146247,1.058358107
2022-10-06,1.016627215,0.9790003,1.054953718
2022-10-07,1.010169868,0.972734767,1.048301887
2022-10-08,1.000857307,0.963666539,1.038742362
2022-10-09,0.991108454,0.954159107,1.028749885
2022-10-10,0.98159214,0.944856444,1.019018623
2022-10-11,0.971382547,0.934840184,1.008615698
2022-10-12,0.961734035,0.925337442,0.99882287
2022-10-13,0.952855692,0.916555221,0.989851258
2022-10-14,0.945689597,0.909419227,0.982659261
2022-10-15,0.940531768,0.904219786,0.977548586
2022-10-16,0.937261761,0.900839826,0.974395371
2022-10-17,0.936743364,0.900130244,0.974076131
2022-10-18,0.937456046,0.900607326,0.975033232
2022-10-19,0.939738446,0.902611039,0.977603659
2022-10-20,0.943185178,0.905752253,0.981365429
2022-10-21,0.947483637,0.90973131,0.985992711
2022-10-22,0.953239766,0.915146626,0.992098771
2022-10-23,0.959916417,0.921475685,0.999131664
2022-10-24,0.966548759,0.927776983,1.006103066
2022-10-25,0.971261518,0.932218019,1.011094739
2022-10-26,0.972975235,0.933746,1.013000368
2022-10-27,0.971630397,0.932303807,1.011758011
2022-10-28,0.968381319,0.929016299,1.008551696
2022-10-29,0.964288052,0.924909346,1.004476172
2022-10-30,0.960467977,0.921063404,1.000686331
2022-10-31,0.957811778,0.918341075,0.998101336
2022-11-01,0.956451629,0.916868674,0.99685935
2022-11-02,0.955381237,0.91566326,0.995930624
2022-11-03,0.954750378,0.914876959,0.995462365
2022-11-04,0.956059639,0.915984187,0.996981084
2022-11-05,0.960108805,0.919770297,1.001300876
2022-11-06,0.966907511,0.926245581,1.008430666
2022-11-07,0.976294849,0.935257233,1.018201233
2022-11-08,0.987804726,0.946360278,1.030124893
2022-11-09,1.00033891,0.958494325,1.043064963
2022-11-10,1.013298457,0.971086257,1.056396131
2022-11-11,1.028116502,0.985548501,1.071571874
2022-11-12,1.044075276,1.0011836,1.087853953
2022-11-13,1.060072012,1.01691405,1.104114304
2022-11-14,1.07627314,1.032906848,1.12051869
2022-11-15,1.090401056,1.046936063,1.134737678
2022-11-16,1.101732638,1.058294154,1.146032543
2022-11-17,1.108473724,1.065217852,1.15257842
2022-11-18,1.113235254,1.070255548,1.15704922
2022-11-19,1.117065278,1.074419446,1.160529463
2022-11-20,1.119877203,1.07760693,1.162949283
2022-11-21,1.121436302,1.079574689,1.164083034
2022-11-22,1.120336051,1.078937703,1.162502842
2022-11-23,1.116316709,1.075439089,1.157946133
2022-11-24,1.108919295,1.068623607,1.149950303
2022-11-25,1.099574659,1.059886054,1.139982568
2022-11-26,1.089089145,1.050005703,1.128876763
2022-11-27,1.07823502,1.039729477,1.117430889
2022-11-28,1.067539397,1.02956812,1.106188652
2022-11-29,1.056877,1.019396881,1.095024299
2022-11-30,1.046292929,1.009261463,1.083982262
2022-12-01,1.03678472,1.000143978,1.074075409
2022-12-02,1.029660257,0.993330828,1.066633039
2022-12-03,1.026200139,0.990081241,1.062957071
2022-12-04,1.026203101,0.990201024,1.062839052
2022-12-05,1.028215324,0.992270214,1.064791027
2022-12-06,1.030526044,0.994620932,1.067058899
2022-12-07,1.030389493,0.994568972,1.06683486
2022-12-08,1.027341717,0.991666749,1.06363829
2022-12-09,1.020759876,0.985302237,1.056835533
2022-12-10,1.010864139,0.975683304,1.046659358
2022-12-11,0.997488466,0.962634302,1.032953786
2022-12-12,0.980449847,0.945963639,1.015544844
2022-12-13,0.960378775,0.926281343,0.995083888
2022-12-14,0.936490898,0.902809519,0.970780486
2022-12-15,0.911452698,0.878158839,0.945357351
2022-12-16,0.888843098,0.855832614,0.922469489
2022-12-17,0.871612163,0.838712766,0.905135614
2022-12-18,0.861284529,0.828283255,0.894921443
2022-12-19,0.858996638,0.825655757,0.892988202
2022-12-20,0.864407963,0.830506198,0.898978414
2022-12-21,0.874666353,0.840060094,0.909961327
2022-12-22,0.88691458,0.85154608,0.922992648
2022-12-23,0.902420981,0.866236908,0.939335043
2022-12-24,0.921178975,0.884148732,0.95895822
2022-12-25,0.941380653,0.903522239,0.980005151
2022-12-26,0.961232825,0.922608873,1.000637674
2022-12-27,0.977341026,0.938094802,1.017380214
2022-12-28,0.985723545,0.946090271,1.026158646
2022-12-29,0.983232584,0.943513314,1.023759282
2022-12-30,0.968860895,0.929364669,1.009167501
2022-12-31,0.945092253,0.906049691,0.984946828
2023-01-01,0.916241027,0.877754537,0.955541699
2023-01-02,0.88654988,0.848590143,0.925328531
2023-01-03,0.860069191,0.822483156,0.898483188
2023-01-04,0.837351177,0.799950281,0.875594558
2023-01-05,0.819423339,0.781988146,0.85772148
2023-01-06,0.807295955,0.769587137,0.845894004
2023-01-07,0.801045957,0.762830131,0.840182683
2023-01-08,0.79995655,0.761026524,0.839843992
2023-01-09,0.804412973,0.764563562,0.845260446
2023-01-10,0.813865953,0.772921104,0.855852666
2023-01-11,0.828378529,0.786179446,0.87166525
2023-01-12,0.846356493,0.802807384,0.891039638
2023-01-13,0.866638904,0.821699738,0.912757639
2023-01-14,0.889261809,0.842918952,0.936827325
2023-01-15,0.911792491,0.864121586,0.960725276
2023-01-16,0.933828927,0.884935357,0.984018663
2023-01-17,0.953750235,0.903795561,1.005029696
2023-01-18,0.97074857,0.919921955,1.022922596
2023-01-19,0.985685191,0.934150982,1.038583545
2023-01-20,1.000433899,0.948297437,1.053945874
2023-01-21,1.014867073,0.962222936,1.068893524
2023-01-22,1.027990668,0.974947286,1.082419298
2023-01-23,1.040635107,0.987275346,1.095379425
2023-01-24,1.050477031,0.996945538,1.105388726
2023-01-25,1.056788175,1.003245729,1.111702935
2023-01-26,1.059092658,1.005703717,1.113842909
2023-01-27,1.059354873,1.00621898,1.113838693
2023-01-28,1.059743689,1.00688539,1.113935185
2023-01-29,1.059635273,1.007074503,1.113514223
2023-01-30,1.058862855,1.006610742,1.11241849
2023-01-31,1.055455365,1.003570787,1.108629215
2023-02-01,1.050703748,0.999216423,1.103466319
2023-02-02,1.0433728,0.992341486,1.095665613
2023-02-03,1.03526065,0.984689812,1.08707999
2023-02-04,1.027566793,0.97741906,1.078951388
2023-02-05,1.022018073,0.972203612,1.073059597
2023-02-06,1.01879196,0.96921227,1.069590976
2023-02-07,1.014549566,0.96519173,1.065120884
2023-02-08,1.009532037,0.960387647,1.059885434
2023-02-09,1.002634995,0.953734671,1.052740639
2023-02-10,0.993770432,0.945149842,1.043593316
2023-02-11,0.984527375,0.936175672,1.034079388
2023-02-12,0.975996478,0.927864481,1.025328424
2023-02-13,0.969187579,0.921191,1.018385876
2023-02-14,0.964219345,0.916266925,1.013377583
2023-02-15,0.959622285,0.911663447,1.008793194
2023-02-16,0.956261713,0.9082331,1.005510354
2023-02-17,0.954373793,0.906215325,1.003761472
2023-02-18,0.953092751,0.904771351,1.002653508
2023-02-19,0.953623847,0.905077744,1.003420298
2023-02-20,0.954495166,0.905704289,1.004548016
2023-02-21,0.956823392,0.90774416,1.007176567
2023-02-22,0.958355206,0.909008766,1.008987569
2023-02-23,0.958862714,0.909281741,1.009741323
2023-02-24,0.959572853,0.909761634,1.010692954
2023-02-25,0.95913926,0.909136911,1.010461301
2023-02-26,0.959152188,0.908950882,1.010683834
2023-02-27,0.958383104,0.908003192,1.010104071
2023-02-28,0.957613922,0.907052861,1.009526946
2023-03-01,0.955418946,0.904712113,1.007488867
2023-03-02,0.952503948,0.901667746,1.004714605
2023-03-03,0.950389384,0.899397114,1.002767843
2023-03-04,0.9507462,0.899520365,1.003370589
2023-03-05,0.953073647,0.901544506,1.006014632
2023-03-06,0.957357113,0.905456093,1.010684129
2023-03-07,0.963219781,0.9108994,1.016980553
2023-03-08,0.970126201,0.917369034,1.024337532
2023-03-09,0.97686463,0.923699513,1.031496331
2023-03-10,0.983150242,0.929622114,1.038155563
2023-03-11,0.989632361,0.93577237,1.044978105
2023-03-12,0.995550836,0.941411033,1.051182913
2023-03-13,1.000227078,0.945875367,1.056075702
2023-03-14,1.002149266,0.947693105,1.058105218
2023-03-15,1.00137448,0.946917977,1.057331986
2023-03-16,0.997326047,0.942983588,1.053169377
2023-03-17,0.990485891,0.936346218,1.046125676
2023-03-18,0.983081783,0.929155158,1.038508097
2023-03-19,0.976547114,0.9227865,1.031808325
2023-03-20,0.972175128,0.91848315,1.027370743
2023-03-21,0.968551132,0.914864468,1.023746917
2023-03-22,0.966243265,0.912488007,1.021515277
2023-03-23,0.965597841,0.911702087,1.02101945
2023-03-24,0.965438782,0.911373775,1.021039643
2023-03-25,0.966368467,0.912093917,1.022189441
2023-03-26,0.968221145,0.913706193,1.024293379
2023-03-27,0.971669882,0.916868951,1.028038966
2023-03-28,0.975750599,0.920650076,1.032429898
2023-03-29,0.981119117,0.925692099,1.038134954
2023-03-30,0.989237176,0.933422034,1.046650186
2023-03-31,1.000759387,0.944482993,1.058641307
2023-04-01,1.014619722,0.957847537,1.073003294
2023-04-02,1.031215465,0.97391576,1.090129898
2023-04-03,1.048112642,0.990342874,1.107496907
2023-04-04,1.061988954,1.003918049,1.12166955
2023-04-05,1.068909771,1.010825885,1.128593359
2023-04-06,1.068857397,1.011045964,1.128253432
2023-04-07,1.06176753,1.004494074,1.1206065
2023-04-08,1.047583515,0.991075168,1.105636463
2023-04-09,1.028213103,0.972600002,1.085350549
2023-04-10,1.006095004,0.951403124,1.062293769
2023-04-11,0.981668062,0.927883009,1.036947038
2023-04-12,0.95576585,0.902830781,1.010187675
2023-04-13,0.93110009,0.878871524,0.984814876
2023-04-14,0.910062691,0.858321902,0.963296374
2023-04-15,0.894158478,0.842635741,0.947188482
2023-04-16,0.88392735,0.832333947,0.937050245
2023-04-17,0.882053816,0.830028562,0.935638072
2023-04-18,0.886974366,0.83422073,0.94132248
2023-04-19,0.896890708,0.843194846,0.952220584
2023-04-20,0.90972205,0.854972058,0.966147154
2023-04-21,0.923249781,0.867444777,0.980769811
2023-04-22,0.93548894,0.878724506,0.994004875
2023-04-23,0.943989982,0.886457238,1.003306005
2023-04-24,0.945783093,0.887769678,1.005606642
2023-04-25,0.941123512,0.882901629,1.001178089
2023-04-26,0.929740641,0.871571903,0.989761803
2023-04-27,0.913713559,0.85576247,0.973536321
2023-04-28,0.896287458,0.8385755,0.955892719
2023-04-29,0.880590341,0.822997849,0.94010293
2023-04-30,0.867371016,0.809722216,0.926974075
2023-05-01,0.859946813,0.801937333,0.919953201
2023-05-02,0.857044135,0.798412446,0.917723731
2023-05-03,0.860292785,0.800733437,0.921958282
2023-05-04,0.867926855,0.807219294,0.930804121
2023-05-05,0.879147054,0.817130036,0.943400186
2023-05-06,0.895576229,0.832064443,0.961390651
2023-05-07,0.912950127,0.847945849,0.980320986
2023-05-08,0.930588883,0.864149939,0.999453408
2023-05-09,0.945225146,0.877558212,1.015369445
2023-05-10,0.954965676,0.886368135,1.026083548
2023-05-11,0.958395215,0.889219438,1.030125286
2023-05-12,0.95604166,0.886602934,1.028061083
2023-05-13,0.95032876,0.880817242,1.022442637
2023-05-14,0.943941906,0.87440262,1.016103977
2023-05-15,0.938060785,0.868452107,1.010314706
2023-05-16,0.933379857,0.863607243,1.005824289
2023-05-17,0.929997997,0.85995723,1.002741747
2023-05-18,0.930515462,0.860010127,1.003758891
2023-05-19,0.934670818,0.863524815,1.008593017
2023-05-20,0.943714197,0.871713616,1.018531083
2023-05-21,0.954277579,0.881358366,1.030053622
2023-05-22,0.967128058,0.893226902,1.043924516
2023-05-23,0.978337823,0.903580095,1.05602441
2023-05-24,0.984099489,0.908784729,1.0623697
2023-05-25,0.982534522,0.907045671,1.060997699
2023-05-26,0.972339314,0.897101548,1.050563497
2023-05-27,0.956109746,0.88141217,1.03380216
2023-05-28,0.935395104,0.86141129,1.012383391
2023-05-29,0.914947178,0.841599405,0.991315699
2023-05-30,0.894294553,0.821475005,0.97016229
2023-05-31,0.875472178,0.802961442,0.951072576
2023-06-01,0.858267077,0.785848668,0.933831654
2023-06-02,0.843811622,0.771225555,0.919615403
2023-06-03,0.829843901,0.756936563,0.906055366
2023-06-04,0.817499903,0.744075844,0.894329249
2023-06-05,0.808109248,0.733917496,0.885822022
2023-06-06,0.799508702,0.724400582,0.878268348
2023-06-07,0.793325614,0.71707481,0.873373654
2023-06-08,0.787211076,0.709712216,0.868667923
2023-06-09,0.782804398,0.703880277,0.865861818
