date,semaine_cdc,regroupement,variant,proportion
2024-12-29,01,Autres,2,1.6
2024-12-29,01,JN.1.16.1,0,0
2024-12-29,01,KP.3.1.1,12,9.6
2024-12-29,01,KP.3.3.5,0,0
2024-12-29,01,LB.1.3.1,0,0
2024-12-29,01,LF.7,1,0.8
2024-12-29,01,LF.7.1,0,0
2024-12-29,01,LF.7.2.1,0,0
2024-12-29,01,LP.8.1,2,1.6
2024-12-29,01,LP.8.1.1,3,2.4
2024-12-29,01,LP.8.1.2,1,0.8
2024-12-29,01,MC.1,4,3.2
2024-12-29,01,MC.1.2,19,15.2
2024-12-29,01,MC.1.3.1,0,0
2024-12-29,01,MC.10.1,10,8
2024-12-29,01,MC.10.2,0,0
2024-12-29,01,MC.11,0,0
2024-12-29,01,MC.13,1,0.8
2024-12-29,01,MC.13.2,5,4
2024-12-29,01,MC.16,1,0.8
2024-12-29,01,MC.19,0,0
2024-12-29,01,MC.19.1,0,0
2024-12-29,01,MC.2,0,0
2024-12-29,01,MC.21.1,1,0.8
2024-12-29,01,MC.28.1,0,0
2024-12-29,01,MC.4,0,0
2024-12-29,01,MC.6,5,4
2024-12-29,01,MC.9,0,0
2024-12-29,01,MV.1,2,1.6
2024-12-29,01,NF.1,0,0
2024-12-29,01,NL.2,0,0
2024-12-29,01,NL.3,0,0
2024-12-29,01,NL.4,1,0.8
2024-12-29,01,XEC,37,29.6
2024-12-29,01,XEC.1,2,1.6
2024-12-29,01,XEC.11,4,3.2
2024-12-29,01,XEC.13,0,0
2024-12-29,01,XEC.14,3,2.4
2024-12-29,01,XEC.16,0,0
2024-12-29,01,XEC.2,2,1.6
2024-12-29,01,XEC.2.1,0,0
2024-12-29,01,XEC.2.2,0,0
2024-12-29,01,XEC.4,0,0
2024-12-29,01,XEC.6,0,0
2024-12-29,01,XEC.8,3,2.4
2024-12-29,01,XEC.9,3,2.4
2024-12-29,01,XEK,1,0.8
2024-12-29,01,XEK.1,0,0
2024-12-29,01,XEM,0,0
2025-01-12,03,Autres,7,4.4303797
2025-01-12,03,JN.1.16.1,0,0
2025-01-12,03,KP.3.1.1,21,13.291139
2025-01-12,03,KP.3.3.5,0,0
2025-01-12,03,LB.1.3.1,0,0
2025-01-12,03,LF.7,8,5.0632911
2025-01-12,03,LF.7.1,1,0.6329114
2025-01-12,03,LF.7.2.1,1,0.6329114
2025-01-12,03,LP.8.1,1,0.6329114
2025-01-12,03,LP.8.1.1,6,3.7974684
2025-01-12,03,LP.8.1.2,2,1.2658228
2025-01-12,03,MC.1,4,2.5316456
2025-01-12,03,MC.1.2,20,12.658228
2025-01-12,03,MC.1.3.1,2,1.2658228
2025-01-12,03,MC.10.1,7,4.4303797
2025-01-12,03,MC.10.2,0,0
2025-01-12,03,MC.11,0,0
2025-01-12,03,MC.13,3,1.8987342
2025-01-12,03,MC.13.2,5,3.164557
2025-01-12,03,MC.16,2,1.2658228
2025-01-12,03,MC.19,3,1.8987342
2025-01-12,03,MC.19.1,0,0
2025-01-12,03,MC.2,3,1.8987342
2025-01-12,03,MC.21.1,3,1.8987342
2025-01-12,03,MC.28.1,0,0
2025-01-12,03,MC.4,2,1.2658228
2025-01-12,03,MC.6,0,0
2025-01-12,03,MC.9,2,1.2658228
2025-01-12,03,MV.1,0,0
2025-01-12,03,NF.1,0,0
2025-01-12,03,NL.2,0,0
2025-01-12,03,NL.3,0,0
2025-01-12,03,NL.4,0,0
2025-01-12,03,XEC,32,20.253165
2025-01-12,03,XEC.1,0,0
2025-01-12,03,XEC.11,5,3.164557
2025-01-12,03,XEC.13,0,0
2025-01-12,03,XEC.14,6,3.7974684
2025-01-12,03,XEC.16,3,1.8987342
2025-01-12,03,XEC.2,3,1.8987342
2025-01-12,03,XEC.2.1,0,0
2025-01-12,03,XEC.2.2,0,0
2025-01-12,03,XEC.4,1,0.6329114
2025-01-12,03,XEC.6,0,0
2025-01-12,03,XEC.8,1,0.6329114
2025-01-12,03,XEC.9,4,2.5316456
2025-01-12,03,XEK,0,0
2025-01-12,03,XEK.1,0,0
2025-01-12,03,XEM,0,0
2025-01-26,05,Autres,3,2.0134228
2025-01-26,05,JN.1.16.1,0,0
2025-01-26,05,KP.3.1.1,12,8.0536913
2025-01-26,05,KP.3.3.5,0,0
2025-01-26,05,LB.1.3.1,4,2.6845638
2025-01-26,05,LF.7,14,9.3959732
2025-01-26,05,LF.7.1,0,0
2025-01-26,05,LF.7.2.1,4,2.6845638
2025-01-26,05,LP.8.1,1,0.6711409
2025-01-26,05,LP.8.1.1,13,8.7248322
2025-01-26,05,LP.8.1.2,0,0
2025-01-26,05,MC.1,6,4.0268456
2025-01-26,05,MC.1.2,26,17.449664
2025-01-26,05,MC.1.3.1,1,0.6711409
2025-01-26,05,MC.10.1,9,6.0402685
2025-01-26,05,MC.10.2,0,0
2025-01-26,05,MC.11,0,0
2025-01-26,05,MC.13,0,0
2025-01-26,05,MC.13.2,0,0
2025-01-26,05,MC.16,1,0.6711409
2025-01-26,05,MC.19,0,0
2025-01-26,05,MC.19.1,0,0
2025-01-26,05,MC.2,0,0
2025-01-26,05,MC.21.1,0,0
2025-01-26,05,MC.28.1,0,0
2025-01-26,05,MC.4,0,0
2025-01-26,05,MC.6,0,0
2025-01-26,05,MC.9,0,0
2025-01-26,05,MV.1,0,0
2025-01-26,05,NF.1,1,0.6711409
2025-01-26,05,NL.2,0,0
2025-01-26,05,NL.3,0,0
2025-01-26,05,NL.4,0,0
2025-01-26,05,XEC,31,20.805369
2025-01-26,05,XEC.1,0,0
2025-01-26,05,XEC.11,3,2.0134228
2025-01-26,05,XEC.13,0,0
2025-01-26,05,XEC.14,2,1.3422819
2025-01-26,05,XEC.16,1,0.6711409
2025-01-26,05,XEC.2,5,3.3557047
2025-01-26,05,XEC.2.1,1,0.6711409
2025-01-26,05,XEC.2.2,1,0.6711409
2025-01-26,05,XEC.4,0,0
2025-01-26,05,XEC.6,0,0
2025-01-26,05,XEC.8,3,2.0134228
2025-01-26,05,XEC.9,5,3.3557047
2025-01-26,05,XEK,0,0
2025-01-26,05,XEK.1,1,0.6711409
2025-01-26,05,XEM,1,0.6711409
2025-02-09,07,Autres,4,3.1496063
2025-02-09,07,JN.1.16.1,0,0
2025-02-09,07,KP.3.1.1,3,2.3622047
2025-02-09,07,KP.3.3.5,2,1.5748031
2025-02-09,07,LB.1.3.1,2,1.5748031
2025-02-09,07,LF.7,27,21.259843
2025-02-09,07,LF.7.1,1,0.7874016
2025-02-09,07,LF.7.2.1,0,0
2025-02-09,07,LP.8.1,0,0
2025-02-09,07,LP.8.1.1,3,2.3622047
2025-02-09,07,LP.8.1.2,0,0
2025-02-09,07,MC.1,6,4.7244094
2025-02-09,07,MC.1.2,12,9.4488189
2025-02-09,07,MC.1.3.1,1,0.7874016
2025-02-09,07,MC.10.1,7,5.511811
2025-02-09,07,MC.10.2,0,0
2025-02-09,07,MC.11,1,0.7874016
2025-02-09,07,MC.13,0,0
2025-02-09,07,MC.13.2,2,1.5748031
2025-02-09,07,MC.16,1,0.7874016
2025-02-09,07,MC.19,0,0
2025-02-09,07,MC.19.1,0,0
2025-02-09,07,MC.2,0,0
2025-02-09,07,MC.21.1,0,0
2025-02-09,07,MC.28.1,0,0
2025-02-09,07,MC.4,0,0
2025-02-09,07,MC.6,0,0
2025-02-09,07,MC.9,0,0
2025-02-09,07,MV.1,0,0
2025-02-09,07,NF.1,0,0
2025-02-09,07,NL.2,0,0
2025-02-09,07,NL.3,2,1.5748031
2025-02-09,07,NL.4,1,0.7874016
2025-02-09,07,XEC,28,22.047244
2025-02-09,07,XEC.1,2,1.5748031
2025-02-09,07,XEC.11,9,7.0866142
2025-02-09,07,XEC.13,0,0
2025-02-09,07,XEC.14,0,0
2025-02-09,07,XEC.16,1,0.7874016
2025-02-09,07,XEC.2,2,1.5748031
2025-02-09,07,XEC.2.1,0,0
2025-02-09,07,XEC.2.2,1,0.7874016
2025-02-09,07,XEC.4,1,0.7874016
2025-02-09,07,XEC.6,0,0
2025-02-09,07,XEC.8,1,0.7874016
2025-02-09,07,XEC.9,0,0
2025-02-09,07,XEK,1,0.7874016
2025-02-09,07,XEK.1,2,1.5748031
2025-02-09,07,XEM,4,3.1496063
2025-02-23,09,Autres,0,0
2025-02-23,09,JN.1.16.1,0,0
2025-02-23,09,KP.3.1.1,2,2.2222222
2025-02-23,09,KP.3.3.5,3,3.3333333
2025-02-23,09,LB.1.3.1,2,2.2222222
2025-02-23,09,LF.7,24,26.666667
2025-02-23,09,LF.7.1,2,2.2222222
2025-02-23,09,LF.7.2.1,2,2.2222222
2025-02-23,09,LP.8.1,1,1.1111111
2025-02-23,09,LP.8.1.1,8,8.8888889
2025-02-23,09,LP.8.1.2,0,0
2025-02-23,09,MC.1,1,1.1111111
2025-02-23,09,MC.1.2,8,8.8888889
2025-02-23,09,MC.1.3.1,0,0
2025-02-23,09,MC.10.1,4,4.4444444
2025-02-23,09,MC.10.2,0,0
2025-02-23,09,MC.11,1,1.1111111
2025-02-23,09,MC.13,0,0
2025-02-23,09,MC.13.2,1,1.1111111
2025-02-23,09,MC.16,0,0
2025-02-23,09,MC.19,0,0
2025-02-23,09,MC.19.1,0,0
2025-02-23,09,MC.2,0,0
2025-02-23,09,MC.21.1,0,0
2025-02-23,09,MC.28.1,1,1.1111111
2025-02-23,09,MC.4,0,0
2025-02-23,09,MC.6,0,0
2025-02-23,09,MC.9,0,0
2025-02-23,09,MV.1,0,0
2025-02-23,09,NF.1,1,1.1111111
2025-02-23,09,NL.2,1,1.1111111
2025-02-23,09,NL.3,0,0
2025-02-23,09,NL.4,0,0
2025-02-23,09,XEC,15,16.666667
2025-02-23,09,XEC.1,0,0
2025-02-23,09,XEC.11,3,3.3333333
2025-02-23,09,XEC.13,1,1.1111111
2025-02-23,09,XEC.14,1,1.1111111
2025-02-23,09,XEC.16,0,0
2025-02-23,09,XEC.2,1,1.1111111
2025-02-23,09,XEC.2.1,1,1.1111111
2025-02-23,09,XEC.2.2,1,1.1111111
2025-02-23,09,XEC.4,0,0
2025-02-23,09,XEC.6,0,0
2025-02-23,09,XEC.8,1,1.1111111
2025-02-23,09,XEC.9,2,2.2222222
2025-02-23,09,XEK,1,1.1111111
2025-02-23,09,XEK.1,1,1.1111111
2025-02-23,09,XEM,0,0
2025-03-09,11,Autres,0,0
2025-03-09,11,JN.1.16.1,1,1.9230769
2025-03-09,11,KP.3.1.1,1,1.9230769
2025-03-09,11,KP.3.3.5,2,3.8461538
2025-03-09,11,LB.1.3.1,2,3.8461538
2025-03-09,11,LF.7,7,13.461538
2025-03-09,11,LF.7.1,0,0
2025-03-09,11,LF.7.2.1,0,0
2025-03-09,11,LP.8.1,1,1.9230769
2025-03-09,11,LP.8.1.1,2,3.8461538
2025-03-09,11,LP.8.1.2,0,0
2025-03-09,11,MC.1,0,0
2025-03-09,11,MC.1.2,5,9.6153846
2025-03-09,11,MC.1.3.1,0,0
2025-03-09,11,MC.10.1,4,7.6923077
2025-03-09,11,MC.10.2,1,1.9230769
2025-03-09,11,MC.11,0,0
2025-03-09,11,MC.13,0,0
2025-03-09,11,MC.13.2,0,0
2025-03-09,11,MC.16,0,0
2025-03-09,11,MC.19,0,0
2025-03-09,11,MC.19.1,2,3.8461538
2025-03-09,11,MC.2,0,0
2025-03-09,11,MC.21.1,2,3.8461538
2025-03-09,11,MC.28.1,0,0
2025-03-09,11,MC.4,0,0
2025-03-09,11,MC.6,0,0
2025-03-09,11,MC.9,0,0
2025-03-09,11,MV.1,0,0
2025-03-09,11,NF.1,0,0
2025-03-09,11,NL.2,0,0
2025-03-09,11,NL.3,0,0
2025-03-09,11,NL.4,2,3.8461538
2025-03-09,11,XEC,10,19.230769
2025-03-09,11,XEC.1,0,0
2025-03-09,11,XEC.11,1,1.9230769
2025-03-09,11,XEC.13,1,1.9230769
2025-03-09,11,XEC.14,0,0
2025-03-09,11,XEC.16,0,0
2025-03-09,11,XEC.2,2,3.8461538
2025-03-09,11,XEC.2.1,1,1.9230769
2025-03-09,11,XEC.2.2,0,0
2025-03-09,11,XEC.4,2,3.8461538
2025-03-09,11,XEC.6,2,3.8461538
2025-03-09,11,XEC.8,0,0
2025-03-09,11,XEC.9,1,1.9230769
2025-03-09,11,XEK,0,0
2025-03-09,11,XEK.1,0,0
2025-03-09,11,XEM,0,0
