date,region,deces_cumulatif
2020-01-23,06 - Montréal,0
2020-01-24,06 - Montréal,0
2020-01-25,06 - Montréal,0
2020-01-26,06 - Montréal,0
2020-01-27,06 - Montréal,0
2020-01-28,06 - Montréal,0
2020-01-29,06 - Montréal,0
2020-01-30,06 - Montréal,0
2020-01-31,06 - Montréal,0
2020-02-01,06 - Montréal,0
2020-02-02,06 - Montréal,0
2020-02-03,06 - Montréal,0
2020-02-04,06 - Montréal,0
2020-02-05,06 - Montréal,0
2020-02-06,06 - Montréal,0
2020-02-07,06 - Montréal,0
2020-02-08,06 - Montréal,0
2020-02-09,06 - Montréal,0
2020-02-10,06 - Montréal,0
2020-02-11,06 - Montréal,0
2020-02-12,06 - Montréal,0
2020-02-13,06 - Montréal,0
2020-02-14,06 - Montréal,0
2020-02-15,06 - Montréal,0
2020-02-16,06 - Montréal,0
2020-02-17,06 - Montréal,0
2020-02-18,06 - Montréal,0
2020-02-19,06 - Montréal,0
2020-02-20,06 - Montréal,0
2020-02-21,06 - Montréal,0
2020-02-22,06 - Montréal,0
2020-02-23,06 - Montréal,0
2020-02-24,06 - Montréal,0
2020-02-25,06 - Montréal,0
2020-02-26,06 - Montréal,0
2020-02-27,06 - Montréal,0
2020-02-28,06 - Montréal,0
2020-02-29,06 - Montréal,0
2020-03-01,06 - Montréal,0
2020-03-02,06 - Montréal,0
2020-03-03,06 - Montréal,0
2020-03-04,06 - Montréal,0
2020-03-05,06 - Montréal,0
2020-03-06,06 - Montréal,0
2020-03-07,06 - Montréal,0
2020-03-08,06 - Montréal,0
2020-03-09,06 - Montréal,0
2020-03-10,06 - Montréal,0
2020-03-11,06 - Montréal,0
2020-03-12,06 - Montréal,0
2020-03-13,06 - Montréal,0
2020-03-14,06 - Montréal,0
2020-03-15,06 - Montréal,0
2020-03-16,06 - Montréal,0
2020-03-17,06 - Montréal,0
2020-03-18,06 - Montréal,0
2020-03-19,06 - Montréal,0
2020-03-20,06 - Montréal,0
2020-03-21,06 - Montréal,0
2020-03-22,06 - Montréal,1
2020-03-23,06 - Montréal,1
2020-03-24,06 - Montréal,3
2020-03-25,06 - Montréal,5
2020-03-26,06 - Montréal,8
2020-03-27,06 - Montréal,9
2020-03-28,06 - Montréal,16
2020-03-29,06 - Montréal,23
2020-03-30,06 - Montréal,33
2020-03-31,06 - Montréal,43
2020-04-01,06 - Montréal,53
2020-04-02,06 - Montréal,66
2020-04-03,06 - Montréal,83
2020-04-04,06 - Montréal,111
2020-04-05,06 - Montréal,135
2020-04-06,06 - Montréal,169
2020-04-07,06 - Montréal,205
2020-04-08,06 - Montréal,242
2020-04-09,06 - Montréal,281
2020-04-10,06 - Montréal,325
2020-04-11,06 - Montréal,367
2020-04-12,06 - Montréal,413
2020-04-13,06 - Montréal,465
2020-04-14,06 - Montréal,520
2020-04-15,06 - Montréal,572
2020-04-16,06 - Montréal,625
2020-04-17,06 - Montréal,685
2020-04-18,06 - Montréal,736
2020-04-19,06 - Montréal,816
2020-04-20,06 - Montréal,888
2020-04-21,06 - Montréal,960
2020-04-22,06 - Montréal,1024
2020-04-23,06 - Montréal,1101
2020-04-24,06 - Montréal,1168
2020-04-25,06 - Montréal,1246
2020-04-26,06 - Montréal,1320
2020-04-27,06 - Montréal,1390
2020-04-28,06 - Montréal,1474
2020-04-29,06 - Montréal,1559
2020-04-30,06 - Montréal,1637
2020-05-01,06 - Montréal,1711
2020-05-02,06 - Montréal,1785
2020-05-03,06 - Montréal,1846
2020-05-04,06 - Montréal,1914
2020-05-05,06 - Montréal,1977
2020-05-06,06 - Montréal,2036
2020-05-07,06 - Montréal,2094
2020-05-08,06 - Montréal,2149
2020-05-09,06 - Montréal,2211
2020-05-10,06 - Montréal,2267
2020-05-11,06 - Montréal,2328
2020-05-12,06 - Montréal,2378
2020-05-13,06 - Montréal,2412
2020-05-14,06 - Montréal,2469
2020-05-15,06 - Montréal,2518
2020-05-16,06 - Montréal,2558
2020-05-17,06 - Montréal,2593
2020-05-18,06 - Montréal,2624
2020-05-19,06 - Montréal,2654
2020-05-20,06 - Montréal,2700
2020-05-21,06 - Montréal,2736
2020-05-22,06 - Montréal,2780
2020-05-23,06 - Montréal,2807
2020-05-24,06 - Montréal,2840
2020-05-25,06 - Montréal,2868
2020-05-26,06 - Montréal,2898
2020-05-27,06 - Montréal,2924
2020-05-28,06 - Montréal,2966
2020-05-29,06 - Montréal,2994
2020-05-30,06 - Montréal,3012
2020-05-31,06 - Montréal,3026
2020-06-01,06 - Montréal,3047
2020-06-02,06 - Montréal,3066
2020-06-03,06 - Montréal,3081
2020-06-04,06 - Montréal,3087
2020-06-05,06 - Montréal,3104
2020-06-06,06 - Montréal,3114
2020-06-07,06 - Montréal,3122
2020-06-08,06 - Montréal,3126
2020-06-09,06 - Montréal,3133
2020-06-10,06 - Montréal,3138
2020-06-11,06 - Montréal,3149
2020-06-12,06 - Montréal,3155
2020-06-13,06 - Montréal,3163
2020-06-14,06 - Montréal,3166
2020-06-15,06 - Montréal,3171
2020-06-16,06 - Montréal,3174
2020-06-17,06 - Montréal,3176
2020-06-18,06 - Montréal,3179
2020-06-19,06 - Montréal,3181
2020-06-20,06 - Montréal,3183
2020-06-21,06 - Montréal,3187
2020-06-22,06 - Montréal,3191
2020-06-23,06 - Montréal,3191
2020-06-24,06 - Montréal,3195
2020-06-25,06 - Montréal,3196
2020-06-26,06 - Montréal,3197
2020-06-27,06 - Montréal,3200
2020-06-28,06 - Montréal,3201
2020-06-29,06 - Montréal,3206
2020-06-30,06 - Montréal,3210
2020-07-01,06 - Montréal,3211
2020-07-02,06 - Montréal,3211
2020-07-03,06 - Montréal,3211
2020-07-04,06 - Montréal,3211
2020-07-05,06 - Montréal,3212
2020-07-06,06 - Montréal,3213
2020-07-07,06 - Montréal,3213
2020-07-08,06 - Montréal,3214
2020-07-09,06 - Montréal,3214
2020-07-10,06 - Montréal,3215
2020-07-11,06 - Montréal,3217
2020-07-12,06 - Montréal,3217
2020-07-13,06 - Montréal,3217
2020-07-14,06 - Montréal,3217
2020-07-15,06 - Montréal,3220
2020-07-16,06 - Montréal,3221
2020-07-17,06 - Montréal,3222
2020-07-18,06 - Montréal,3222
2020-07-19,06 - Montréal,3222
2020-07-20,06 - Montréal,3222
2020-07-21,06 - Montréal,3222
2020-07-22,06 - Montréal,3223
2020-07-23,06 - Montréal,3224
2020-07-24,06 - Montréal,3224
2020-07-25,06 - Montréal,3225
2020-07-26,06 - Montréal,3225
2020-07-27,06 - Montréal,3225
2020-07-28,06 - Montréal,3225
2020-07-29,06 - Montréal,3226
2020-07-30,06 - Montréal,3226
2020-07-31,06 - Montréal,3227
2020-08-01,06 - Montréal,3228
2020-08-02,06 - Montréal,3228
2020-08-03,06 - Montréal,3228
2020-08-04,06 - Montréal,3228
2020-08-05,06 - Montréal,3229
2020-08-06,06 - Montréal,3231
2020-08-07,06 - Montréal,3231
2020-08-08,06 - Montréal,3231
2020-08-09,06 - Montréal,3231
2020-08-10,06 - Montréal,3231
2020-08-11,06 - Montréal,3231
2020-08-12,06 - Montréal,3232
2020-08-13,06 - Montréal,3233
2020-08-14,06 - Montréal,3233
2020-08-15,06 - Montréal,3234
2020-08-16,06 - Montréal,3235
2020-08-17,06 - Montréal,3235
2020-08-18,06 - Montréal,3235
2020-08-19,06 - Montréal,3237
2020-08-20,06 - Montréal,3237
2020-08-21,06 - Montréal,3237
2020-08-22,06 - Montréal,3237
2020-08-23,06 - Montréal,3237
2020-08-24,06 - Montréal,3237
2020-08-25,06 - Montréal,3238
2020-08-26,06 - Montréal,3238
2020-08-27,06 - Montréal,3238
2020-08-28,06 - Montréal,3238
2020-08-29,06 - Montréal,3239
2020-08-30,06 - Montréal,3239
2020-08-31,06 - Montréal,3239
2020-09-01,06 - Montréal,3239
2020-09-02,06 - Montréal,3239
2020-09-03,06 - Montréal,3239
2020-09-04,06 - Montréal,3240
2020-09-05,06 - Montréal,3240
2020-09-06,06 - Montréal,3240
2020-09-07,06 - Montréal,3240
2020-09-08,06 - Montréal,3240
2020-09-09,06 - Montréal,3241
2020-09-10,06 - Montréal,3242
2020-09-11,06 - Montréal,3242
2020-09-12,06 - Montréal,3242
2020-09-13,06 - Montréal,3242
2020-09-14,06 - Montréal,3242
2020-09-15,06 - Montréal,3242
2020-09-16,06 - Montréal,3242
2020-09-17,06 - Montréal,3242
2020-09-18,06 - Montréal,3242
2020-09-19,06 - Montréal,3242
2020-09-20,06 - Montréal,3244
2020-09-21,06 - Montréal,3244
2020-09-22,06 - Montréal,3245
2020-09-23,06 - Montréal,3246
2020-09-24,06 - Montréal,3247
2020-09-25,06 - Montréal,3247
2020-09-26,06 - Montréal,3248
2020-09-27,06 - Montréal,3248
2020-09-28,06 - Montréal,3248
2020-09-29,06 - Montréal,3249
2020-09-30,06 - Montréal,3251
2020-10-01,06 - Montréal,3252
2020-10-02,06 - Montréal,3253
2020-10-03,06 - Montréal,3254
2020-10-04,06 - Montréal,3254
2020-10-05,06 - Montréal,3254
2020-10-06,06 - Montréal,3257
2020-10-07,06 - Montréal,3258
2020-10-08,06 - Montréal,3258
2020-10-09,06 - Montréal,3259
2020-10-10,06 - Montréal,3259
2020-10-11,06 - Montréal,3259
2020-10-12,06 - Montréal,3263
2020-10-13,06 - Montréal,3265
2020-10-14,06 - Montréal,3270
2020-10-15,06 - Montréal,3270
2020-10-16,06 - Montréal,3273
2020-10-17,06 - Montréal,3273
2020-10-18,06 - Montréal,3276
2020-10-19,06 - Montréal,3278
2020-10-20,06 - Montréal,3278
2020-10-21,06 - Montréal,3282
2020-10-22,06 - Montréal,3282
2020-10-23,06 - Montréal,3282
2020-10-24,06 - Montréal,3283
2020-10-25,06 - Montréal,3285
2020-10-26,06 - Montréal,3290
2020-10-27,06 - Montréal,3292
2020-10-28,06 - Montréal,3294
2020-10-29,06 - Montréal,3296
2020-10-30,06 - Montréal,3302
2020-10-31,06 - Montréal,3306
2020-11-01,06 - Montréal,3307
2020-11-02,06 - Montréal,3308
2020-11-03,06 - Montréal,3309
2020-11-04,06 - Montréal,3311
2020-11-05,06 - Montréal,3313
2020-11-06,06 - Montréal,3315
2020-11-07,06 - Montréal,3320
2020-11-08,06 - Montréal,3323
2020-11-09,06 - Montréal,3329
2020-11-10,06 - Montréal,3330
2020-11-11,06 - Montréal,3335
2020-11-12,06 - Montréal,3338
2020-11-13,06 - Montréal,3341
2020-11-14,06 - Montréal,3344
2020-11-15,06 - Montréal,3346
2020-11-16,06 - Montréal,3349
2020-11-17,06 - Montréal,3354
2020-11-18,06 - Montréal,3359
2020-11-19,06 - Montréal,3362
2020-11-20,06 - Montréal,3363
2020-11-21,06 - Montréal,3366
2020-11-22,06 - Montréal,3366
2020-11-23,06 - Montréal,3368
2020-11-24,06 - Montréal,3371
2020-11-25,06 - Montréal,3379
2020-11-26,06 - Montréal,3384
2020-11-27,06 - Montréal,3387
2020-11-28,06 - Montréal,3394
2020-11-29,06 - Montréal,3398
2020-11-30,06 - Montréal,3402
2020-12-01,06 - Montréal,3409
2020-12-02,06 - Montréal,3413
2020-12-03,06 - Montréal,3423
2020-12-04,06 - Montréal,3431
2020-12-05,06 - Montréal,3437
2020-12-06,06 - Montréal,3437
2020-12-07,06 - Montréal,3442
2020-12-08,06 - Montréal,3449
2020-12-09,06 - Montréal,3459
2020-12-10,06 - Montréal,3466
2020-12-11,06 - Montréal,3471
2020-12-12,06 - Montréal,3480
2020-12-13,06 - Montréal,3487
2020-12-14,06 - Montréal,3499
2020-12-15,06 - Montréal,3502
2020-12-16,06 - Montréal,3510
2020-12-17,06 - Montréal,3518
2020-12-18,06 - Montréal,3529
2020-12-19,06 - Montréal,3536
2020-12-20,06 - Montréal,3545
2020-12-21,06 - Montréal,3559
2020-12-22,06 - Montréal,3569
2020-12-23,06 - Montréal,3588
2020-12-24,06 - Montréal,3599
2020-12-25,06 - Montréal,3610
2020-12-26,06 - Montréal,3618
2020-12-27,06 - Montréal,3628
2020-12-28,06 - Montréal,3636
2020-12-29,06 - Montréal,3651
2020-12-30,06 - Montréal,3664
2020-12-31,06 - Montréal,3672
2021-01-01,06 - Montréal,3681
2021-01-02,06 - Montréal,3691
2021-01-03,06 - Montréal,3705
2021-01-04,06 - Montréal,3721
2021-01-05,06 - Montréal,3735
2021-01-06,06 - Montréal,3748
2021-01-07,06 - Montréal,3757
2021-01-08,06 - Montréal,3768
2021-01-09,06 - Montréal,3782
2021-01-10,06 - Montréal,3787
2021-01-11,06 - Montréal,3805
2021-01-12,06 - Montréal,3819
2021-01-13,06 - Montréal,3849
2021-01-14,06 - Montréal,3874
2021-01-15,06 - Montréal,3887
2021-01-16,06 - Montréal,3908
2021-01-17,06 - Montréal,3918
2021-01-18,06 - Montréal,3939
2021-01-19,06 - Montréal,3957
2021-01-20,06 - Montréal,3973
2021-01-21,06 - Montréal,3986
2021-01-22,06 - Montréal,4014
2021-01-23,06 - Montréal,4027
2021-01-24,06 - Montréal,4043
2021-01-25,06 - Montréal,4048
2021-01-26,06 - Montréal,4054
2021-01-27,06 - Montréal,4062
2021-01-28,06 - Montréal,4073
2021-01-29,06 - Montréal,4083
2021-01-30,06 - Montréal,4091
2021-01-31,06 - Montréal,4102
2021-02-01,06 - Montréal,4110
2021-02-02,06 - Montréal,4120
2021-02-03,06 - Montréal,4128
2021-02-04,06 - Montréal,4141
2021-02-05,06 - Montréal,4150
2021-02-06,06 - Montréal,4156
2021-02-07,06 - Montréal,4167
2021-02-08,06 - Montréal,4174
2021-02-09,06 - Montréal,4182
2021-02-10,06 - Montréal,4191
2021-02-11,06 - Montréal,4200
2021-02-12,06 - Montréal,4207
2021-02-13,06 - Montréal,4215
2021-02-14,06 - Montréal,4223
2021-02-15,06 - Montréal,4231
2021-02-16,06 - Montréal,4240
2021-02-17,06 - Montréal,4247
2021-02-18,06 - Montréal,4254
2021-02-19,06 - Montréal,4256
2021-02-20,06 - Montréal,4261
2021-02-21,06 - Montréal,4264
2021-02-22,06 - Montréal,4265
2021-02-23,06 - Montréal,4271
2021-02-24,06 - Montréal,4276
2021-02-25,06 - Montréal,4277
2021-02-26,06 - Montréal,4282
2021-02-27,06 - Montréal,4283
2021-02-28,06 - Montréal,4287
2021-03-01,06 - Montréal,4290
2021-03-02,06 - Montréal,4296
2021-03-03,06 - Montréal,4302
2021-03-04,06 - Montréal,4307
2021-03-05,06 - Montréal,4312
2021-03-06,06 - Montréal,4315
2021-03-07,06 - Montréal,4317
2021-03-08,06 - Montréal,4320
2021-03-09,06 - Montréal,4324
2021-03-10,06 - Montréal,4326
2021-03-11,06 - Montréal,4328
2021-03-12,06 - Montréal,4330
2021-03-13,06 - Montréal,4335
2021-03-14,06 - Montréal,4339
2021-03-15,06 - Montréal,4345
2021-03-16,06 - Montréal,4348
2021-03-17,06 - Montréal,4352
2021-03-18,06 - Montréal,4354
2021-03-19,06 - Montréal,4355
2021-03-20,06 - Montréal,4360
2021-03-21,06 - Montréal,4363
2021-03-22,06 - Montréal,4364
2021-03-23,06 - Montréal,4367
2021-03-24,06 - Montréal,4371
2021-03-25,06 - Montréal,4377
2021-03-26,06 - Montréal,4380
2021-03-27,06 - Montréal,4381
2021-03-28,06 - Montréal,4382
2021-03-29,06 - Montréal,4384
2021-03-30,06 - Montréal,4386
2021-03-31,06 - Montréal,4391
2021-04-01,06 - Montréal,4395
2021-04-02,06 - Montréal,4398
2021-04-03,06 - Montréal,4399
2021-04-04,06 - Montréal,4402
2021-04-05,06 - Montréal,4406
2021-04-06,06 - Montréal,4407
2021-04-07,06 - Montréal,4409
2021-04-08,06 - Montréal,4411
2021-04-09,06 - Montréal,4413
2021-04-10,06 - Montréal,4414
2021-04-11,06 - Montréal,4416
2021-04-12,06 - Montréal,4417
2021-04-13,06 - Montréal,4419
2021-04-14,06 - Montréal,4420
2021-04-15,06 - Montréal,4422
2021-04-16,06 - Montréal,4426
2021-04-17,06 - Montréal,4427
2021-04-18,06 - Montréal,4430
2021-04-19,06 - Montréal,4431
2021-04-20,06 - Montréal,4434
2021-04-21,06 - Montréal,4434
2021-04-22,06 - Montréal,4438
2021-04-23,06 - Montréal,4442
2021-04-24,06 - Montréal,4445
2021-04-25,06 - Montréal,4447
2021-04-26,06 - Montréal,4450
2021-04-27,06 - Montréal,4455
2021-04-28,06 - Montréal,4459
2021-04-29,06 - Montréal,4459
2021-04-30,06 - Montréal,4462
2021-05-01,06 - Montréal,4462
2021-05-02,06 - Montréal,4466
2021-05-03,06 - Montréal,4466
2021-05-04,06 - Montréal,4468
2021-05-05,06 - Montréal,4468
2021-05-06,06 - Montréal,4470
2021-05-07,06 - Montréal,4472
2021-05-08,06 - Montréal,4473
2021-05-09,06 - Montréal,4475
2021-05-10,06 - Montréal,4478
2021-05-11,06 - Montréal,4481
2021-05-12,06 - Montréal,4482
2021-05-13,06 - Montréal,4482
2021-05-14,06 - Montréal,4486
2021-05-15,06 - Montréal,4489
2021-05-16,06 - Montréal,4493
2021-05-17,06 - Montréal,4499
2021-05-18,06 - Montréal,4499
2021-05-19,06 - Montréal,4503
2021-05-20,06 - Montréal,4505
2021-05-21,06 - Montréal,4507
2021-05-22,06 - Montréal,4510
2021-05-23,06 - Montréal,4512
2021-05-24,06 - Montréal,4512
2021-05-25,06 - Montréal,4514
2021-05-26,06 - Montréal,4515
2021-05-27,06 - Montréal,4515
2021-05-28,06 - Montréal,4516
2021-05-29,06 - Montréal,4517
2021-05-30,06 - Montréal,4517
2021-05-31,06 - Montréal,4517
2021-06-01,06 - Montréal,4521
2021-06-02,06 - Montréal,4524
2021-06-03,06 - Montréal,4527
2021-06-04,06 - Montréal,4528
2021-06-05,06 - Montréal,4531
2021-06-06,06 - Montréal,4532
2021-06-07,06 - Montréal,4533
2021-06-08,06 - Montréal,4533
2021-06-09,06 - Montréal,4534
2021-06-10,06 - Montréal,4534
2021-06-11,06 - Montréal,4535
2021-06-12,06 - Montréal,4535
2021-06-13,06 - Montréal,4536
2021-06-14,06 - Montréal,4536
2021-06-15,06 - Montréal,4536
2021-06-16,06 - Montréal,4537
2021-06-17,06 - Montréal,4539
2021-06-18,06 - Montréal,4539
2021-06-19,06 - Montréal,4540
2021-06-20,06 - Montréal,4541
2021-06-21,06 - Montréal,4541
2021-06-22,06 - Montréal,4541
2021-06-23,06 - Montréal,4541
2021-06-24,06 - Montréal,4541
2021-06-25,06 - Montréal,4542
2021-06-26,06 - Montréal,4542
2021-06-27,06 - Montréal,4543
2021-06-28,06 - Montréal,4544
2021-06-29,06 - Montréal,4544
2021-06-30,06 - Montréal,4544
2021-07-01,06 - Montréal,4544
2021-07-02,06 - Montréal,4544
2021-07-03,06 - Montréal,4544
2021-07-04,06 - Montréal,4544
2021-07-05,06 - Montréal,4544
2021-07-06,06 - Montréal,4544
2021-07-07,06 - Montréal,4544
2021-07-08,06 - Montréal,4544
2021-07-09,06 - Montréal,4545
2021-07-10,06 - Montréal,4546
2021-07-11,06 - Montréal,4547
2021-07-12,06 - Montréal,4547
2021-07-13,06 - Montréal,4549
2021-07-14,06 - Montréal,4549
2021-07-15,06 - Montréal,4550
2021-07-16,06 - Montréal,4550
2021-07-17,06 - Montréal,4550
2021-07-18,06 - Montréal,4551
2021-07-19,06 - Montréal,4551
2021-07-20,06 - Montréal,4551
2021-07-21,06 - Montréal,4551
2021-07-22,06 - Montréal,4552
2021-07-23,06 - Montréal,4553
2021-07-24,06 - Montréal,4553
2021-07-25,06 - Montréal,4553
2021-07-26,06 - Montréal,4554
2021-07-27,06 - Montréal,4554
2021-07-28,06 - Montréal,4554
2021-07-29,06 - Montréal,4554
2021-07-30,06 - Montréal,4554
2021-07-31,06 - Montréal,4554
2021-08-01,06 - Montréal,4554
2021-08-02,06 - Montréal,4554
2021-08-03,06 - Montréal,4555
2021-08-04,06 - Montréal,4555
2021-08-05,06 - Montréal,4555
2021-08-06,06 - Montréal,4555
2021-08-07,06 - Montréal,4555
2021-08-08,06 - Montréal,4556
2021-08-09,06 - Montréal,4556
2021-08-10,06 - Montréal,4556
2021-08-11,06 - Montréal,4556
2021-08-12,06 - Montréal,4556
2021-08-13,06 - Montréal,4556
2021-08-14,06 - Montréal,4556
2021-08-15,06 - Montréal,4557
2021-08-16,06 - Montréal,4557
2021-08-17,06 - Montréal,4557
2021-08-18,06 - Montréal,4557
2021-08-19,06 - Montréal,4557
2021-08-20,06 - Montréal,4557
2021-08-21,06 - Montréal,4557
2021-08-22,06 - Montréal,4557
2021-08-23,06 - Montréal,4557
2021-08-24,06 - Montréal,4557
2021-08-25,06 - Montréal,4557
2021-08-26,06 - Montréal,4557
2021-08-27,06 - Montréal,4557
2021-08-28,06 - Montréal,4557
2021-08-29,06 - Montréal,4557
2021-08-30,06 - Montréal,4558
2021-08-31,06 - Montréal,4558
2021-09-01,06 - Montréal,4559
2021-09-02,06 - Montréal,4559
2021-09-03,06 - Montréal,4559
2021-09-04,06 - Montréal,4560
2021-09-05,06 - Montréal,4560
2021-09-06,06 - Montréal,4560
2021-09-07,06 - Montréal,4562
2021-09-08,06 - Montréal,4563
2021-09-09,06 - Montréal,4564
2021-09-10,06 - Montréal,4564
2021-09-11,06 - Montréal,4565
2021-09-12,06 - Montréal,4566
2021-09-13,06 - Montréal,4569
2021-09-14,06 - Montréal,4570
2021-09-15,06 - Montréal,4572
2021-09-16,06 - Montréal,4573
2021-09-17,06 - Montréal,4575
2021-09-18,06 - Montréal,4575
2021-09-19,06 - Montréal,4579
2021-09-20,06 - Montréal,4580
2021-09-21,06 - Montréal,4580
2021-09-22,06 - Montréal,4583
2021-09-23,06 - Montréal,4584
2021-09-24,06 - Montréal,4585
2021-09-25,06 - Montréal,4585
2021-09-26,06 - Montréal,4585
2021-09-27,06 - Montréal,4586
2021-09-28,06 - Montréal,4586
2021-09-29,06 - Montréal,4586
2021-09-30,06 - Montréal,4591
2021-10-01,06 - Montréal,4591
2021-10-02,06 - Montréal,4592
2021-10-03,06 - Montréal,4593
2021-10-04,06 - Montréal,4593
2021-10-05,06 - Montréal,4595
2021-10-06,06 - Montréal,4598
2021-10-07,06 - Montréal,4598
2021-10-08,06 - Montréal,4598
2021-10-09,06 - Montréal,4600
2021-10-10,06 - Montréal,4601
2021-10-11,06 - Montréal,4603
2021-10-12,06 - Montréal,4605
2021-10-13,06 - Montréal,4606
2021-10-14,06 - Montréal,4607
2021-10-15,06 - Montréal,4608
2021-10-16,06 - Montréal,4608
2021-10-17,06 - Montréal,4609
2021-10-18,06 - Montréal,4611
2021-10-19,06 - Montréal,4611
2021-10-20,06 - Montréal,4616
2021-10-21,06 - Montréal,4618
2021-10-22,06 - Montréal,4618
2021-10-23,06 - Montréal,4619
2021-10-24,06 - Montréal,4620
2021-10-25,06 - Montréal,4620
2021-10-26,06 - Montréal,4620
2021-10-27,06 - Montréal,4622
2021-10-28,06 - Montréal,4623
2021-10-29,06 - Montréal,4624
2021-10-30,06 - Montréal,4626
2021-10-31,06 - Montréal,4629
2021-11-01,06 - Montréal,4630
2021-11-02,06 - Montréal,4630
2021-11-03,06 - Montréal,4630
2021-11-04,06 - Montréal,4631
2021-11-05,06 - Montréal,4633
2021-11-06,06 - Montréal,4633
2021-11-07,06 - Montréal,4634
2021-11-08,06 - Montréal,4634
2021-11-09,06 - Montréal,4636
2021-11-10,06 - Montréal,4636
2021-11-11,06 - Montréal,4637
2021-11-12,06 - Montréal,4638
2021-11-13,06 - Montréal,4638
2021-11-14,06 - Montréal,4638
2021-11-15,06 - Montréal,4638
2021-11-16,06 - Montréal,4639
2021-11-17,06 - Montréal,4639
2021-11-18,06 - Montréal,4640
2021-11-19,06 - Montréal,4641
2021-11-20,06 - Montréal,4641
2021-11-21,06 - Montréal,4641
2021-11-22,06 - Montréal,4642
2021-11-23,06 - Montréal,4644
2021-11-24,06 - Montréal,4645
2021-11-25,06 - Montréal,4646
2021-11-26,06 - Montréal,4647
2021-11-27,06 - Montréal,4649
2021-11-28,06 - Montréal,4649
2021-11-29,06 - Montréal,4651
2021-11-30,06 - Montréal,4651
2021-12-01,06 - Montréal,4652
2021-12-02,06 - Montréal,4653
2021-12-03,06 - Montréal,4653
2021-12-04,06 - Montréal,4653
2021-12-05,06 - Montréal,4654
2021-12-06,06 - Montréal,4654
2021-12-07,06 - Montréal,4656
2021-12-08,06 - Montréal,4657
2021-12-09,06 - Montréal,4658
2021-12-10,06 - Montréal,4659
2021-12-11,06 - Montréal,4659
2021-12-12,06 - Montréal,4661
2021-12-13,06 - Montréal,4663
2021-12-14,06 - Montréal,4664
2021-12-15,06 - Montréal,4664
2021-12-16,06 - Montréal,4666
2021-12-17,06 - Montréal,4668
2021-12-18,06 - Montréal,4671
2021-12-19,06 - Montréal,4672
2021-12-20,06 - Montréal,4675
2021-12-21,06 - Montréal,4675
2021-12-22,06 - Montréal,4675
2021-12-23,06 - Montréal,4676
2021-12-24,06 - Montréal,4676
2021-12-25,06 - Montréal,4680
2021-12-26,06 - Montréal,4683
2021-12-27,06 - Montréal,4685
2021-12-28,06 - Montréal,4685
2021-12-29,06 - Montréal,4687
2021-12-30,06 - Montréal,4690
2021-12-31,06 - Montréal,4694
2022-01-01,06 - Montréal,4701
2022-01-02,06 - Montréal,4710
2022-01-03,06 - Montréal,4716
2022-01-04,06 - Montréal,4721
2022-01-05,06 - Montréal,4727
2022-01-06,06 - Montréal,4735
2022-01-07,06 - Montréal,4746
2022-01-08,06 - Montréal,4752
2022-01-09,06 - Montréal,4767
2022-01-10,06 - Montréal,4780
2022-01-11,06 - Montréal,4790
2022-01-12,06 - Montréal,4805
2022-01-13,06 - Montréal,4824
2022-01-14,06 - Montréal,4839
2022-01-15,06 - Montréal,4856
2022-01-16,06 - Montréal,4872
2022-01-17,06 - Montréal,4886
2022-01-18,06 - Montréal,4902
2022-01-19,06 - Montréal,4914
2022-01-20,06 - Montréal,4930
2022-01-21,06 - Montréal,4943
2022-01-22,06 - Montréal,4957
2022-01-23,06 - Montréal,4970
2022-01-24,06 - Montréal,4985
2022-01-25,06 - Montréal,4993
2022-01-26,06 - Montréal,5005
2022-01-27,06 - Montréal,5017
2022-01-28,06 - Montréal,5032
2022-01-29,06 - Montréal,5046
2022-01-30,06 - Montréal,5056
2022-01-31,06 - Montréal,5070
2022-02-01,06 - Montréal,5076
2022-02-02,06 - Montréal,5085
2022-02-03,06 - Montréal,5095
2022-02-04,06 - Montréal,5106
2022-02-05,06 - Montréal,5115
2022-02-06,06 - Montréal,5119
2022-02-07,06 - Montréal,5125
2022-02-08,06 - Montréal,5132
2022-02-09,06 - Montréal,5138
2022-02-10,06 - Montréal,5144
2022-02-11,06 - Montréal,5151
2022-02-12,06 - Montréal,5155
2022-02-13,06 - Montréal,5161
2022-02-14,06 - Montréal,5165
2022-02-15,06 - Montréal,5169
2022-02-16,06 - Montréal,5170
2022-02-17,06 - Montréal,5176
2022-02-18,06 - Montréal,5178
2022-02-19,06 - Montréal,5181
2022-02-20,06 - Montréal,5181
2022-02-21,06 - Montréal,5184
2022-02-22,06 - Montréal,5189
2022-02-23,06 - Montréal,5190
2022-02-24,06 - Montréal,5191
2022-02-25,06 - Montréal,5193
2022-02-26,06 - Montréal,5195
2022-02-27,06 - Montréal,5198
2022-02-28,06 - Montréal,5200
2022-03-01,06 - Montréal,5203
2022-03-02,06 - Montréal,5207
2022-03-03,06 - Montréal,5210
2022-03-04,06 - Montréal,5212
2022-03-05,06 - Montréal,5213
2022-03-06,06 - Montréal,5214
2022-03-07,06 - Montréal,5217
2022-03-08,06 - Montréal,5219
2022-03-09,06 - Montréal,5219
2022-03-10,06 - Montréal,5220
2022-03-11,06 - Montréal,5220
2022-03-12,06 - Montréal,5223
2022-03-13,06 - Montréal,5225
2022-03-14,06 - Montréal,5226
2022-03-15,06 - Montréal,5226
2022-03-16,06 - Montréal,5226
2022-03-17,06 - Montréal,5229
2022-03-18,06 - Montréal,5229
2022-03-19,06 - Montréal,5229
2022-03-20,06 - Montréal,5230
2022-03-21,06 - Montréal,5230
2022-03-22,06 - Montréal,5231
2022-03-23,06 - Montréal,5231
2022-03-24,06 - Montréal,5233
2022-03-25,06 - Montréal,5234
2022-03-26,06 - Montréal,5234
2022-03-27,06 - Montréal,5234
2022-03-28,06 - Montréal,5234
2022-03-29,06 - Montréal,5236
2022-03-30,06 - Montréal,5237
2022-03-31,06 - Montréal,5239
2022-04-01,06 - Montréal,5240
2022-04-02,06 - Montréal,5241
2022-04-03,06 - Montréal,5243
2022-04-04,06 - Montréal,5245
2022-04-05,06 - Montréal,5249
2022-04-06,06 - Montréal,5250
2022-04-07,06 - Montréal,5251
2022-04-08,06 - Montréal,5255
2022-04-09,06 - Montréal,5257
2022-04-10,06 - Montréal,5258
2022-04-11,06 - Montréal,5260
2022-04-12,06 - Montréal,5261
2022-04-13,06 - Montréal,5265
2022-04-14,06 - Montréal,5269
2022-04-15,06 - Montréal,5271
2022-04-16,06 - Montréal,5272
2022-04-17,06 - Montréal,5274
2022-04-18,06 - Montréal,5275
2022-04-19,06 - Montréal,5280
2022-04-20,06 - Montréal,5285
2022-04-21,06 - Montréal,5289
2022-04-22,06 - Montréal,5292
2022-04-23,06 - Montréal,5295
2022-04-24,06 - Montréal,5301
2022-04-25,06 - Montréal,5304
2022-04-26,06 - Montréal,5307
2022-04-27,06 - Montréal,5311
2022-04-28,06 - Montréal,5314
2022-04-29,06 - Montréal,5319
2022-04-30,06 - Montréal,5320
2022-05-01,06 - Montréal,5323
2022-05-02,06 - Montréal,5326
2022-05-03,06 - Montréal,5327
2022-05-04,06 - Montréal,5330
2022-05-05,06 - Montréal,5331
2022-05-06,06 - Montréal,5333
2022-05-07,06 - Montréal,5334
2022-05-08,06 - Montréal,5336
2022-05-09,06 - Montréal,5340
2022-05-10,06 - Montréal,5341
2022-05-11,06 - Montréal,5345
2022-05-12,06 - Montréal,5346
2022-05-13,06 - Montréal,5347
2022-05-14,06 - Montréal,5350
2022-05-15,06 - Montréal,5352
2022-05-16,06 - Montréal,5354
2022-05-17,06 - Montréal,5357
2022-05-18,06 - Montréal,5360
2022-05-19,06 - Montréal,5360
2022-05-20,06 - Montréal,5363
2022-05-21,06 - Montréal,5364
2022-05-22,06 - Montréal,5365
2022-05-23,06 - Montréal,5365
2022-05-24,06 - Montréal,5366
2022-05-25,06 - Montréal,5367
2022-05-26,06 - Montréal,5368
2022-05-27,06 - Montréal,5368
2022-05-28,06 - Montréal,5370
2022-05-29,06 - Montréal,5370
2022-05-30,06 - Montréal,5370
2022-05-31,06 - Montréal,5370
2022-06-01,06 - Montréal,5370
2022-06-02,06 - Montréal,5371
2022-06-03,06 - Montréal,5373
2022-06-04,06 - Montréal,5376
2022-06-05,06 - Montréal,5376
2022-06-06,06 - Montréal,5377
2022-06-07,06 - Montréal,5378
2022-06-08,06 - Montréal,5378
2022-06-09,06 - Montréal,5379
2022-06-10,06 - Montréal,5382
2022-06-11,06 - Montréal,5383
2022-06-12,06 - Montréal,5383
2022-06-13,06 - Montréal,5383
2022-06-14,06 - Montréal,5383
2022-06-15,06 - Montréal,5383
2022-06-16,06 - Montréal,5383
2022-06-17,06 - Montréal,5384
2022-06-18,06 - Montréal,5384
2022-06-19,06 - Montréal,5384
2022-06-20,06 - Montréal,5385
2022-06-21,06 - Montréal,5386
2022-06-22,06 - Montréal,5388
2022-06-23,06 - Montréal,5389
2022-06-24,06 - Montréal,5389
2022-06-25,06 - Montréal,5389
2022-06-26,06 - Montréal,5390
2022-06-27,06 - Montréal,5390
2022-06-28,06 - Montréal,5392
2022-06-29,06 - Montréal,5394
2022-06-30,06 - Montréal,5395
2022-07-01,06 - Montréal,5396
2022-07-02,06 - Montréal,5398
2022-07-03,06 - Montréal,5398
2022-07-04,06 - Montréal,5398
2022-07-05,06 - Montréal,5398
2022-07-06,06 - Montréal,5399
2022-07-07,06 - Montréal,5402
2022-07-08,06 - Montréal,5404
2022-07-09,06 - Montréal,5404
2022-07-10,06 - Montréal,5408
2022-07-11,06 - Montréal,5409
2022-07-12,06 - Montréal,5412
2022-07-13,06 - Montréal,5415
2022-07-14,06 - Montréal,5417
2022-07-15,06 - Montréal,5420
2022-07-16,06 - Montréal,5426
2022-07-17,06 - Montréal,5429
2022-07-18,06 - Montréal,5432
2022-07-19,06 - Montréal,5436
2022-07-20,06 - Montréal,5440
2022-07-21,06 - Montréal,5444
2022-07-22,06 - Montréal,5447
2022-07-23,06 - Montréal,5448
2022-07-24,06 - Montréal,5451
2022-07-25,06 - Montréal,5452
2022-07-26,06 - Montréal,5458
2022-07-27,06 - Montréal,5459
2022-07-28,06 - Montréal,5460
2022-07-29,06 - Montréal,5460
2022-07-30,06 - Montréal,5462
2022-07-31,06 - Montréal,5463
2022-08-01,06 - Montréal,5469
2022-08-02,06 - Montréal,5474
2022-08-03,06 - Montréal,5478
2022-08-04,06 - Montréal,5479
2022-08-05,06 - Montréal,5479
2022-08-06,06 - Montréal,5482
2022-08-07,06 - Montréal,5483
2022-08-08,06 - Montréal,5487
2022-08-09,06 - Montréal,5491
2022-08-10,06 - Montréal,5494
2022-08-11,06 - Montréal,5496
2022-08-12,06 - Montréal,5496
2022-08-13,06 - Montréal,5499
2022-08-14,06 - Montréal,5501
2022-08-15,06 - Montréal,5502
2022-08-16,06 - Montréal,5504
2022-08-17,06 - Montréal,5510
2022-08-18,06 - Montréal,5514
2022-08-19,06 - Montréal,5514
2022-08-20,06 - Montréal,5515
2022-08-21,06 - Montréal,5516
2022-08-22,06 - Montréal,5517
2022-08-23,06 - Montréal,5518
2022-08-24,06 - Montréal,5523
2022-08-25,06 - Montréal,5525
2022-08-26,06 - Montréal,5525
2022-08-27,06 - Montréal,5526
2022-08-28,06 - Montréal,5526
2022-08-29,06 - Montréal,5528
2022-08-30,06 - Montréal,5530
2022-08-31,06 - Montréal,5533
2022-09-01,06 - Montréal,5534
2022-09-02,06 - Montréal,5535
2022-09-03,06 - Montréal,5537
2022-09-04,06 - Montréal,5538
2022-09-05,06 - Montréal,5540
2022-09-06,06 - Montréal,5540
2022-09-07,06 - Montréal,5540
2022-09-08,06 - Montréal,5541
2022-09-09,06 - Montréal,5543
2022-09-10,06 - Montréal,5544
2022-09-11,06 - Montréal,5546
2022-09-12,06 - Montréal,5549
2022-09-13,06 - Montréal,5549
2022-09-14,06 - Montréal,5550
2022-09-15,06 - Montréal,5551
2022-09-16,06 - Montréal,5552
2022-09-17,06 - Montréal,5552
2022-09-18,06 - Montréal,5553
2022-09-19,06 - Montréal,5553
2022-09-20,06 - Montréal,5555
2022-09-21,06 - Montréal,5555
2022-09-22,06 - Montréal,5556
2022-09-23,06 - Montréal,5559
2022-09-24,06 - Montréal,5560
2022-09-25,06 - Montréal,5561
2022-09-26,06 - Montréal,5562
2022-09-27,06 - Montréal,5563
2022-09-28,06 - Montréal,5566
2022-09-29,06 - Montréal,5566
2022-09-30,06 - Montréal,5567
2022-10-01,06 - Montréal,5569
2022-10-02,06 - Montréal,5570
2022-10-03,06 - Montréal,5570
2022-10-04,06 - Montréal,5571
2022-10-05,06 - Montréal,5571
2022-10-06,06 - Montréal,5574
2022-10-07,06 - Montréal,5574
2022-10-08,06 - Montréal,5575
2022-10-09,06 - Montréal,5578
2022-10-10,06 - Montréal,5580
2022-10-11,06 - Montréal,5582
2022-10-12,06 - Montréal,5583
2022-10-13,06 - Montréal,5584
2022-10-14,06 - Montréal,5588
2022-10-15,06 - Montréal,5591
2022-10-16,06 - Montréal,5593
2022-10-17,06 - Montréal,5594
2022-10-18,06 - Montréal,5594
2022-10-19,06 - Montréal,5597
2022-10-20,06 - Montréal,5598
2022-10-21,06 - Montréal,5601
2022-10-22,06 - Montréal,5604
2022-10-23,06 - Montréal,5606
2022-10-24,06 - Montréal,5609
2022-10-25,06 - Montréal,5610
2022-10-26,06 - Montréal,5610
2022-10-27,06 - Montréal,5612
2022-10-28,06 - Montréal,5614
2022-10-29,06 - Montréal,5616
2022-10-30,06 - Montréal,5616
2022-10-31,06 - Montréal,5618
2022-11-01,06 - Montréal,5618
2022-11-02,06 - Montréal,5618
2022-11-03,06 - Montréal,5621
2022-11-04,06 - Montréal,5624
2022-11-05,06 - Montréal,5625
2022-11-06,06 - Montréal,5630
2022-11-07,06 - Montréal,5631
2022-11-08,06 - Montréal,5634
2022-11-09,06 - Montréal,5638
2022-11-10,06 - Montréal,5642
2022-11-11,06 - Montréal,5643
2022-11-12,06 - Montréal,5644
2022-11-13,06 - Montréal,5646
2022-11-14,06 - Montréal,5646
2022-11-15,06 - Montréal,5648
2022-11-16,06 - Montréal,5653
2022-11-17,06 - Montréal,5653
2022-11-18,06 - Montréal,5654
2022-11-19,06 - Montréal,5657
2022-11-20,06 - Montréal,5659
2022-11-21,06 - Montréal,5659
2022-11-22,06 - Montréal,5662
2022-11-23,06 - Montréal,5665
2022-11-24,06 - Montréal,5668
2022-11-25,06 - Montréal,5676
2022-11-26,06 - Montréal,5680
2022-11-27,06 - Montréal,5681
2022-11-28,06 - Montréal,5683
2022-11-29,06 - Montréal,5686
2022-11-30,06 - Montréal,5686
2022-12-01,06 - Montréal,5691
2022-12-02,06 - Montréal,5693
2022-12-03,06 - Montréal,5694
2022-12-04,06 - Montréal,5698
2022-12-05,06 - Montréal,5702
2022-12-06,06 - Montréal,5704
2022-12-07,06 - Montréal,5707
2022-12-08,06 - Montréal,5710
2022-12-09,06 - Montréal,5713
2022-12-10,06 - Montréal,5714
2022-12-11,06 - Montréal,5718
2022-12-12,06 - Montréal,5720
2022-12-13,06 - Montréal,5724
2022-12-14,06 - Montréal,5725
2022-12-15,06 - Montréal,5728
2022-12-16,06 - Montréal,5729
2022-12-17,06 - Montréal,5734
2022-12-18,06 - Montréal,5739
2022-12-19,06 - Montréal,5741
2022-12-20,06 - Montréal,5744
2022-12-21,06 - Montréal,5744
2022-12-22,06 - Montréal,5746
2022-12-23,06 - Montréal,5748
2022-12-24,06 - Montréal,5750
2022-12-25,06 - Montréal,5753
2022-12-26,06 - Montréal,5758
2022-12-27,06 - Montréal,5761
2022-12-28,06 - Montréal,5763
2022-12-29,06 - Montréal,5765
2022-12-30,06 - Montréal,5769
2022-12-31,06 - Montréal,5772
2023-01-01,06 - Montréal,5774
2023-01-02,06 - Montréal,5776
2023-01-03,06 - Montréal,5779
2023-01-04,06 - Montréal,5782
2023-01-05,06 - Montréal,5783
2023-01-06,06 - Montréal,5787
2023-01-07,06 - Montréal,5790
2023-01-08,06 - Montréal,5793
2023-01-09,06 - Montréal,5796
2023-01-10,06 - Montréal,5797
2023-01-11,06 - Montréal,5798
2023-01-12,06 - Montréal,5801
2023-01-13,06 - Montréal,5806
2023-01-14,06 - Montréal,5809
2023-01-15,06 - Montréal,5811
2023-01-16,06 - Montréal,5814
2023-01-17,06 - Montréal,5815
2023-01-18,06 - Montréal,5819
2023-01-19,06 - Montréal,5824
2023-01-20,06 - Montréal,5828
2023-01-21,06 - Montréal,5829
2023-01-22,06 - Montréal,5831
2023-01-23,06 - Montréal,5833
2023-01-24,06 - Montréal,5835
2023-01-25,06 - Montréal,5839
2023-01-26,06 - Montréal,5841
2023-01-27,06 - Montréal,5842
2023-01-28,06 - Montréal,5843
2023-01-29,06 - Montréal,5843
2023-01-30,06 - Montréal,5843
2023-01-31,06 - Montréal,5844
2023-02-01,06 - Montréal,5844
2023-02-02,06 - Montréal,5844
2023-02-03,06 - Montréal,5845
2023-02-04,06 - Montréal,5846
2023-02-05,06 - Montréal,5848
2023-02-06,06 - Montréal,5848
2023-02-07,06 - Montréal,5849
2023-02-08,06 - Montréal,5851
2023-02-09,06 - Montréal,5851
2023-02-10,06 - Montréal,5852
2023-02-11,06 - Montréal,5854
2023-02-12,06 - Montréal,5856
2023-02-13,06 - Montréal,5858
2023-02-14,06 - Montréal,5859
2023-02-15,06 - Montréal,5861
2023-02-16,06 - Montréal,5862
2023-02-17,06 - Montréal,5862
2023-02-18,06 - Montréal,5863
2023-02-19,06 - Montréal,5864
2023-02-20,06 - Montréal,5869
2023-02-21,06 - Montréal,5870
2023-02-22,06 - Montréal,5870
2023-02-23,06 - Montréal,5870
2023-02-24,06 - Montréal,5871
2023-02-25,06 - Montréal,5871
2023-02-26,06 - Montréal,5871
2023-02-27,06 - Montréal,5871
2023-02-28,06 - Montréal,5873
2023-03-01,06 - Montréal,5873
2023-03-02,06 - Montréal,5875
2023-03-03,06 - Montréal,5875
2023-03-04,06 - Montréal,5877
2023-03-05,06 - Montréal,5878
2023-03-06,06 - Montréal,5879
2023-03-07,06 - Montréal,5880
2023-03-08,06 - Montréal,5880
2023-03-09,06 - Montréal,5881
2023-03-10,06 - Montréal,5883
2023-03-11,06 - Montréal,5883
2023-03-12,06 - Montréal,5883
2023-03-13,06 - Montréal,5884
2023-03-14,06 - Montréal,5884
2023-03-15,06 - Montréal,5885
2023-03-16,06 - Montréal,5885
2023-03-17,06 - Montréal,5888
2023-03-18,06 - Montréal,5888
2023-03-19,06 - Montréal,5888
2023-03-20,06 - Montréal,5889
2023-03-21,06 - Montréal,5891
2023-03-22,06 - Montréal,5891
2023-03-23,06 - Montréal,5893
2023-03-24,06 - Montréal,5893
2023-03-25,06 - Montréal,5894
2023-03-26,06 - Montréal,5894
2023-03-27,06 - Montréal,5897
2023-03-28,06 - Montréal,5899
2023-03-29,06 - Montréal,5899
2023-03-30,06 - Montréal,5899
2023-03-31,06 - Montréal,5899
2023-04-01,06 - Montréal,5901
2023-04-02,06 - Montréal,5901
2023-04-03,06 - Montréal,5902
2023-04-04,06 - Montréal,5904
2023-04-05,06 - Montréal,5904
2023-04-06,06 - Montréal,5905
2023-04-07,06 - Montréal,5906
2023-04-08,06 - Montréal,5909
2023-04-09,06 - Montréal,5909
2023-04-10,06 - Montréal,5910
2023-04-11,06 - Montréal,5912
2023-04-12,06 - Montréal,5912
2023-04-13,06 - Montréal,5913
2023-04-14,06 - Montréal,5914
2023-04-15,06 - Montréal,5915
2023-04-16,06 - Montréal,5916
2023-04-17,06 - Montréal,5916
2023-04-18,06 - Montréal,5918
2023-04-19,06 - Montréal,5919
2023-04-20,06 - Montréal,5919
2023-04-21,06 - Montréal,5921
2023-04-22,06 - Montréal,5921
2023-04-23,06 - Montréal,5921
2023-04-24,06 - Montréal,5922
2023-04-25,06 - Montréal,5922
2023-04-26,06 - Montréal,5922
2023-04-27,06 - Montréal,5923
2023-04-28,06 - Montréal,5923
2023-04-29,06 - Montréal,5923
2023-04-30,06 - Montréal,5924
2023-05-01,06 - Montréal,5926
2023-05-02,06 - Montréal,5928
2023-05-03,06 - Montréal,5928
2023-05-04,06 - Montréal,5930
2023-05-05,06 - Montréal,5930
2023-05-06,06 - Montréal,5931
2023-05-07,06 - Montréal,5931
2023-05-08,06 - Montréal,5932
2023-05-09,06 - Montréal,5932
2023-05-10,06 - Montréal,5932
2023-05-11,06 - Montréal,5932
2023-05-12,06 - Montréal,5932
2023-05-13,06 - Montréal,5933
2023-05-14,06 - Montréal,5934
2023-05-15,06 - Montréal,5934
2023-05-16,06 - Montréal,5934
2023-05-17,06 - Montréal,5935
2023-05-18,06 - Montréal,5936
2023-05-19,06 - Montréal,5937
2023-05-20,06 - Montréal,5938
2023-05-21,06 - Montréal,5938
2023-05-22,06 - Montréal,5940
2023-05-23,06 - Montréal,5940
2023-05-24,06 - Montréal,5944
2023-05-25,06 - Montréal,5945
2023-05-26,06 - Montréal,5946
2023-05-27,06 - Montréal,5947
2023-05-28,06 - Montréal,5947
2023-05-29,06 - Montréal,5949
2023-05-30,06 - Montréal,5949
2023-05-31,06 - Montréal,5949
2023-06-01,06 - Montréal,5952
2023-06-02,06 - Montréal,5952
2023-06-03,06 - Montréal,5952
2023-06-04,06 - Montréal,5952
2023-06-05,06 - Montréal,5952
2023-06-06,06 - Montréal,5953
2023-06-07,06 - Montréal,5953
2023-06-08,06 - Montréal,5953
2023-06-09,06 - Montréal,5954
2023-06-10,06 - Montréal,5954
2023-06-11,06 - Montréal,5955
2023-06-12,06 - Montréal,5955
2023-06-13,06 - Montréal,5955
2023-06-14,06 - Montréal,5956
2023-06-15,06 - Montréal,5957
2023-06-16,06 - Montréal,5957
2023-06-17,06 - Montréal,5957
2023-06-18,06 - Montréal,5957
2023-06-19,06 - Montréal,5957
2023-06-20,06 - Montréal,5957
2023-06-21,06 - Montréal,5957
2023-06-22,06 - Montréal,5957
2023-06-23,06 - Montréal,5957
2023-06-24,06 - Montréal,5959
2023-06-25,06 - Montréal,5959
2023-06-26,06 - Montréal,5959
2023-06-27,06 - Montréal,5960
2023-06-28,06 - Montréal,5961
2023-06-29,06 - Montréal,5961
2023-06-30,06 - Montréal,5962
2023-07-01,06 - Montréal,5964
2023-07-02,06 - Montréal,5964
2023-07-03,06 - Montréal,5964
2023-07-04,06 - Montréal,5964
2023-07-05,06 - Montréal,5965
2023-07-06,06 - Montréal,5965
2023-07-07,06 - Montréal,5965
2023-07-08,06 - Montréal,5966
2023-07-09,06 - Montréal,5966
2023-07-10,06 - Montréal,5966
2023-07-11,06 - Montréal,5966
2023-07-12,06 - Montréal,5966
2023-07-13,06 - Montréal,5966
2023-07-14,06 - Montréal,5966
2023-07-15,06 - Montréal,5966
2023-07-16,06 - Montréal,5966
2023-07-17,06 - Montréal,5966
2023-07-18,06 - Montréal,5967
2023-07-19,06 - Montréal,5967
2023-07-20,06 - Montréal,5967
2023-07-21,06 - Montréal,5967
2023-07-22,06 - Montréal,5968
2023-07-23,06 - Montréal,5968
2023-07-24,06 - Montréal,5968
2023-07-25,06 - Montréal,5969
2023-07-26,06 - Montréal,5969
2023-07-27,06 - Montréal,5969
2023-07-28,06 - Montréal,5970
2023-07-29,06 - Montréal,5971
2023-07-30,06 - Montréal,5972
2023-07-31,06 - Montréal,5972
2023-08-01,06 - Montréal,5973
2023-08-02,06 - Montréal,5973
2023-08-03,06 - Montréal,5973
2023-08-04,06 - Montréal,5973
2023-08-05,06 - Montréal,5973
2023-08-06,06 - Montréal,5974
2023-08-07,06 - Montréal,5974
2023-08-08,06 - Montréal,5974
2023-08-09,06 - Montréal,5974
2023-08-10,06 - Montréal,5974
2023-08-11,06 - Montréal,5974
2023-08-12,06 - Montréal,5974
2023-08-13,06 - Montréal,5975
2023-08-14,06 - Montréal,5976
2023-08-15,06 - Montréal,5976
2023-08-16,06 - Montréal,5977
2023-08-17,06 - Montréal,5977
2023-08-18,06 - Montréal,5977
2023-08-19,06 - Montréal,5977
2023-08-20,06 - Montréal,5979
2023-08-21,06 - Montréal,5980
2023-08-22,06 - Montréal,5980
2023-08-23,06 - Montréal,5980
2023-08-24,06 - Montréal,5982
2023-08-25,06 - Montréal,5982
2023-08-26,06 - Montréal,5982
2023-08-27,06 - Montréal,5982
2023-08-28,06 - Montréal,5982
2023-08-29,06 - Montréal,5984
2023-08-30,06 - Montréal,5984
2023-08-31,06 - Montréal,5985
2023-09-01,06 - Montréal,5985
2023-09-02,06 - Montréal,5986
2023-09-03,06 - Montréal,5986
2023-09-04,06 - Montréal,5987
2023-09-05,06 - Montréal,5990
2023-09-06,06 - Montréal,5990
2023-09-07,06 - Montréal,5990
2023-09-08,06 - Montréal,5991
2023-09-09,06 - Montréal,5992
2023-09-10,06 - Montréal,5993
2023-09-11,06 - Montréal,5994
2023-09-12,06 - Montréal,5994
2023-09-13,06 - Montréal,5996
2023-09-14,06 - Montréal,5998
2023-09-15,06 - Montréal,6001
2023-09-16,06 - Montréal,6001
2023-09-17,06 - Montréal,6002
2023-09-18,06 - Montréal,6002
2023-09-19,06 - Montréal,6003
2023-09-20,06 - Montréal,6003
2023-09-21,06 - Montréal,6003
2023-09-22,06 - Montréal,6003
2023-09-23,06 - Montréal,6004
2023-09-24,06 - Montréal,6004
2023-09-25,06 - Montréal,6006
2023-09-26,06 - Montréal,6007
2023-09-27,06 - Montréal,6008
2023-09-28,06 - Montréal,6011
2023-09-29,06 - Montréal,6012
2023-09-30,06 - Montréal,6016
2023-10-01,06 - Montréal,6020
2023-10-02,06 - Montréal,6021
2023-10-03,06 - Montréal,6023
2023-10-04,06 - Montréal,6025
2023-10-05,06 - Montréal,6027
2023-10-06,06 - Montréal,6029
2023-10-07,06 - Montréal,6029
2023-10-08,06 - Montréal,6029
2023-10-09,06 - Montréal,6030
2023-10-10,06 - Montréal,6032
2023-10-11,06 - Montréal,6033
2023-10-12,06 - Montréal,6035
2023-10-13,06 - Montréal,6037
2023-10-14,06 - Montréal,6039
2023-10-15,06 - Montréal,6039
2023-10-16,06 - Montréal,6042
2023-10-17,06 - Montréal,6045
2023-10-18,06 - Montréal,6047
2023-10-19,06 - Montréal,6048
2023-10-20,06 - Montréal,6049
2023-10-21,06 - Montréal,6049
2023-10-22,06 - Montréal,6051
2023-10-23,06 - Montréal,6054
2023-10-24,06 - Montréal,6054
2023-10-25,06 - Montréal,6056
2023-10-26,06 - Montréal,6059
2023-10-27,06 - Montréal,6063
2023-10-28,06 - Montréal,6064
2023-10-29,06 - Montréal,6065
2023-10-30,06 - Montréal,6066
2023-10-31,06 - Montréal,6066
2023-11-01,06 - Montréal,6067
2023-11-02,06 - Montréal,6068
2023-11-03,06 - Montréal,6069
2023-11-04,06 - Montréal,6069
2023-11-05,06 - Montréal,6074
2023-11-06,06 - Montréal,6074
2023-11-07,06 - Montréal,6076
2023-11-08,06 - Montréal,6078
2023-11-09,06 - Montréal,6078
2023-11-10,06 - Montréal,6080
2023-11-11,06 - Montréal,6080
2023-11-12,06 - Montréal,6081
2023-11-13,06 - Montréal,6082
2023-11-14,06 - Montréal,6084
2023-11-15,06 - Montréal,6085
2023-11-16,06 - Montréal,6087
2023-11-17,06 - Montréal,6087
2023-11-18,06 - Montréal,6088
2023-11-19,06 - Montréal,6091
2023-11-20,06 - Montréal,6091
2023-11-21,06 - Montréal,6092
2023-11-22,06 - Montréal,6094
2023-11-23,06 - Montréal,6094
2023-11-24,06 - Montréal,6097
2023-11-25,06 - Montréal,6102
2023-11-26,06 - Montréal,6104
2023-11-27,06 - Montréal,6105
2023-11-28,06 - Montréal,6110
2023-11-29,06 - Montréal,6112
2023-11-30,06 - Montréal,6115
2023-12-01,06 - Montréal,6118
2023-12-02,06 - Montréal,6119
2023-12-03,06 - Montréal,6122
2023-12-04,06 - Montréal,6122
2023-12-05,06 - Montréal,6123
2023-12-06,06 - Montréal,6124
2023-12-07,06 - Montréal,6124
2023-12-08,06 - Montréal,6128
2023-12-09,06 - Montréal,6129
2023-12-10,06 - Montréal,6130
2023-12-11,06 - Montréal,6134
2023-12-12,06 - Montréal,6140
2023-12-13,06 - Montréal,6143
2023-12-14,06 - Montréal,6146
2023-12-15,06 - Montréal,6147
2023-12-16,06 - Montréal,6149
2023-12-17,06 - Montréal,6152
2023-12-18,06 - Montréal,6152
2023-12-19,06 - Montréal,6159
2023-12-20,06 - Montréal,6160
2023-12-21,06 - Montréal,6162
2023-12-22,06 - Montréal,6169
2023-12-23,06 - Montréal,6172
2023-12-24,06 - Montréal,6176
2023-12-25,06 - Montréal,6177
2023-12-26,06 - Montréal,6188
2023-12-27,06 - Montréal,6190
2023-12-28,06 - Montréal,6191
2023-12-29,06 - Montréal,6194
2023-12-30,06 - Montréal,6200
2023-12-31,06 - Montréal,6202
2024-01-01,06 - Montréal,6203
2024-01-02,06 - Montréal,6204
2024-01-03,06 - Montréal,6208
2024-01-04,06 - Montréal,6209
2024-01-05,06 - Montréal,6215
2024-01-06,06 - Montréal,6217
2024-01-07,06 - Montréal,6220
2024-01-08,06 - Montréal,6220
2024-01-09,06 - Montréal,6221
2024-01-10,06 - Montréal,6226
2024-01-11,06 - Montréal,6229
2024-01-12,06 - Montréal,6231
2024-01-13,06 - Montréal,6235
2024-01-14,06 - Montréal,6235
2024-01-15,06 - Montréal,6239
2024-01-16,06 - Montréal,6241
2024-01-17,06 - Montréal,6241
2024-01-18,06 - Montréal,6242
2024-01-19,06 - Montréal,6245
2024-01-20,06 - Montréal,6246
2024-01-21,06 - Montréal,6248
2024-01-22,06 - Montréal,6248
2024-01-23,06 - Montréal,6248
2024-01-24,06 - Montréal,6250
2024-01-25,06 - Montréal,6251
2024-01-26,06 - Montréal,6253
2024-01-27,06 - Montréal,6254
2024-01-28,06 - Montréal,6255
2024-01-29,06 - Montréal,6256
2024-01-30,06 - Montréal,6256
2024-01-31,06 - Montréal,6258
2024-02-01,06 - Montréal,6259
2024-02-02,06 - Montréal,6261
2024-02-03,06 - Montréal,6262
2024-02-04,06 - Montréal,6265
2024-02-05,06 - Montréal,6265
2024-02-06,06 - Montréal,6265
2024-02-07,06 - Montréal,6267
2024-02-08,06 - Montréal,6269
2024-02-09,06 - Montréal,6271
2024-02-10,06 - Montréal,6271
2024-02-11,06 - Montréal,6271
2024-02-12,06 - Montréal,6272
2024-02-13,06 - Montréal,6272
2024-02-14,06 - Montréal,6273
2024-02-15,06 - Montréal,6273
2024-02-16,06 - Montréal,6274
2024-02-17,06 - Montréal,6275
2024-02-18,06 - Montréal,6275
2024-02-19,06 - Montréal,6275
2024-02-20,06 - Montréal,6275
2024-02-21,06 - Montréal,6275
2024-02-22,06 - Montréal,6276
2024-02-23,06 - Montréal,6276
2024-02-24,06 - Montréal,6276
2024-02-25,06 - Montréal,6278
2024-02-26,06 - Montréal,6278
2024-02-27,06 - Montréal,6278
2024-02-28,06 - Montréal,6278
2024-02-29,06 - Montréal,6279
2024-03-01,06 - Montréal,6279
2024-03-02,06 - Montréal,6279
2024-03-03,06 - Montréal,6280
2024-03-04,06 - Montréal,6280
2024-03-05,06 - Montréal,6280
2024-03-06,06 - Montréal,6280
2024-03-07,06 - Montréal,6281
2024-03-08,06 - Montréal,6281
2024-03-09,06 - Montréal,6281
2024-03-10,06 - Montréal,6281
2024-03-11,06 - Montréal,6281
2024-03-12,06 - Montréal,6281
2024-03-13,06 - Montréal,6281
2024-03-14,06 - Montréal,6281
2024-03-15,06 - Montréal,6281
2024-03-16,06 - Montréal,6281
2024-03-17,06 - Montréal,6281
2024-03-18,06 - Montréal,6281
2024-03-19,06 - Montréal,6281
2024-03-20,06 - Montréal,6281
2024-03-21,06 - Montréal,6281
2024-03-22,06 - Montréal,6281
2024-03-23,06 - Montréal,6281
2024-03-24,06 - Montréal,6281
2024-03-25,06 - Montréal,6281
2024-03-26,06 - Montréal,6281
2024-03-27,06 - Montréal,6281
2024-03-28,06 - Montréal,6282
2024-03-29,06 - Montréal,6282
2024-03-30,06 - Montréal,6282
2024-03-31,06 - Montréal,6282
2024-04-01,06 - Montréal,6282
2024-04-02,06 - Montréal,6282
