date,semaine_cdc,travail,ecole_primaire,ecole_secondaire,cegep,universite,garderie,milieu_de_soins,autre,total
2020-08-23,2020-35,32,0,1,0,0,0,14,5,54
2020-08-24,2020-35,33,0,1,0,0,0,15,5,56
2020-08-25,2020-35,39,0,1,0,0,1,15,5,63
2020-08-26,2020-35,36,0,1,0,0,1,16,5,61
2020-08-27,2020-35,36,0,1,0,0,1,17,4,62
2020-08-28,2020-35,38,0,2,0,0,1,16,3,63
2020-08-29,2020-35,41,0,4,0,0,1,16,4,70
2020-08-30,2020-36,43,2,5,0,0,2,16,6,78
2020-08-31,2020-36,48,4,6,0,0,2,19,6,89
2020-09-01,2020-36,52,6,9,0,0,3,19,8,101
2020-09-02,2020-36,57,6,9,0,0,4,21,8,109
2020-09-03,2020-36,65,7,9,0,0,6,21,8,120
2020-09-04,2020-36,69,7,11,0,0,6,22,9,128
2020-09-05,2020-36,74,7,13,0,0,6,24,11,139
2020-09-06,2020-37,79,10,14,0,0,7,24,14,153
2020-09-07,2020-37,86,11,15,0,0,7,27,17,168
2020-09-08,2020-37,92,13,19,0,0,9,29,19,186
2020-09-09,2020-37,102,15,23,2,0,10,32,20,209
2020-09-10,2020-37,111,16,23,4,0,10,35,23,227
2020-09-11,2020-37,119,19,24,5,0,13,38,23,246
2020-09-12,2020-37,128,20,24,5,0,13,41,24,260
2020-09-13,2020-38,135,24,29,5,0,13,43,25,279
2020-09-14,2020-38,146,28,34,6,0,14,51,26,310
2020-09-15,2020-38,159,32,38,6,0,14,53,26,333
2020-09-16,2020-38,170,35,39,6,0,15,58,27,355
2020-09-17,2020-38,177,38,41,8,0,15,59,29,372
2020-09-18,2020-38,195,40,45,10,0,17,65,31,408
2020-09-19,2020-38,217,46,48,11,0,17,70,32,446
2020-09-20,2020-39,224,50,53,11,0,18,75,33,469
2020-09-21,2020-39,242,53,57,12,1,19,81,36,507
2020-09-22,2020-39,260,55,62,13,1,25,81,37,540
2020-09-23,2020-39,277,57,68,13,2,28,90,41,582
2020-09-24,2020-39,291,63,70,13,2,28,106,41,620
2020-09-25,2020-39,323,66,75,15,2,29,112,43,671
2020-09-26,2020-39,335,69,78,16,2,33,120,45,704
2020-09-27,2020-40,350,74,83,17,2,34,125,49,740
2020-09-28,2020-40,377,77,90,18,2,35,132,52,789
2020-09-29,2020-40,408,80,95,19,3,39,139,55,846
2020-09-30,2020-40,441,81,99,19,3,43,143,57,894
2020-10-01,2020-40,468,84,102,19,3,44,144,59,931
2020-10-02,2020-40,503,92,109,19,3,47,145,59,985
2020-10-03,2020-40,523,95,111,19,3,46,152,62,1019
2020-10-04,2020-41,537,97,116,19,3,46,159,64,1049
2020-10-05,2020-41,573,101,118,19,3,45,163,65,1095
2020-10-06,2020-41,599,102,122,20,3,45,170,68,1138
2020-10-07,2020-41,602,108,122,21,3,48,179,67,1159
2020-10-08,2020-41,631,110,122,21,3,48,187,67,1198
2020-10-09,2020-41,652,116,128,21,3,50,190,73,1243
2020-10-10,2020-41,655,117,133,22,3,51,190,74,1255
2020-10-11,2020-42,667,119,136,22,3,52,198,73,1280
2020-10-12,2020-42,677,120,138,23,3,52,201,73,1297
2020-10-13,2020-42,688,125,137,23,3,52,207,73,1318
2020-10-14,2020-42,705,129,143,22,3,54,211,74,1351
2020-10-15,2020-42,729,128,145,21,3,57,214,76,1383
2020-10-16,2020-42,748,136,156,21,3,58,213,76,1423
2020-10-17,2020-42,747,137,157,21,3,60,213,75,1425
2020-10-18,2020-43,753,142,159,21,3,62,212,76,1440
2020-10-19,2020-43,762,142,161,21,3,64,226,76,1467
2020-10-20,2020-43,771,144,163,22,3,62,229,74,1480
2020-10-21,2020-43,783,144,170,22,3,61,234,76,1507
2020-10-22,2020-43,797,149,177,22,2,62,232,78,1532
2020-10-23,2020-43,817,156,183,22,2,63,234,75,1564
2020-10-24,2020-43,825,162,182,22,1,64,234,79,1581
2020-10-25,2020-44,833,167,183,22,2,66,239,80,1604
2020-10-26,2020-44,848,175,184,22,2,67,238,85,1633
2020-10-27,2020-44,847,176,189,21,3,70,242,85,1645
2020-10-28,2020-44,853,179,191,20,3,72,243,84,1657
2020-10-29,2020-44,853,179,191,22,3,75,241,83,1659
2020-10-30,2020-44,868,186,190,22,3,79,243,81,1685
2020-10-31,2020-44,868,188,190,22,3,78,240,80,1682
2020-11-01,2020-45,878,190,195,22,3,80,242,81,1705
2020-11-02,2020-45,899,198,197,23,4,80,249,81,1745
2020-11-03,2020-45,906,207,201,23,4,82,252,78,1766
2020-11-04,2020-45,916,211,199,24,4,86,252,77,1783
2020-11-05,2020-45,923,218,202,24,4,91,259,76,1810
2020-11-06,2020-45,931,221,201,25,4,87,262,77,1822
2020-11-07,2020-45,914,225,197,23,4,85,260,79,1801
2020-11-08,2020-46,916,224,201,23,4,89,263,80,1814
2020-11-09,2020-46,931,233,208,22,4,91,271,80,1855
2020-11-10,2020-46,930,238,212,21,5,91,273,75,1859
2020-11-11,2020-46,933,240,214,22,6,93,278,72,1872
2020-11-12,2020-46,930,240,215,21,6,95,286,72,1878
2020-11-13,2020-46,951,243,215,21,6,93,292,66,1901
2020-11-14,2020-46,936,245,216,19,7,95,291,65,1888
2020-11-15,2020-47,928,245,215,20,6,92,293,63,1875
2020-11-16,2020-47,923,250,217,20,7,94,299,56,1879
2020-11-17,2020-47,805,210,198,15,6,93,301,47,1688
2020-11-18,2020-47,805,212,196,16,7,99,305,49,1702
2020-11-19,2020-47,817,221,197,16,7,96,315,50,1732
2020-11-20,2020-47,807,227,189,14,7,99,319,48,1720
2020-11-21,2020-47,793,227,181,16,7,99,316,46,1696
2020-11-22,2020-48,808,233,182,16,7,101,316,49,1723
2020-11-23,2020-48,823,241,184,16,7,106,327,50,1765
2020-11-24,2020-48,786,227,181,16,7,108,319,50,1706
2020-11-25,2020-48,809,235,184,16,7,105,327,50,1744
2020-11-26,2020-48,811,232,181,13,7,102,330,50,1736
2020-11-27,2020-48,843,234,182,13,6,110,345,51,1794
2020-11-28,2020-48,829,233,170,13,6,109,336,51,1757
2020-11-29,2020-49,820,233,179,14,6,111,343,53,1770
2020-11-30,2020-49,841,239,186,13,6,119,361,53,1829
2020-12-01,2020-49,880,250,198,13,6,122,361,56,1898
2020-12-02,2020-49,879,248,193,13,6,121,367,60,1901
2020-12-03,2020-49,914,261,199,11,7,120,381,60,1967
2020-12-04,2020-49,963,270,204,12,8,129,391,60,2052
2020-12-05,2020-49,920,247,200,11,8,128,402,59,1991
2020-12-06,2020-50,943,257,198,11,8,127,414,62,2036
2020-12-07,2020-50,970,271,201,12,8,135,422,64,2099
2020-12-08,2020-50,989,269,207,10,8,140,427,65,2130
2020-12-09,2020-50,1022,282,213,11,7,147,439,67,2204
2020-12-10,2020-50,1044,276,203,11,7,149,444,68,2219
2020-12-11,2020-50,1082,279,210,11,7,155,449,67,2276
2020-12-12,2020-50,1061,271,210,11,7,162,455,67,2260
2020-12-13,2020-51,1069,280,215,11,7,166,465,71,2300
2020-12-14,2020-51,1117,297,223,11,7,167,472,72,2382
2020-12-15,2020-51,1125,311,222,11,7,172,469,68,2401
2020-12-16,2020-51,1151,307,218,11,7,175,483,66,2432
2020-12-17,2020-51,1179,308,218,11,7,180,487,63,2466
2020-12-18,2020-51,1216,313,216,12,7,182,490,66,2515
2020-12-19,2020-51,1203,293,193,12,5,178,480,66,2444
2020-12-20,2020-52,1209,293,192,12,4,179,479,70,2452
2020-12-21,2020-52,1251,298,191,12,4,181,489,71,2511
2020-12-22,2020-52,1259,293,187,10,4,178,507,71,2523
2020-12-23,2020-52,1274,296,186,10,3,183,516,77,2558
2020-12-24,2020-52,1300,291,180,10,3,182,509,77,2565
2020-12-25,2020-52,1272,285,173,10,3,178,501,79,2513
2020-12-26,2020-52,1236,278,167,10,4,172,505,84,2468
2020-12-27,2020-53,1221,275,166,10,4,161,509,86,2445
2020-12-28,2020-53,1229,270,167,11,4,158,520,95,2467
2020-12-29,2020-53,1202,256,164,11,4,142,521,97,2409
2020-12-30,2020-53,1205,258,164,11,3,135,525,98,2410
2020-12-31,2020-53,1186,204,134,9,2,130,523,98,2296
2021-01-01,2020-53,1150,189,130,8,2,121,517,100,2227
2021-01-02,2020-53,1102,182,119,5,1,99,512,103,2131
2021-01-03,2021-01,1097,183,119,5,1,91,513,110,2127
2021-01-04,2021-01,1107,181,117,5,1,90,524,120,2152
2021-01-05,2021-01,1087,167,105,5,1,88,523,123,2106
2021-01-06,2021-01,1080,84,53,3,1,81,534,121,1961
2021-01-07,2021-01,1045,68,44,2,0,86,536,120,1904
2021-01-08,2021-01,1027,60,39,2,0,82,533,123,1869
2021-01-09,2021-01,1027,56,32,0,0,84,536,129,1865
2021-01-10,2021-02,1022,51,28,0,0,87,533,132,1853
2021-01-11,2021-02,1037,62,29,0,0,91,548,128,1895
2021-01-12,2021-02,1046,63,27,0,0,96,544,127,1903
2021-01-13,2021-02,1056,74,27,0,0,102,544,128,1931
2021-01-14,2021-02,1055,82,20,0,0,103,533,125,1918
2021-01-15,2021-02,1048,100,19,0,0,110,540,127,1945
2021-01-16,2021-02,1048,104,20,1,0,114,540,125,1953
2021-01-17,2021-03,1038,109,23,1,0,120,535,120,1948
2021-01-18,2021-03,1040,117,34,1,0,128,544,119,1985
2021-01-19,2021-03,1010,134,46,1,1,124,535,110,1964
2021-01-20,2021-03,993,143,54,1,1,125,537,107,1964
2021-01-21,2021-03,984,157,60,1,1,130,524,102,1962
2021-01-22,2021-03,963,172,66,1,1,138,509,98,1951
2021-01-23,2021-03,932,181,68,2,1,138,500,97,1922
2021-01-24,2021-04,899,188,68,2,1,145,501,96,1903
2021-01-25,2021-04,890,197,76,2,1,146,500,91,1906
2021-01-26,2021-04,871,207,84,3,1,153,481,91,1894
2021-01-27,2021-04,841,217,92,4,1,152,477,91,1879
2021-01-28,2021-04,825,225,100,4,1,152,461,89,1861
2021-01-29,2021-04,806,232,107,4,1,154,438,87,1833
2021-01-30,2021-04,758,238,113,4,1,149,419,84,1770
2021-01-31,2021-05,733,244,114,5,1,149,412,83,1745
2021-02-01,2021-05,728,254,121,5,1,148,407,81,1749
2021-02-02,2021-05,710,248,130,4,1,145,387,76,1705
2021-02-03,2021-05,688,254,135,4,1,145,372,75,1678
2021-02-04,2021-05,677,259,139,4,1,138,358,70,1650
2021-02-05,2021-05,649,260,142,4,1,138,341,65,1605
2021-02-06,2021-05,605,269,147,4,1,136,317,66,1550
2021-02-07,2021-06,599,273,150,4,1,135,309,66,1542
2021-02-08,2021-06,597,279,154,4,1,140,303,67,1551
2021-02-09,2021-06,589,247,142,4,0,137,285,64,1471
2021-02-10,2021-06,587,239,136,4,0,133,280,60,1442
2021-02-11,2021-06,573,245,138,4,0,129,269,57,1418
2021-02-12,2021-06,560,241,143,4,0,126,261,56,1394
2021-02-13,2021-06,537,245,144,5,0,117,243,55,1349
2021-02-14,2021-07,547,243,148,5,0,119,234,55,1354
2021-02-15,2021-07,544,248,152,5,0,117,227,51,1349
2021-02-16,2021-07,539,215,136,5,0,113,214,48,1274
2021-02-17,2021-07,526,211,136,4,0,115,204,48,1249
2021-02-18,2021-07,515,206,137,4,0,113,190,49,1219
2021-02-19,2021-07,521,206,141,4,0,110,182,50,1220
2021-02-20,2021-07,493,207,140,5,0,110,170,47,1178
2021-02-21,2021-08,481,215,141,5,0,107,170,46,1172
2021-02-22,2021-08,484,221,147,6,0,106,169,48,1188
2021-02-23,2021-08,481,205,138,6,0,107,164,46,1155
2021-02-24,2021-08,472,183,116,4,0,107,157,47,1094
2021-02-25,2021-08,466,185,114,4,0,110,151,48,1086
2021-02-26,2021-08,475,191,118,4,0,112,144,49,1101
2021-02-27,2021-08,462,191,112,4,0,109,139,48,1073
2021-02-28,2021-09,455,192,110,4,0,110,137,46,1062
2021-03-01,2021-09,457,193,111,4,0,116,137,46,1072
2021-03-02,2021-09,460,167,96,3,0,116,132,42,1023
2021-03-03,2021-09,471,160,91,3,0,118,123,41,1014
2021-03-04,2021-09,461,152,87,4,0,120,115,42,987
2021-03-05,2021-09,469,150,90,4,0,120,109,41,989
2021-03-06,2021-09,463,145,87,4,0,120,108,43,976
2021-03-07,2021-10,461,145,85,4,0,119,105,45,970
2021-03-08,2021-10,458,142,85,5,0,121,109,44,969
2021-03-09,2021-10,468,121,78,5,0,120,107,45,947
2021-03-10,2021-10,465,126,84,6,0,118,107,47,956
2021-03-11,2021-10,472,124,74,8,0,118,106,46,951
2021-03-12,2021-10,484,126,77,8,0,111,101,45,956
2021-03-13,2021-10,466,121,72,9,0,114,95,46,927
2021-03-14,2021-11,464,120,77,8,0,112,94,48,927
2021-03-15,2021-11,472,126,82,8,0,111,91,54,948
2021-03-16,2021-11,474,102,73,7,0,110,88,52,909
2021-03-17,2021-11,477,109,80,7,0,113,91,52,932
2021-03-18,2021-11,483,112,85,7,1,117,90,51,949
2021-03-19,2021-11,510,110,88,8,1,116,87,54,979
2021-03-20,2021-11,510,118,89,7,1,116,87,55,989
2021-03-21,2021-12,517,125,90,8,1,115,86,55,1003
2021-03-22,2021-12,530,131,99,8,2,114,83,59,1032
2021-03-23,2021-12,550,133,101,10,2,116,83,58,1059
2021-03-24,2021-12,566,134,103,9,2,116,83,58,1078
2021-03-25,2021-12,589,145,113,10,2,116,84,60,1126
2021-03-26,2021-12,632,157,116,10,3,122,86,63,1197
2021-03-27,2021-12,639,165,118,10,3,120,83,65,1210
2021-03-28,2021-13,662,171,121,10,3,119,85,68,1246
2021-03-29,2021-13,690,184,129,10,3,118,83,70,1294
2021-03-30,2021-13,720,193,133,10,3,119,82,70,1336
2021-03-31,2021-13,767,200,141,11,4,118,83,70,1401
2021-04-01,2021-13,813,204,141,12,4,122,86,70,1459
2021-04-02,2021-13,843,211,144,12,4,125,79,69,1494
2021-04-03,2021-13,864,215,143,12,4,122,80,73,1520
2021-04-04,2021-14,877,219,143,12,4,121,84,74,1541
2021-04-05,2021-14,902,220,147,12,4,120,86,79,1577
2021-04-06,2021-14,935,211,145,11,5,120,92,85,1610
2021-04-07,2021-14,979,212,151,10,6,128,94,80,1666
2021-04-08,2021-14,1005,210,154,9,5,133,101,82,1705
2021-04-09,2021-14,1051,218,169,10,5,132,104,82,1777
2021-04-10,2021-14,1060,216,176,8,4,135,112,81,1797
2021-04-11,2021-15,1064,220,184,9,4,129,110,75,1800
2021-04-12,2021-15,1083,221,189,9,4,137,112,75,1835
2021-04-13,2021-15,1076,211,185,9,3,145,107,78,1819
2021-04-14,2021-15,1083,220,185,11,3,152,109,80,1848
2021-04-15,2021-15,1096,212,191,12,4,166,109,80,1875
2021-04-16,2021-15,1084,215,187,12,5,163,114,73,1858
2021-04-17,2021-15,1059,208,180,10,5,159,117,75,1817
2021-04-18,2021-16,1030,208,183,9,5,160,115,76,1790
2021-04-19,2021-16,1043,215,191,9,5,171,114,70,1822
2021-04-20,2021-16,1028,208,192,9,4,172,114,69,1801
2021-04-21,2021-16,1030,212,201,10,4,167,113,67,1809
2021-04-22,2021-16,1018,206,198,10,4,167,116,68,1793
2021-04-23,2021-16,995,209,201,10,5,175,118,68,1788
2021-04-24,2021-16,946,209,188,10,5,172,118,72,1727
2021-04-25,2021-17,941,206,190,10,5,169,121,70,1719
2021-04-26,2021-17,959,213,193,11,5,172,123,74,1758
2021-04-27,2021-17,919,205,186,10,6,157,124,71,1686
2021-04-28,2021-17,915,204,182,9,7,158,126,68,1678
2021-04-29,2021-17,908,194,165,8,7,160,122,68,1641
2021-04-30,2021-17,890,191,159,8,8,155,119,66,1604
2021-05-01,2021-17,834,189,158,8,8,150,114,66,1535
2021-05-02,2021-18,817,187,162,8,7,143,116,66,1514
2021-05-03,2021-18,807,191,166,9,7,143,117,61,1510
2021-05-04,2021-18,799,185,160,9,7,139,119,65,1492
2021-05-05,2021-18,807,186,164,9,7,135,114,66,1497
2021-05-06,2021-18,781,186,154,8,7,137,117,64,1463
2021-05-07,2021-18,779,186,154,9,7,130,116,62,1452
2021-05-08,2021-18,730,185,151,9,5,116,111,63,1378
2021-05-09,2021-19,710,184,155,8,5,114,115,65,1364
2021-05-10,2021-19,729,190,157,8,5,115,113,67,1392
2021-05-11,2021-19,725,177,156,8,5,112,117,67,1372
2021-05-12,2021-19,714,174,146,7,5,118,116,73,1358
2021-05-13,2021-19,701,170,141,7,5,121,115,73,1337
2021-05-14,2021-19,696,167,142,7,5,121,105,75,1322
2021-05-15,2021-19,663,165,141,6,4,111,105,74,1272
2021-05-16,2021-20,644,165,141,4,4,104,102,76,1243
2021-05-17,2021-20,631,168,141,4,4,105,101,78,1235
2021-05-18,2021-20,601,153,135,4,2,99,100,80,1179
2021-05-19,2021-20,583,161,138,4,1,97,99,75,1162
2021-05-20,2021-20,568,149,130,3,1,90,98,75,1118
2021-05-21,2021-20,544,149,127,3,0,90,96,72,1086
2021-05-22,2021-20,508,148,121,3,0,85,94,72,1035
2021-05-23,2021-21,493,142,126,3,0,81,87,73,1009
2021-05-24,2021-21,476,143,124,3,0,75,85,69,979
2021-05-25,2021-21,448,130,108,2,0,70,87,65,914
2021-05-26,2021-21,423,128,102,2,0,67,83,61,870
2021-05-27,2021-21,401,121,92,2,0,64,78,58,820
2021-05-28,2021-21,363,117,93,2,0,69,72,55,775
2021-05-29,2021-21,331,108,88,2,0,66,65,51,715
2021-05-30,2021-22,318,103,88,2,1,65,65,52,698
2021-05-31,2021-22,296,104,92,2,1,64,61,54,678
2021-06-01,2021-22,288,93,84,1,1,55,60,50,635
2021-06-02,2021-22,260,87,86,0,1,52,58,48,594
2021-06-03,2021-22,244,76,86,0,1,55,56,46,566
2021-06-04,2021-22,229,79,79,0,1,52,47,41,530
2021-06-05,2021-22,202,69,70,0,1,48,41,38,471
2021-06-06,2021-23,186,70,73,0,1,46,35,34,447
2021-06-07,2021-23,181,71,73,0,1,46,35,30,439
2021-06-08,2021-23,175,64,71,0,1,46,35,28,421
2021-06-09,2021-23,158,63,74,0,1,43,33,22,395
2021-06-10,2021-23,150,55,67,0,1,40,31,20,365
2021-06-11,2021-23,139,52,65,0,1,39,32,20,349
2021-06-12,2021-23,126,47,63,0,1,36,30,19,323
2021-06-13,2021-24,116,48,59,0,1,35,26,18,304
2021-06-14,2021-24,113,50,59,0,1,36,25,17,302
2021-06-15,2021-24,110,48,60,0,1,35,22,16,293
2021-06-16,2021-24,97,49,57,0,1,36,21,16,278
2021-06-17,2021-24,92,41,49,0,1,34,20,16,254
2021-06-18,2021-24,90,40,42,0,1,33,19,14,240
2021-06-19,2021-24,88,38,37,0,1,29,21,14,228
2021-06-20,2021-25,82,38,38,0,1,28,20,13,220
2021-06-21,2021-25,77,36,32,0,1,25,19,13,203
2021-06-22,2021-25,72,30,28,0,0,26,19,14,189
2021-06-23,2021-25,68,32,25,0,0,26,19,14,184
2021-06-24,2021-25,61,32,24,0,0,25,20,14,176
2021-06-25,2021-25,62,32,22,0,0,22,20,14,172
2021-06-26,2021-25,57,34,18,0,0,21,19,14,163
2021-06-27,2021-26,55,34,17,0,0,19,18,13,156
2021-06-28,2021-26,53,33,17,0,0,19,18,13,153
2021-06-29,2021-26,53,28,12,0,0,18,17,12,140
2021-06-30,2021-26,52,26,11,0,0,17,16,11,133
2021-07-01,2021-26,47,17,10,0,0,18,15,11,118
2021-07-02,2021-26,44,13,9,0,0,17,13,11,107
2021-07-03,2021-26,40,13,7,0,0,12,12,11,95
2021-07-04,2021-27,40,13,7,0,0,12,11,11,94
2021-07-05,2021-27,40,13,7,0,0,14,10,12,96
2021-07-06,2021-27,42,9,2,0,0,13,9,10,85
2021-07-07,2021-27,38,8,1,0,0,14,8,9,78
2021-07-08,2021-27,38,4,1,0,0,14,6,10,73
2021-07-09,2021-27,39,4,0,0,0,12,6,9,70
2021-07-10,2021-27,35,4,0,0,0,11,6,9,65
2021-07-11,2021-28,34,4,0,0,0,12,6,8,64
2021-07-12,2021-28,38,4,0,0,0,11,6,8,67
2021-07-13,2021-28,36,2,0,0,0,12,6,7,63
2021-07-14,2021-28,39,0,0,0,0,11,4,7,61
2021-07-15,2021-28,44,0,0,0,0,12,4,7,67
2021-07-16,2021-28,44,0,0,0,0,12,4,6,66
2021-07-17,2021-28,44,0,0,0,0,9,4,5,62
2021-07-18,2021-29,46,0,0,0,0,9,4,8,67
2021-07-19,2021-29,49,0,0,0,0,9,5,8,71
2021-07-20,2021-29,51,0,0,0,0,9,5,8,73
2021-07-21,2021-29,54,0,0,0,0,9,5,9,77
2021-07-22,2021-29,55,0,0,0,0,7,5,11,78
2021-07-23,2021-29,57,0,0,0,0,7,5,11,80
2021-07-24,2021-29,58,0,0,0,0,5,4,12,79
2021-07-25,2021-30,58,0,0,0,0,4,4,13,79
2021-07-26,2021-30,60,0,0,0,0,5,5,16,86
2021-07-27,2021-30,67,0,0,0,0,4,5,18,94
2021-07-28,2021-30,69,0,0,0,0,4,6,19,99
2021-07-29,2021-30,73,0,0,0,0,5,7,21,107
2021-07-30,2021-30,74,0,0,0,0,7,7,21,110
2021-07-31,2021-30,79,0,0,0,0,7,7,23,117
2021-08-01,2021-31,85,0,0,0,0,7,7,27,127
2021-08-02,2021-31,92,0,0,0,0,7,7,31,138
2021-08-03,2021-31,98,0,0,0,0,8,8,33,148
2021-08-04,2021-31,101,0,0,1,0,11,8,34,156
2021-08-05,2021-31,109,0,0,1,0,13,9,36,169
2021-08-06,2021-31,123,1,0,1,0,13,9,37,185
2021-08-07,2021-31,129,1,1,1,0,13,9,41,196
2021-08-08,2021-32,129,1,1,1,0,15,8,42,198
2021-08-09,2021-32,147,1,1,1,0,17,8,43,219
2021-08-10,2021-32,160,1,1,1,0,19,10,44,237
2021-08-11,2021-32,168,1,1,1,0,22,11,46,252
2021-08-12,2021-32,177,1,2,1,0,23,10,51,269
2021-08-13,2021-32,196,1,2,1,1,24,9,55,292
2021-08-14,2021-32,204,1,2,1,1,23,9,54,298
2021-08-15,2021-33,213,1,2,1,1,23,11,54,309
2021-08-16,2021-33,226,1,2,1,1,23,12,56,325
2021-08-17,2021-33,232,1,3,1,1,25,12,57,335
2021-08-18,2021-33,252,1,4,1,1,28,13,62,365
2021-08-19,2021-33,268,1,4,1,1,33,13,62,386
2021-08-20,2021-33,285,2,5,1,1,35,13,62,407
2021-08-21,2021-33,282,2,5,2,1,35,12,63,405
2021-08-22,2021-34,286,2,6,2,1,36,12,64,412
2021-08-23,2021-34,296,2,8,4,1,39,12,62,427
2021-08-24,2021-34,304,2,10,5,1,47,13,63,448
2021-08-25,2021-34,314,3,11,6,1,47,15,59,459
2021-08-26,2021-34,326,4,13,7,1,48,17,50,469
2021-08-27,2021-34,332,6,13,7,1,54,16,49,481
2021-08-28,2021-34,334,8,13,7,1,58,16,47,486
2021-08-29,2021-35,329,10,14,7,1,60,16,47,486
2021-08-30,2021-35,336,20,16,7,1,65,18,48,513
2021-08-31,2021-35,344,33,17,8,1,70,18,47,541
2021-09-01,2021-35,358,48,20,9,1,77,18,48,581
2021-09-02,2021-35,379,57,25,11,0,81,18,47,620
2021-09-03,2021-35,389,70,26,11,0,90,19,44,651
2021-09-04,2021-35,376,77,30,12,0,90,20,46,653
2021-09-05,2021-36,377,82,30,12,0,92,19,47,662
2021-09-06,2021-36,379,87,32,12,0,95,20,43,671
2021-09-07,2021-36,390,110,31,12,0,93,23,43,706
2021-09-08,2021-36,402,127,31,12,0,96,25,46,743
2021-09-09,2021-36,408,137,31,12,1,105,25,48,771
2021-09-10,2021-36,402,148,33,11,1,109,26,45,778
2021-09-11,2021-36,382,161,36,11,1,106,27,44,771
2021-09-12,2021-37,392,176,37,11,1,108,28,48,805
2021-09-13,2021-37,405,193,40,11,1,113,29,43,839
2021-09-14,2021-37,411,215,39,11,1,114,33,42,870
2021-09-15,2021-37,412,229,36,9,1,114,37,42,884
2021-09-16,2021-37,404,242,39,8,2,118,38,42,897
2021-09-17,2021-37,404,261,40,7,2,118,41,44,921
2021-09-18,2021-37,386,265,40,7,2,110,42,43,899
2021-09-19,2021-38,384,272,42,7,2,106,44,43,904
2021-09-20,2021-38,383,287,44,7,2,111,46,42,926
2021-09-21,2021-38,392,295,44,5,2,117,46,40,946
2021-09-22,2021-38,374,309,42,6,2,117,50,44,949
2021-09-23,2021-38,366,318,43,6,2,120,52,44,956
2021-09-24,2021-38,352,326,42,6,1,122,55,45,955
2021-09-25,2021-38,322,325,43,5,1,115,56,44,917
2021-09-26,2021-39,311,328,44,5,1,115,51,46,907
2021-09-27,2021-39,314,339,47,5,1,115,51,49,927
2021-09-28,2021-39,304,332,44,5,1,106,53,47,898
2021-09-29,2021-39,297,332,43,4,1,106,55,45,889
2021-09-30,2021-39,292,333,42,4,1,107,53,43,882
2021-10-01,2021-39,281,337,41,5,1,106,54,43,875
2021-10-02,2021-39,264,340,39,5,1,99,56,43,854
2021-10-03,2021-40,262,348,40,5,1,101,55,48,867
2021-10-04,2021-40,265,354,40,5,1,102,56,49,880
2021-10-05,2021-40,270,332,38,5,1,101,54,46,855
2021-10-06,2021-40,249,335,37,4,0,100,56,48,837
2021-10-07,2021-40,238,331,39,4,0,99,57,49,824
2021-10-08,2021-40,235,333,35,4,0,99,59,47,819
2021-10-09,2021-40,226,317,32,4,0,95,59,51,790
2021-10-10,2021-41,218,319,30,5,0,93,61,51,784
2021-10-11,2021-41,217,324,31,5,0,91,60,53,789
2021-10-12,2021-41,218,330,31,5,0,91,62,52,797
2021-10-13,2021-41,220,321,31,5,0,88,60,57,789
2021-10-14,2021-41,213,309,29,5,0,89,57,57,766
2021-10-15,2021-41,206,307,30,5,0,90,56,57,757
2021-10-16,2021-41,197,299,31,4,0,80,53,57,726
2021-10-17,2021-42,200,303,28,4,0,80,54,60,734
2021-10-18,2021-42,202,317,27,4,0,78,55,58,747
2021-10-19,2021-42,208,308,26,4,0,76,59,63,750
2021-10-20,2021-42,203,308,27,4,0,77,59,63,747
2021-10-21,2021-42,189,307,27,4,0,79,60,59,730
2021-10-22,2021-42,184,303,27,4,0,71,60,58,712
2021-10-23,2021-42,179,295,27,4,0,63,57,60,690
2021-10-24,2021-43,179,303,27,4,0,63,58,57,696
2021-10-25,2021-43,176,314,27,4,0,67,60,58,710
2021-10-26,2021-43,171,308,29,3,0,65,57,54,691
2021-10-27,2021-43,172,311,30,4,0,60,56,49,686
2021-10-28,2021-43,172,316,31,4,0,60,55,50,692
2021-10-29,2021-43,170,300,33,4,0,57,56,49,673
2021-10-30,2021-43,162,289,35,4,0,59,56,54,662
2021-10-31,2021-44,163,292,36,4,0,59,58,52,667
2021-11-01,2021-44,167,299,37,3,0,59,57,47,673
2021-11-02,2021-44,167,287,36,3,0,60,59,47,662
2021-11-03,2021-44,171,302,34,3,0,64,58,46,681
2021-11-04,2021-44,178,306,37,2,0,67,56,44,693
2021-11-05,2021-44,183,320,37,3,0,68,55,43,712
2021-11-06,2021-44,184,312,36,3,0,63,56,45,701
2021-11-07,2021-45,188,324,37,3,0,66,56,46,722
2021-11-08,2021-45,192,343,36,3,0,74,57,49,756
2021-11-09,2021-45,203,341,37,3,0,80,58,48,773
2021-11-10,2021-45,213,351,37,2,0,83,55,48,792
2021-11-11,2021-45,217,353,39,2,0,87,54,50,805
2021-11-12,2021-45,223,372,40,2,0,87,51,53,831
2021-11-13,2021-45,226,364,40,2,0,85,48,53,821
2021-11-14,2021-46,232,377,42,2,0,87,48,55,846
2021-11-15,2021-46,247,387,46,2,0,95,48,62,890
2021-11-16,2021-46,251,395,46,2,0,93,49,66,905
2021-11-17,2021-46,269,409,45,2,0,98,48,68,942
2021-11-18,2021-46,276,422,46,2,0,104,48,70,971
2021-11-19,2021-46,291,452,45,3,0,109,46,75,1023
2021-11-20,2021-46,291,446,45,3,0,110,42,78,1016
2021-11-21,2021-47,292,461,44,3,0,107,44,80,1032
2021-11-22,2021-47,312,489,46,3,0,124,45,79,1099
2021-11-23,2021-47,330,484,45,4,0,126,46,80,1116
2021-11-24,2021-47,343,515,46,4,0,127,48,81,1166
2021-11-25,2021-47,358,528,50,4,0,137,46,80,1205
2021-11-26,2021-47,372,530,54,4,0,141,45,81,1229
2021-11-27,2021-47,384,523,54,5,0,130,46,86,1230
2021-11-28,2021-48,405,534,55,5,0,130,46,92,1269
2021-11-29,2021-48,431,571,62,5,0,138,50,94,1353
2021-11-30,2021-48,449,580,64,5,1,142,59,93,1395
2021-12-01,2021-48,488,599,70,6,1,143,59,94,1462
2021-12-02,2021-48,506,632,72,6,1,145,61,99,1525
2021-12-03,2021-48,532,657,73,6,1,153,60,104,1590
2021-12-04,2021-48,535,641,73,6,1,152,59,107,1578
2021-12-05,2021-49,552,662,78,6,2,153,65,107,1629
2021-12-06,2021-49,586,678,81,6,2,154,69,110,1690
2021-12-07,2021-49,601,684,79,6,2,162,78,108,1724
2021-12-08,2021-49,628,705,85,6,2,174,86,107,1797
2021-12-09,2021-49,659,731,92,7,2,179,89,106,1869
2021-12-10,2021-49,693,724,95,7,3,175,96,103,1900
2021-12-11,2021-49,694,733,93,7,3,180,102,103,1919
2021-12-12,2021-50,709,748,97,8,3,187,110,102,1968
2021-12-13,2021-50,744,772,103,8,3,206,124,101,2065
2021-12-14,2021-50,767,761,105,7,3,207,133,95,2082
2021-12-15,2021-50,793,767,108,8,3,216,141,100,2140
2021-12-16,2021-50,809,752,115,8,3,218,160,106,2175
2021-12-17,2021-50,837,750,116,7,3,226,181,104,2229
2021-12-18,2021-50,812,725,120,6,2,229,203,100,2202
2021-12-19,2021-51,806,727,121,6,2,236,236,102,2241
2021-12-20,2021-51,809,726,123,6,2,247,273,110,2301
2021-12-21,2021-51,819,677,120,6,2,257,326,113,2325
2021-12-22,2021-51,800,662,119,6,2,263,376,119,2352
2021-12-23,2021-51,805,609,114,6,1,271,426,121,2358
2021-12-24,2021-51,780,592,112,6,1,249,493,123,2361
2021-12-25,2021-51,729,572,108,5,1,247,543,116,2326
2021-12-26,2021-52,692,561,107,5,1,235,596,106,2308
2021-12-27,2021-52,681,558,105,5,1,231,661,101,2348
2021-12-28,2021-52,652,538,102,5,1,222,740,101,2366
2021-12-29,2021-52,627,501,98,5,1,222,818,104,2381
2021-12-30,2021-52,602,458,91,5,1,214,883,100,2359
2021-12-31,2021-52,552,391,86,5,1,210,953,103,2305
2022-01-01,2021-52,491,340,79,4,1,205,1016,104,2243
2022-01-02,2022-01,464,337,77,3,1,200,1075,101,2261
2022-01-03,2022-01,438,322,75,3,1,199,1138,97,2275
2022-01-04,2022-01,412,232,57,3,1,201,1195,96,2199
2022-01-05,2022-01,351,137,41,3,1,195,1261,94,2083
2022-01-06,2022-01,316,81,29,3,0,201,1312,94,2036
2022-01-07,2022-01,221,71,29,3,0,207,1364,92,1987
2022-01-08,2022-01,207,65,28,3,0,202,1383,95,1983
2022-01-09,2022-02,207,62,28,3,0,195,1414,96,2005
2022-01-10,2022-02,205,60,28,3,0,179,1446,97,2018
2022-01-11,2022-02,199,42,17,3,0,172,1484,101,2018
2022-01-12,2022-02,179,24,5,0,0,168,1494,97,1967
2022-01-13,2022-02,167,16,4,0,0,164,1507,96,1954
2022-01-14,2022-02,153,16,4,0,0,162,1535,99,1969
2022-01-15,2022-02,144,16,4,0,0,161,1533,96,1954
2022-01-16,2022-03,136,16,4,0,0,161,1542,97,1956
2022-01-17,2022-03,135,16,4,0,0,156,1562,97,1970
2022-01-18,2022-03,112,16,4,0,0,149,1566,96,1943
2022-01-19,2022-03,106,16,4,0,0,145,1560,98,1930
2022-01-20,2022-03,101,16,4,0,0,133,1552,97,1904
2022-01-21,2022-03,94,16,4,0,0,108,1546,95,1864
2022-01-22,2022-03,86,16,4,0,0,93,1542,95,1837
2022-01-23,2022-04,82,16,3,0,0,74,1538,91,1805
2022-01-24,2022-04,81,16,3,0,0,52,1535,91,1779
2022-01-25,2022-04,76,16,3,0,0,39,1506,91,1732
2022-01-26,2022-04,75,16,3,0,0,24,1477,84,1680
2022-01-27,2022-04,72,16,3,0,0,20,1441,82,1635
2022-01-28,2022-04,72,16,3,0,0,17,1410,84,1603
2022-01-29,2022-04,71,16,3,0,0,13,1358,78,1540
2022-01-30,2022-05,67,16,3,0,0,11,1339,76,1513
2022-01-31,2022-05,67,16,3,0,0,11,1342,75,1515
2022-02-01,2022-05,64,10,2,0,0,12,1309,76,1474
2022-02-02,2022-05,67,10,2,0,0,11,1267,73,1431
2022-02-03,2022-05,61,10,2,0,0,10,1227,71,1382
2022-02-04,2022-05,58,10,2,0,0,10,1185,71,1337
2022-02-05,2022-05,53,10,2,0,0,8,1135,65,1274
2022-02-06,2022-06,49,10,2,0,0,6,1120,63,1251
2022-02-07,2022-06,51,10,2,0,0,6,1105,63,1238
2022-02-08,2022-06,52,10,2,0,0,6,1075,63,1209
2022-02-09,2022-06,51,10,2,0,0,6,1024,56,1150
2022-02-10,2022-06,51,10,2,0,0,6,989,53,1112
2022-02-11,2022-06,51,10,2,0,0,6,952,52,1074
2022-02-12,2022-06,50,10,2,0,0,6,916,52,1037
2022-02-13,2022-07,49,10,2,0,0,6,900,50,1018
2022-02-14,2022-07,47,10,2,0,0,6,889,50,1005
2022-02-15,2022-07,46,10,2,0,0,6,828,45,938
2022-02-16,2022-07,43,10,2,0,0,5,783,44,888
2022-02-17,2022-07,40,10,2,0,0,2,759,43,856
2022-02-18,2022-07,39,10,2,0,0,2,727,39,819
2022-02-19,2022-07,37,10,2,0,0,2,697,38,786
2022-02-20,2022-08,39,10,2,0,0,1,675,38,765
2022-02-21,2022-08,37,10,2,0,0,1,662,38,750
2022-02-22,2022-08,34,10,2,0,0,1,638,34,719
2022-02-23,2022-08,32,10,2,0,0,1,612,35,692
2022-02-24,2022-08,28,10,2,0,0,0,583,36,659
2022-02-25,2022-08,28,10,2,0,0,0,541,36,617
2022-02-26,2022-08,27,10,2,0,0,0,514,35,588
2022-02-27,2022-09,26,10,2,0,0,0,507,36,581
2022-02-28,2022-09,26,10,2,0,0,0,511,36,585
2022-03-01,2022-09,24,10,2,0,0,0,479,31,546
2022-03-02,2022-09,23,10,2,0,0,0,453,31,519
2022-03-03,2022-09,24,10,2,0,0,0,451,25,512
2022-03-04,2022-09,24,10,2,0,0,0,437,23,496
2022-03-05,2022-09,24,10,2,0,0,0,417,23,476
2022-03-06,2022-10,24,10,2,0,0,0,417,22,475
2022-03-07,2022-10,24,10,2,0,0,0,410,22,468
2022-03-08,2022-10,23,10,2,0,0,0,410,22,467
2022-03-09,2022-10,23,10,2,0,0,0,400,23,458
2022-03-10,2022-10,25,9,2,0,0,0,389,21,446
2022-03-11,2022-10,26,9,2,0,0,0,393,20,450
2022-03-12,2022-10,18,9,2,0,0,0,388,17,434
2022-03-13,2022-11,19,9,2,0,0,0,394,17,441
2022-03-14,2022-11,21,9,2,0,0,0,411,18,461
2022-03-15,2022-11,19,9,2,0,0,0,417,16,463
2022-03-16,2022-11,19,9,2,0,0,0,416,15,461
2022-03-17,2022-11,19,1,0,0,0,0,416,15,451
2022-03-18,2022-11,20,1,0,0,0,0,420,15,456
2022-03-19,2022-11,22,1,0,0,0,1,427,15,466
2022-03-20,2022-12,22,1,0,0,0,1,435,17,476
2022-03-21,2022-12,23,1,0,0,0,1,458,19,502
2022-03-22,2022-12,24,1,0,0,0,1,467,19,512
2022-03-23,2022-12,25,1,0,0,0,1,487,19,533
2022-03-24,2022-12,25,1,0,0,0,1,509,19,555
2022-03-25,2022-12,26,1,0,0,0,1,547,20,595
2022-03-26,2022-12,27,1,0,0,0,1,581,21,631
2022-03-27,2022-13,30,1,0,0,0,1,614,23,669
2022-03-28,2022-13,31,1,0,0,0,1,662,26,721
2022-03-29,2022-13,30,1,0,0,0,1,701,26,759
2022-03-30,2022-13,27,0,0,0,0,1,731,27,786
2022-03-31,2022-13,29,0,0,0,0,1,767,28,825
2022-04-01,2022-13,30,0,0,0,0,1,802,30,863
2022-04-02,2022-13,29,0,0,0,0,1,819,34,883
2022-04-03,2022-14,31,0,0,0,0,1,845,35,912
2022-04-04,2022-14,33,0,0,0,0,1,888,38,960
2022-04-05,2022-14,31,0,0,0,0,1,916,40,988
2022-04-06,2022-14,31,0,0,0,0,1,951,43,1026
2022-04-07,2022-14,32,0,0,0,0,1,980,43,1056
2022-04-08,2022-14,29,0,0,0,0,1,1011,42,1083
2022-04-09,2022-14,29,0,0,0,0,1,1032,41,1103
2022-04-10,2022-15,30,0,0,0,0,1,1055,42,1128
2022-04-11,2022-15,31,0,0,0,0,1,1095,42,1169
2022-04-12,2022-15,31,0,0,0,0,1,1111,45,1188
2022-04-13,2022-15,32,0,0,0,0,1,1130,46,1209
2022-04-14,2022-15,28,0,0,0,0,1,1136,44,1209
2022-04-15,2022-15,27,0,0,0,0,1,1139,43,1210
2022-04-16,2022-15,28,0,0,0,0,1,1138,43,1210
2022-04-17,2022-16,27,0,0,0,0,1,1150,44,1222
2022-04-18,2022-16,26,0,0,0,0,1,1165,42,1234
2022-04-19,2022-16,25,0,0,0,0,1,1169,43,1238
2022-04-20,2022-16,24,0,0,0,0,1,1153,43,1221
2022-04-21,2022-16,20,0,0,0,0,1,1146,40,1207
2022-04-22,2022-16,20,0,0,0,0,1,1138,40,1199
2022-04-23,2022-16,18,0,0,0,0,1,1110,38,1167
2022-04-24,2022-17,17,0,0,0,0,1,1114,37,1169
2022-04-25,2022-17,15,0,0,0,0,1,1123,38,1177
2022-04-26,2022-17,15,0,0,0,0,0,1099,40,1154
2022-04-27,2022-17,15,0,0,0,0,0,1071,38,1124
2022-04-28,2022-17,14,0,0,0,0,0,1043,38,1095
2022-04-29,2022-17,14,0,0,0,0,0,1014,39,1067
2022-04-30,2022-17,12,0,0,0,0,0,984,39,1035
2022-05-01,2022-18,12,0,0,0,0,0,970,37,1019
2022-05-02,2022-18,10,0,0,0,0,0,966,38,1014
2022-05-03,2022-18,9,0,0,0,0,0,935,37,981
2022-05-04,2022-18,9,0,0,0,0,0,899,37,945
2022-05-05,2022-18,8,0,0,0,0,0,863,32,903
2022-05-06,2022-18,8,0,0,0,0,0,831,33,872
2022-05-07,2022-18,8,0,0,0,0,0,780,33,821
2022-05-08,2022-19,8,0,0,0,0,0,757,31,796
2022-05-09,2022-19,8,0,0,0,0,0,758,30,796
2022-05-10,2022-19,8,0,0,0,0,0,700,28,736
2022-05-11,2022-19,6,0,0,0,0,0,664,27,697
2022-05-12,2022-19,6,0,0,0,0,0,629,26,661
2022-05-13,2022-19,3,0,0,0,0,0,596,24,623
2022-05-14,2022-19,3,0,0,0,0,0,549,23,575
2022-05-15,2022-20,3,0,0,0,0,0,532,22,557
2022-05-16,2022-20,3,0,0,0,0,0,528,22,553
2022-05-17,2022-20,3,0,0,0,0,0,463,19,485
2022-05-18,2022-20,3,0,0,0,0,0,434,19,456
2022-05-19,2022-20,2,0,0,0,0,0,403,15,420
2022-05-20,2022-20,2,0,0,0,0,0,371,16,389
2022-05-21,2022-20,2,0,0,0,0,0,335,15,352
2022-05-22,2022-21,2,0,0,0,0,0,331,15,348
2022-05-23,2022-21,2,0,0,0,0,0,318,15,335
2022-05-24,2022-21,2,0,0,0,0,0,306,15,323
2022-05-25,2022-21,2,0,0,0,0,0,273,15,290
2022-05-26,2022-21,2,0,0,0,0,0,261,14,277
2022-05-27,2022-21,2,0,0,0,0,0,236,14,252
2022-05-28,2022-21,2,0,0,0,0,0,218,13,233
2022-05-29,2022-22,2,0,0,0,0,0,211,13,226
2022-05-30,2022-22,2,0,0,0,0,0,208,12,222
2022-05-31,2022-22,2,0,0,0,0,0,188,11,201
2022-06-01,2022-22,2,0,0,0,0,0,180,11,193
2022-06-02,2022-22,2,0,0,0,0,0,170,11,183
2022-06-03,2022-22,2,0,0,0,0,0,170,11,183
2022-06-04,2022-22,2,0,0,0,0,0,163,10,175
2022-06-05,2022-23,2,0,0,0,0,0,166,10,178
2022-06-06,2022-23,2,0,0,0,0,0,167,11,180
2022-06-07,2022-23,2,0,1,0,0,0,163,12,178
2022-06-08,2022-23,2,0,1,0,0,0,166,13,182
2022-06-09,2022-23,2,0,1,0,0,0,161,12,176
2022-06-10,2022-23,3,0,1,0,0,0,162,12,178
2022-06-11,2022-23,3,0,1,0,0,0,169,10,183
2022-06-12,2022-24,3,0,1,0,0,0,168,10,182
2022-06-13,2022-24,3,0,1,0,0,0,176,10,190
2022-06-14,2022-24,3,0,1,0,0,0,175,10,189
2022-06-15,2022-24,3,0,1,0,0,0,183,10,197
2022-06-16,2022-24,3,0,1,0,0,0,186,10,200
2022-06-17,2022-24,3,0,1,0,0,0,189,10,203
2022-06-18,2022-24,3,0,1,0,0,0,186,12,202
2022-06-19,2022-25,3,0,1,0,0,0,199,14,217
2022-06-20,2022-25,4,0,1,0,0,0,210,15,230
2022-06-21,2022-25,4,0,1,0,0,0,220,15,240
2022-06-22,2022-25,4,0,1,0,0,0,230,16,251
2022-06-23,2022-25,4,0,1,0,0,0,243,18,266
2022-06-24,2022-25,4,0,1,0,0,0,255,17,277
2022-06-25,2022-25,5,0,1,0,0,0,265,16,287
2022-06-26,2022-26,5,0,1,0,0,0,282,19,307
2022-06-27,2022-26,5,0,1,0,0,0,307,20,333
2022-06-28,2022-26,6,0,1,0,0,0,326,21,354
2022-06-29,2022-26,7,0,1,0,0,0,347,22,377
2022-06-30,2022-26,7,0,1,0,0,0,360,22,390
2022-07-01,2022-26,7,0,1,0,0,0,362,22,392
2022-07-02,2022-26,7,0,1,0,0,0,378,22,408
2022-07-03,2022-27,7,0,1,0,0,0,396,22,426
2022-07-04,2022-27,7,0,1,0,0,0,438,22,468
2022-07-05,2022-27,7,0,1,0,0,0,451,23,482
2022-07-06,2022-27,7,0,1,0,0,0,463,21,492
2022-07-07,2022-27,6,0,1,0,0,0,479,22,508
2022-07-08,2022-27,6,0,0,0,0,0,498,22,526
2022-07-09,2022-27,6,0,0,0,0,0,504,22,532
2022-07-10,2022-28,6,0,0,0,0,0,517,21,544
2022-07-11,2022-28,5,0,0,0,0,0,549,23,577
2022-07-12,2022-28,5,0,0,0,0,0,573,23,601
2022-07-13,2022-28,5,0,0,0,0,0,598,21,624
2022-07-14,2022-28,5,0,0,0,0,0,609,19,633
2022-07-15,2022-28,5,0,0,0,0,0,621,18,644
2022-07-16,2022-28,5,0,0,0,0,0,628,16,649
2022-07-17,2022-29,5,0,0,0,0,0,646,16,667
2022-07-18,2022-29,5,0,0,0,0,0,670,16,691
2022-07-19,2022-29,5,0,0,0,0,0,678,15,698
2022-07-20,2022-29,5,0,0,0,0,0,671,13,689
2022-07-21,2022-29,6,0,0,0,0,0,676,13,695
2022-07-22,2022-29,5,0,0,0,0,0,688,13,706
2022-07-23,2022-29,5,0,0,0,0,0,687,12,704
2022-07-24,2022-30,5,0,0,0,0,0,692,11,708
2022-07-25,2022-30,4,0,0,0,0,0,700,10,714
2022-07-26,2022-30,5,0,0,0,0,0,702,10,717
2022-07-27,2022-30,5,0,0,0,0,0,691,10,706
2022-07-28,2022-30,4,0,0,0,0,0,678,7,689
2022-07-29,2022-30,4,0,0,0,0,0,670,7,681
2022-07-30,2022-30,4,0,0,0,0,0,655,5,664
2022-07-31,2022-31,4,0,0,0,0,0,652,4,660
2022-08-01,2022-31,4,0,0,0,0,0,660,4,668
2022-08-02,2022-31,4,0,0,0,0,0,647,4,655
2022-08-03,2022-31,4,0,0,0,0,0,624,4,632
2022-08-04,2022-31,4,0,0,0,0,0,600,4,608
2022-08-05,2022-31,4,0,0,0,0,0,577,5,586
2022-08-06,2022-31,4,0,0,0,0,0,542,5,551
2022-08-07,2022-32,4,0,0,0,0,0,548,5,557
2022-08-08,2022-32,4,0,0,0,0,0,556,4,564
2022-08-09,2022-32,4,0,0,0,0,0,539,4,547
2022-08-10,2022-32,4,0,0,0,0,0,522,4,530
2022-08-11,2022-32,4,0,0,0,0,0,506,4,514
2022-08-12,2022-32,3,0,0,0,0,0,490,5,498
2022-08-13,2022-32,3,0,0,0,0,0,477,5,485
2022-08-14,2022-33,3,0,0,0,0,0,483,5,491
2022-08-15,2022-33,3,0,0,0,0,0,503,5,511
2022-08-16,2022-33,3,0,0,0,0,0,475,5,483
2022-08-17,2022-33,4,0,0,0,0,0,464,5,473
2022-08-18,2022-33,4,0,0,0,0,0,455,5,464
2022-08-19,2022-33,4,0,0,0,0,0,447,5,456
2022-08-20,2022-33,4,0,0,0,0,0,429,4,437
2022-08-21,2022-34,3,0,0,0,0,0,429,4,436
2022-08-22,2022-34,3,0,0,0,0,0,438,4,445
2022-08-23,2022-34,3,0,0,0,0,0,434,4,441
2022-08-24,2022-34,3,0,0,0,0,0,431,4,438
2022-08-25,2022-34,3,0,0,0,0,0,415,4,422
2022-08-26,2022-34,3,0,0,0,0,0,402,4,409
2022-08-27,2022-34,3,0,0,0,0,0,396,4,403
2022-08-28,2022-35,3,0,0,0,0,0,394,4,401
2022-08-29,2022-35,3,0,0,0,0,0,403,4,410
2022-08-30,2022-35,3,0,0,0,0,0,378,4,385
2022-08-31,2022-35,3,0,0,0,0,0,376,4,383
2022-09-01,2022-35,3,0,0,0,0,0,374,4,381
2022-09-02,2022-35,3,0,0,0,0,0,371,3,377
2022-09-03,2022-35,3,0,0,0,0,0,352,3,358
2022-09-04,2022-36,3,0,0,0,0,0,360,3,366
2022-09-05,2022-36,3,0,0,0,0,0,353,3,359
2022-09-06,2022-36,3,0,0,0,0,0,345,3,351
2022-09-07,2022-36,2,0,0,0,0,0,317,3,322
2022-09-08,2022-36,2,0,0,0,0,0,308,3,313
2022-09-09,2022-36,2,0,0,0,0,0,298,3,303
2022-09-10,2022-36,2,0,0,0,0,0,282,3,287
2022-09-11,2022-37,2,0,0,0,0,0,289,3,294
2022-09-12,2022-37,2,0,0,0,0,0,298,3,303
2022-09-13,2022-37,2,0,0,0,0,0,287,3,292
2022-09-14,2022-37,2,0,0,0,0,0,275,3,280
2022-09-15,2022-37,2,0,0,0,0,0,266,3,271
2022-09-16,2022-37,2,0,0,0,0,0,266,3,271
2022-09-17,2022-37,2,0,0,0,0,0,269,3,274
2022-09-18,2022-38,2,0,0,0,0,0,271,3,276
2022-09-19,2022-38,2,0,0,0,0,0,284,3,289
2022-09-20,2022-38,2,0,0,0,0,0,282,3,287
2022-09-21,2022-38,2,0,0,0,0,0,273,3,278
2022-09-22,2022-38,2,0,0,0,0,0,272,3,277
2022-09-23,2022-38,2,0,0,0,0,0,274,3,279
2022-09-24,2022-38,2,0,0,0,0,0,277,3,282
2022-09-25,2022-39,2,0,0,0,0,0,285,3,290
2022-09-26,2022-39,3,0,0,0,0,0,294,3,300
2022-09-27,2022-39,3,0,0,0,0,0,296,2,301
2022-09-28,2022-39,2,0,0,0,0,0,304,2,308
2022-09-29,2022-39,2,0,0,0,0,0,311,2,315
2022-09-30,2022-39,2,0,0,0,0,0,315,2,319
2022-10-01,2022-39,2,0,0,0,0,0,312,1,315
2022-10-02,2022-40,2,0,0,0,0,0,324,1,327
2022-10-03,2022-40,2,0,0,0,0,0,337,1,340
2022-10-04,2022-40,2,0,0,0,0,0,348,1,351
2022-10-05,2022-40,2,0,0,0,0,0,364,1,367
2022-10-06,2022-40,2,0,0,0,0,0,374,1,377
2022-10-07,2022-40,2,0,0,0,0,0,387,1,390
2022-10-08,2022-40,2,0,0,0,0,0,387,1,390
2022-10-09,2022-41,2,0,0,0,0,0,392,1,395
2022-10-10,2022-41,3,0,0,0,0,0,398,1,402
2022-10-11,2022-41,3,0,0,0,0,0,403,1,407
2022-10-12,2022-41,3,0,0,0,0,0,407,1,411
2022-10-13,2022-41,3,0,0,0,0,0,415,1,419
2022-10-14,2022-41,3,0,0,0,0,0,412,1,416
2022-10-15,2022-41,3,0,0,0,0,0,409,1,413
2022-10-16,2022-42,3,0,0,0,0,0,412,1,416
2022-10-17,2022-42,3,0,0,0,0,0,418,1,422
2022-10-18,2022-42,3,0,0,0,0,0,419,1,423
2022-10-19,2022-42,3,0,0,0,0,0,420,1,424
2022-10-20,2022-42,3,0,0,0,0,0,424,1,428
2022-10-21,2022-42,3,0,0,0,0,0,428,2,433
2022-10-22,2022-42,3,0,0,0,0,0,429,2,434
2022-10-23,2022-43,3,0,0,0,0,0,438,2,443
2022-10-24,2022-43,3,0,0,0,0,0,449,2,454
2022-10-25,2022-43,3,0,0,0,0,0,437,2,442
2022-10-26,2022-43,2,0,0,0,0,0,441,2,445
2022-10-27,2022-43,2,0,0,0,0,0,437,2,441
2022-10-28,2022-43,2,0,0,0,0,0,429,2,433
2022-10-29,2022-43,2,0,0,0,0,0,419,2,423
2022-10-30,2022-44,2,0,0,0,0,0,423,2,427
2022-10-31,2022-44,2,0,0,0,0,0,446,2,450
2022-11-01,2022-44,2,0,0,0,0,0,452,2,456
2022-11-02,2022-44,2,0,0,0,0,0,437,2,441
2022-11-03,2022-44,2,0,0,0,0,0,433,2,437
2022-11-04,2022-44,2,0,0,0,0,0,429,2,433
2022-11-05,2022-44,2,0,0,0,0,0,420,1,423
2022-11-06,2022-45,2,0,0,0,0,0,429,1,432
2022-11-07,2022-45,2,0,0,0,0,0,439,1,442
2022-11-08,2022-45,2,0,0,0,0,0,438,2,442
2022-11-09,2022-45,2,0,0,0,0,0,434,2,438
2022-11-10,2022-45,2,0,0,0,0,0,435,2,439
2022-11-11,2022-45,2,0,0,0,0,0,425,2,429
2022-11-12,2022-45,2,0,0,0,0,0,420,2,424
2022-11-13,2022-46,2,0,0,0,0,0,434,2,438
2022-11-14,2022-46,2,0,0,0,0,0,445,2,449
2022-11-15,2022-46,2,0,0,0,0,0,414,2,418
2022-11-16,2022-46,1,0,0,0,0,0,411,2,414
2022-11-17,2022-46,1,0,0,0,0,0,411,2,414
2022-11-18,2022-46,1,0,0,0,0,0,410,2,413
2022-11-19,2022-46,1,0,0,0,0,0,406,2,409
2022-11-20,2022-47,1,0,0,0,0,0,417,2,420
2022-11-21,2022-47,2,0,0,0,0,0,425,2,429
2022-11-22,2022-47,2,0,0,0,0,0,421,2,425
2022-11-23,2022-47,2,0,0,0,0,0,426,2,430
2022-11-24,2022-47,2,0,0,0,0,0,429,2,433
2022-11-25,2022-47,2,0,0,0,0,0,432,2,436
2022-11-26,2022-47,2,0,0,0,0,0,430,2,434
2022-11-27,2022-48,2,0,0,0,0,0,431,2,435
2022-11-28,2022-48,2,0,0,0,0,0,443,2,447
2022-11-29,2022-48,2,0,0,0,0,0,441,2,445
2022-11-30,2022-48,2,0,0,0,0,0,445,2,449
2022-12-01,2022-48,2,0,0,0,0,0,440,2,444
2022-12-02,2022-48,2,0,0,0,0,0,442,2,446
2022-12-03,2022-48,2,0,0,0,0,0,437,1,440
2022-12-04,2022-49,2,0,0,0,0,0,448,1,451
2022-12-05,2022-49,2,0,0,0,0,0,459,1,462
2022-12-06,2022-49,2,0,0,0,0,0,457,1,460
2022-12-07,2022-49,2,0,0,0,0,0,454,1,457
2022-12-08,2022-49,2,0,0,0,0,0,456,1,459
2022-12-09,2022-49,2,0,0,0,0,0,446,1,449
2022-12-10,2022-49,2,0,0,0,0,0,436,1,439
2022-12-11,2022-50,2,0,0,0,0,0,436,1,439
2022-12-12,2022-50,2,0,0,0,0,0,434,1,437
2022-12-13,2022-50,2,0,0,0,0,0,427,1,430
2022-12-14,2022-50,2,0,0,0,0,0,420,1,423
