INSTAL_COD,INSTAL_NOM,ETAB_CODE,ETAB_NOM,RSS_CODE,RSS_NOM,ADRESSE,MUN_NOM,RLS_CODE,RLS_NOM,STATUT_COD,LONGITUDE,LATITUDE,CHSGS,CHSLD,CHPSY,CLSC,DATE_MAJ
12387692,CHSLD POLONAIS MARIE-CURIE-SKLODOWSKA,11045200,Santé Québec Est-de-l'Île-de-Montréal – Universitaire,06,Montréal,"5655, rue Bélanger",Montréal,0653,RLS de Hochelaga - Mercier-Ouest - Rosemont,3,-73.57430267333984,45.58100128173828,Non,Oui,Non,Non,2026-07-02
12475976,HÔPITAL DU SACRÉ-COEUR-DE-MONTRÉAL,11045192,Santé Québec Nord-de-l'Île-de-Montréal – Universitaire,06,Montréal,"5400, boulevard Gouin Ouest",Montréal,0641,RLS du Nord de l'Île - Saint-Laurent,3,-73.71399688720703,45.53260040283203,Oui,Non,Non,Non,2026-07-02
12934659,HÔPITAL MAISONNEUVE-ROSEMONT,11045200,Santé Québec Est-de-l'Île-de-Montréal – Universitaire,06,Montréal,"5415, boulevard de l'Assomption",Montréal,0653,RLS de Hochelaga - Mercier-Ouest - Rosemont,3,-73.55850219726562,45.57419967651367,Oui,Non,Non,Non,2026-07-02
15103666,INSTITUT UNIVERSITAIRE DE GÉRIATRIE DE MONTRÉAL,11045184,Santé Québec Centre-Sud-de-l'Île-de-Montréal – Universitaire,06,Montréal,"4565, chemin Queen-Mary",Montréal,0622,RLS de Côte-des-Neiges - Métro - Parc-Extension,3,-73.6238021850586,45.49100112915039,Oui,Oui,Non,Non,2026-07-02
51216802,CENTRE LE CARDINAL,11042280,Centre Le Cardinal inc.,06,Montréal,"12900, rue Notre-Dame Est",Montréal,0652,RLS de Rivière-des-Prairies - Anjou - Montréal-Est,2,-73.48829650878906,45.65250015258789,Non,Oui,Non,Non,2026-07-02
51217735,CENTRE D'HÉBERGEMENT JEAN-DE-LA-LANDE,11045184,Santé Québec Centre-Sud-de-l'Île-de-Montréal – Universitaire,06,Montréal,"4255, avenue Papineau",Montréal,0632,RLS des Faubourgs - Plateau-Mont-Royal - St-Louis-du-Parc,3,-73.56990051269531,45.53129959106445,Non,Oui,Non,Non,2026-07-02
51217933,MAISON DE NAISSANCE DE CÔTE-DES-NEIGES,11045176,Santé Québec Centre-Ouest-de-l'Île-de-Montréal – Universitaire,06,Montréal,"6560, chemin de la Côte-des-Neiges",Montréal,0622,RLS de Côte-des-Neiges - Métro - Parc-Extension,3,-73.6353988647461,45.50189971923828,Non,Non,Non,Oui,2026-07-02
51218030,CENTRE D'HÉBERGEMENT ET DE SERVICES AMBULATOIRES CHAMPLAIN,11045184,Santé Québec Centre-Sud-de-l'Île-de-Montréal – Universitaire,06,Montréal,"1325, rue Crawford",Montréal,0631,RLS de Verdun - Côte St-Paul - St-Henri - Pointe-St-Charles,3,-73.58679962158203,45.43880081176758,Oui,Oui,Non,Non,2026-07-02
51218097,HÔPITAL DE VERDUN,11045184,Santé Québec Centre-Sud-de-l'Île-de-Montréal – Universitaire,06,Montréal,"4000, boulevard LaSalle",Montréal,0631,RLS de Verdun - Côte St-Paul - St-Henri - Pointe-St-Charles,3,-73.56400299072266,45.4640998840332,Oui,Non,Non,Non,2026-07-02
51218162,CHSLD LE ROYER,11042603,Groupe Roy Santé inc.,06,Montréal,"7351, rue Jean-Desprez",Montréal,0652,RLS de Rivière-des-Prairies - Anjou - Montréal-Est,2,-73.54759979248047,45.61750030517578,Non,Oui,Non,Non,2026-07-02
51218170,CLSC DE LA VISITATION ET GROUPE DE MÉDECINE DE FAMILLE UNIVERSITAIRE DES FAUBOURGS,11045184,Santé Québec Centre-Sud-de-l'Île-de-Montréal – Universitaire,06,Montréal,"1705, rue de la Visitation",Montréal,0632,RLS des Faubourgs - Plateau-Mont-Royal - St-Louis-du-Parc,3,-73.55889892578125,45.52109909057617,Oui,Non,Non,Oui,2026-07-02
51219228,HÔTEL-DIEU DE MONTRÉAL,11045184,Santé Québec Centre-Sud-de-l'Île-de-Montréal – Universitaire,06,Montréal,"3840, rue Saint-Urbain",Montréal,0632,RLS des Faubourgs - Plateau-Mont-Royal - St-Louis-du-Parc,3,-73.5781021118164,45.51390075683594,Oui,Non,Non,Non,2026-07-02
51220275,CENTRE DE RÉADAPTATION POUR LES JEUNES EN DIFFICULTÉ D'ADAPTATION DU MONT SAINT-ANTOINE,11045184,Santé Québec Centre-Sud-de-l'Île-de-Montréal – Universitaire,06,Montréal,"8147, rue Sherbrooke Est",Montréal,0652,RLS de Rivière-des-Prairies - Anjou - Montréal-Est,3,-73.53569793701172,45.5989990234375,Non,Non,Non,Non,2026-07-02
51220283,CENTRE D'HÉBERGEMENT JEANNE-MANCE,11045184,Santé Québec Centre-Sud-de-l'Île-de-Montréal – Universitaire,06,Montréal,"3430, rue Jeanne-Mance",Montréal,0622,RLS de Côte-des-Neiges - Métro - Parc-Extension,3,-73.5718994140625,45.509498596191406,Non,Oui,Non,Non,2026-07-02
51220713,FOYER DE GROUPE POUR LES JEUNES EN DIFFICULTÉ D'ADAPTATION DE LACHINE,11045184,Santé Québec Centre-Sud-de-l'Île-de-Montréal – Universitaire,06,Montréal,"749, 25e Avenue",Montréal,0612,RLS de Dorval - Lachine - Lasalle,3,-73.68679809570312,45.44340133666992,Non,Non,Non,Non,2026-07-02
51220762,FOYER DE GROUPE POUR LES JEUNES EN DIFFICULTÉ D'ADAPTATION GOUIN,11045184,Santé Québec Centre-Sud-de-l'Île-de-Montréal – Universitaire,06,Montréal,"4350, boulevard Gouin Ouest",Montréal,0641,RLS du Nord de l'Île - Saint-Laurent,3,-73.71070098876953,45.537899017333984,Non,Non,Non,Non,2026-07-02
51220853,FOYER DE GROUPE POUR LES JEUNES EN DIFFICULTÉ D'ADAPTATION GODBOUT,11045184,Santé Québec Centre-Sud-de-l'Île-de-Montréal – Universitaire,06,Montréal,"9038, rue de Godbout",Montréal,0612,RLS de Dorval - Lachine - Lasalle,3,-73.63310241699219,45.41999816894531,Non,Non,Non,Non,2026-07-02
51220887,CENTRE DE RÉADAPTATION POUR LES JEUNES EN DIFFICULTÉ D'ADAPTATION DOMINIQUE-SAVIO,11045184,Santé Québec Centre-Sud-de-l'Île-de-Montréal – Universitaire,06,Montréal,"9335, rue Saint-Hubert",Montréal,0642,RLS d'Ahuntsic - Montréal-Nord,3,-73.64630126953125,45.553199768066406,Non,Non,Non,Non,2026-07-02
51220911,ATELIER DE TRAVAIL LABROSSE,11045168,Santé Québec Ouest-de-l'Île-de-Montréal – Universitaire,06,Montréal,"215, avenue Labrosse",Pointe-Claire,0611,RLS de Pierrefonds - Lac Saint-Louis,3,-73.8240966796875,45.47380065917969,Non,Non,Non,Non,2026-07-02
51220952,CENTRE DE RÉADAPTATION EN DÉFICIENCE INTELLECTUELLE ET EN TROUBLES DU SPECTRE DE L'AUTISME MARIE-BOURASSA,11045184,Santé Québec Centre-Sud-de-l'Île-de-Montréal – Universitaire,06,Montréal,"5695, avenue des Marronniers",Montréal,0653,RLS de Hochelaga - Mercier-Ouest - Rosemont,3,-73.5625991821289,45.570098876953125,Non,Non,Non,Non,2026-07-02
51220960,CENTRE DE RÉADAPTATION EN DÉFICIENCE INTELLECTUELLE ET EN TROUBLES DU SPECTRE DE L'AUTISME DANDURAND,11045184,Santé Québec Centre-Sud-de-l'Île-de-Montréal – Universitaire,06,Montréal,"2425, rue Dandurand",Montréal,0643,RLS de la Petite Patrie - Villeray,3,-73.5813980102539,45.54410171508789,Non,Non,Non,Non,2026-07-02
51221455,FOYER DE GROUPE DORNAL,11045168,Santé Québec Ouest-de-l'Île-de-Montréal – Universitaire,06,Montréal,"4912, avenue Dornal",Montréal,0622,RLS de Côte-des-Neiges - Métro - Parc-Extension,3,-73.627197265625,45.487098693847656,Non,Non,Non,Non,2026-07-02
51221794,CENTRE D'ACTIVITÉS DE JOUR OPTION,11045168,Santé Québec Ouest-de-l'Île-de-Montréal – Universitaire,06,Montréal,"219, avenue Labrosse",Pointe-Claire,0611,RLS de Pierrefonds - Lac Saint-Louis,3,-73.8041000366211,45.46989822387695,Non,Non,Non,Non,2026-07-02
51221802,ATELIER DE TRAVAIL ET CENTRE D'ACTIVITÉS DE JOUR BENNY,11045168,Santé Québec Ouest-de-l'Île-de-Montréal – Universitaire,06,Montréal,"2221, avenue Benny",Montréal,0621,RLS de Côte-Saint-Luc - NDG - Montréal-Ouest,3,-73.62349700927734,45.46369934082031,Non,Non,Non,Non,2026-07-02
51221828,CENTRE D'HÉBERGEMENT J.-HENRI-CHARBONNEAU,11045200,Santé Québec Est-de-l'Île-de-Montréal – Universitaire,06,Montréal,"3095, rue Sherbrooke Est",Montréal,0653,RLS de Hochelaga - Mercier-Ouest - Rosemont,3,-73.55879974365234,45.542701721191406,Oui,Oui,Non,Non,2026-07-02
51221836,CHSLD ÉLORIA-LEPAGE,11045200,Santé Québec Est-de-l'Île-de-Montréal – Universitaire,06,Montréal,"3090, avenue de la Pépinière",Montréal,0653,RLS de Hochelaga - Mercier-Ouest - Rosemont,3,-73.54199981689453,45.576900482177734,Non,Oui,Non,Non,2026-07-02
51221919,CENTRE DE RÉADAPTATION EN DÉPENDANCE ET DÉFICIENCE INTELLECTUELLE ET EN TROUBLES DU SPECTRE DE L'AUTISME LOUVAIN,11045184,Santé Québec Centre-Sud-de-l'Île-de-Montréal – Universitaire,06,Montréal,"950, rue de Louvain Est",Montréal,0642,RLS d'Ahuntsic - Montréal-Nord,3,-73.64839935302734,45.55390167236328,Non,Non,Non,Non,2026-07-02
51221927,CENTRE DE RÉADAPTATION EN DÉPENDANCE SAINT-URBAIN,11045184,Santé Québec Centre-Sud-de-l'Île-de-Montréal – Universitaire,06,Montréal,"3530, rue Saint-Urbain",Montréal,0622,RLS de Côte-des-Neiges - Métro - Parc-Extension,3,-73.5728988647461,45.51190185546875,Non,Non,Non,Non,2026-07-02
51221935,CENTRE DE RÉADAPTATION EN DÉPENDANCE PRINCE-ARTHUR,11045184,Santé Québec Centre-Sud-de-l'Île-de-Montréal – Universitaire,06,Montréal,"110, rue Prince-Arthur Ouest",Montréal,0622,RLS de Côte-des-Neiges - Métro - Parc-Extension,3,-73.57369995117188,45.51240158081055,Non,Non,Non,Non,2026-07-02
51222214,INSTITUT NAZARETH ET LOUIS-BRAILLE JEAN-BRILLANT,11045291,Santé Québec Montérégie-Centre,06,Montréal,"3744, rue Jean-Brillant",Montréal,0622,RLS de Côte-des-Neiges - Métro - Parc-Extension,3,-73.6218032836914,45.49509811401367,Non,Non,Non,Non,2026-07-02
51222289,FOYER DE GROUPE POUR LES JEUNES EN DIFFICULTÉ D'ADAPTATION ESPLANADE,11045184,Santé Québec Centre-Sud-de-l'Île-de-Montréal – Universitaire,06,Montréal,"204, boulevard Gouin Ouest",Montréal,0642,RLS d'Ahuntsic - Montréal-Nord,3,-73.8678970336914,45.477901458740234,Non,Non,Non,Non,2026-07-02
51222602,PAVILLON RACHEL-TOURIGNY,11045200,Santé Québec Est-de-l'Île-de-Montréal – Universitaire,06,Montréal,"5305, boulevard de l'Assomption",Montréal,0653,RLS de Hochelaga - Mercier-Ouest - Rosemont,3,-73.55680084228516,45.57400131225586,Oui,Non,Non,Non,2026-07-02
51222800,CHU SAINTE-JUSTINE,12694659,Santé Québec – Centre hospitalier universitaire Sainte-Justine,06,Montréal,"3175, chemin de la Côte-Sainte-Catherine",Montréal,0622,RLS de Côte-des-Neiges - Métro - Parc-Extension,4,-73.6249008178711,45.50320053100586,Oui,Non,Non,Non,2026-07-02
51223246,HÔPITAL GRACE DART,11084464,Centre de soins prolongés Grace Dart,06,Montréal,"6085, rue Sherbrooke Est",Montréal,0653,RLS de Hochelaga - Mercier-Ouest - Rosemont,1,-73.54660034179688,45.57849884033203,Non,Oui,Non,Non,2026-07-02
51223253,CENTRE D'HÉBERGEMENT DE DORVAL,11045168,Santé Québec Ouest-de-l'Île-de-Montréal – Universitaire,06,Montréal,"225, avenue de la Présentation",Dorval,0612,RLS de Dorval - Lachine - Lasalle,3,-73.73560333251953,45.44179916381836,Non,Oui,Non,Non,2026-07-02
51223261,CENTRE D'HÉBERGEMENT NAZAIRE-PICHÉ,11045168,Santé Québec Ouest-de-l'Île-de-Montréal – Universitaire,06,Montréal,"150, 15e Avenue",Montréal,0612,RLS de Dorval - Lachine - Lasalle,3,-73.6769027709961,45.43410110473633,Non,Oui,Non,Non,2026-07-02
51223279,L'HÔPITAL DE MONTRÉAL POUR ENFANTS,12599213,Santé Québec – Centre universitaire de santé McGill,06,Montréal,"1001, boulevard Décarie",Montréal,0621,RLS de Côte-Saint-Luc - NDG - Montréal-Ouest,4,-73.60130310058594,45.4723014831543,Non,Non,Non,Non,2026-07-02
51223287,HÔPITAL NEUROLOGIQUE DE MONTRÉAL,12599213,Santé Québec – Centre universitaire de santé McGill,06,Montréal,"3801, rue University",Montréal,0622,RLS de Côte-des-Neiges - Métro - Parc-Extension,4,-73.5813980102539,45.50899887084961,Oui,Non,Non,Non,2026-07-02
51223295,HÔPITAL ROYAL VICTORIA,12599213,Santé Québec – Centre universitaire de santé McGill,06,Montréal,"1001, boulevard Décarie",Montréal,0621,RLS de Côte-Saint-Luc - NDG - Montréal-Ouest,4,-73.6010971069336,45.47269821166992,Non,Non,Non,Non,2026-07-02
51224061,CENTRE DE RÉADAPTATION MARIE ENFANT,12694659,Santé Québec – Centre hospitalier universitaire Sainte-Justine,06,Montréal,"5200, rue Bélanger",Montréal,0653,RLS de Hochelaga - Mercier-Ouest - Rosemont,4,-73.57720184326172,45.57529830932617,Non,Oui,Non,Non,2026-07-02
51224103,FOYER DE GROUPE COLTON,11045168,Santé Québec Ouest-de-l'Île-de-Montréal – Universitaire,06,Montréal,"4559, avenue d'Oxford",Montréal,0621,RLS de Côte-Saint-Luc - NDG - Montréal-Ouest,3,-73.62760162353516,45.477298736572266,Non,Non,Non,Non,2026-07-02
51224392,HÔPITAL DE LASALLE,11045168,Santé Québec Ouest-de-l'Île-de-Montréal – Universitaire,06,Montréal,"8585, terrasse Champlain",Montréal,0612,RLS de Dorval - Lachine - Lasalle,3,-73.62339782714844,45.420799255371094,Oui,Oui,Non,Non,2026-07-02
51225027,CENTRE D'HÉBERGEMENT DE LA MARÉE,11043890,Centre d'hébergement de la Marée inc.,06,Montréal,"7015, boulevard Gouin Est",Montréal,0652,RLS de Rivière-des-Prairies - Anjou - Montréal-Est,2,-73.61900329589844,45.63010025024414,Non,Oui,Non,Non,2026-07-02
51225035,CHSLD JOSEPH-FRANÇOIS-PERREAULT,11045200,Santé Québec Est-de-l'Île-de-Montréal – Universitaire,06,Montréal,"7400, boulevard Saint-Michel",Montréal,0651,RLS de Saint-Léonard - Saint-Michel,3,-73.60179901123047,45.55939865112305,Non,Oui,Non,Non,2026-07-02
51225068,CENTRE DE SERVICES AMBULATOIRES EN SANTÉ MENTALE SAINT-CHARLES,11045168,Santé Québec Ouest-de-l'Île-de-Montréal – Universitaire,06,Montréal,"2840, boulevard Saint-Charles",Kirkland,0611,RLS de Pierrefonds - Lac Saint-Louis,3,-73.85379791259766,45.446800231933594,Non,Non,Non,Oui,2026-07-02
51225340,CENTRE DE SERVICES EN DÉFICIENCE INTELLECTUELLE ET EN TROUBLES ENVAHISSANTS DU DÉVELOPPEMENT DE L'OUEST-DE-MONTRÉAL,11045168,Santé Québec Ouest-de-l'Île-de-Montréal – Universitaire,06,Montréal,"8000, rue Notre-Dame",Montréal,0612,RLS de Dorval - Lachine - Lasalle,3,-73.6323013305664,45.44889831542969,Non,Non,Non,Non,2026-07-02
51225407,CENTRE D'HÉBERGEMENT ET DE SOINS DE LONGUE DURÉE VIGI REINE-ÉLIZABETH,11044815,Vigi Santé Ltée,06,Montréal,"2055, avenue Northcliffe",Montréal,0621,RLS de Côte-Saint-Luc - NDG - Montréal-Ouest,2,-73.6061019897461,45.474098205566406,Non,Oui,Non,Non,2026-07-02
51225431,CENTRE DE RÉADAPTATION EN DÉFICIENCE INTELLECTUELLE ET EN TROUBLES DU SPECTRE DE L'AUTISME PARC-DES-ROSERAIES,11045184,Santé Québec Centre-Sud-de-l'Île-de-Montréal – Universitaire,06,Montréal,"7077, rue Beaubien Est, bureau 310",Montréal,0652,RLS de Rivière-des-Prairies - Anjou - Montréal-Est,3,-73.55799865722656,45.59360122680664,Non,Non,Non,Non,2026-07-02
51225613,CHSLD SAINT-JOSEPH-DE-LA-PROVIDENCE,11045192,Santé Québec Nord-de-l'Île-de-Montréal – Universitaire,06,Montréal,"11844, avenue du Bois-de-Boulogne",Montréal,0641,RLS du Nord de l'Île - Saint-Laurent,3,-73.69029998779297,45.54100036621094,Non,Oui,Non,Non,2026-07-02
51226199,CENTRE DE PROTECTION ET DE RÉADAPTATION POUR LES JEUNES EN DIFFICULTÉ D'ADAPTATION DÉCARIE,11045184,Santé Québec Centre-Sud-de-l'Île-de-Montréal – Universitaire,06,Montréal,"4434, boulevard Décarie",Montréal,0621,RLS de Côte-Saint-Luc - NDG - Montréal-Ouest,3,-73.62229919433594,45.47999954223633,Non,Non,Non,Non,2026-07-02
51226207,CENTRE DE PROTECTION DE L'ENFANCE ET DE LA JEUNESSE DE POINTE-AUX-TREMBLES,11045184,Santé Québec Centre-Sud-de-l'Île-de-Montréal – Universitaire,06,Montréal,"13000, rue Sherbrooke Est",Montréal,0652,RLS de Rivière-des-Prairies - Anjou - Montréal-Est,3,-73.50900268554688,45.65620040893555,Non,Non,Non,Non,2026-07-02
51227957,CHSLD SAINT-GEORGES,11042603,Groupe Roy Santé inc.,06,Montréal,"3550, rue Saint-Urbain",Montréal,0622,RLS de Côte-des-Neiges - Métro - Parc-Extension,2,-73.5728988647461,45.51219940185547,Non,Oui,Non,Non,2026-07-02
51227973,FOYER DE GROUPE POUR LES JEUNES EN DIFFICULTÉ D'ADAPTATION SAINT-VITAL,11045184,Santé Québec Centre-Sud-de-l'Île-de-Montréal – Universitaire,06,Montréal,"10155, boulevard Saint-Vital",Montréal,0642,RLS d'Ahuntsic - Montréal-Nord,3,-73.63710021972656,45.5817985534668,Non,Non,Non,Non,2026-07-02
51228245,CENTRE D'HÉBERGEMENT DENIS-BENJAMIN-VIGER,11045168,Santé Québec Ouest-de-l'Île-de-Montréal – Universitaire,06,Montréal,"3292, rue Cherrier",Montréal,0611,RLS de Pierrefonds - Lac Saint-Louis,3,-73.87000274658203,45.4906005859375,Non,Oui,Non,Non,2026-07-02
51228252,CLSC DU LAC-SAINT-LOUIS,11045168,Santé Québec Ouest-de-l'Île-de-Montréal – Universitaire,06,Montréal,"180, avenue Cartier",Pointe-Claire,0611,RLS de Pierrefonds - Lac Saint-Louis,3,-73.82749938964844,45.43899917602539,Non,Non,Non,Oui,2026-07-02
51228260,CLSC DE PIERREFONDS,11045168,Santé Québec Ouest-de-l'Île-de-Montréal – Universitaire,06,Montréal,"13800, boulevard Gouin Ouest",Montréal,0611,RLS de Pierrefonds - Lac Saint-Louis,3,-73.84839630126953,45.49720001220703,Non,Non,Non,Oui,2026-07-02
51228278,HÔPITAL GÉNÉRAL DU LAKESHORE,11045168,Santé Québec Ouest-de-l'Île-de-Montréal – Universitaire,06,Montréal,"160, avenue Stillview",Pointe-Claire,0611,RLS de Pierrefonds - Lac Saint-Louis,3,-73.83370208740234,45.44860076904297,Oui,Oui,Non,Oui,2026-07-02
51228286,CENTRE D'HÉBERGEMENT DE LASALLE,11045168,Santé Québec Ouest-de-l'Île-de-Montréal – Universitaire,06,Montréal,"8686, rue Centrale",Montréal,0612,RLS de Dorval - Lachine - Lasalle,3,-73.62059783935547,45.41640090942383,Non,Oui,Non,Non,2026-07-02
51228294,CLSC DE DORVAL-LACHINE,11045168,Santé Québec Ouest-de-l'Île-de-Montréal – Universitaire,06,Montréal,"3320, rue Notre-Dame",Montréal,0612,RLS de Dorval - Lachine - Lasalle,3,-73.68150329589844,45.43539810180664,Non,Non,Non,Oui,2026-07-02
51228302,CENTRE D'HÉBERGEMENT DE LACHINE,11045168,Santé Québec Ouest-de-l'Île-de-Montréal – Universitaire,06,Montréal,"650, place d'Accueil",Montréal,0612,RLS de Dorval - Lachine - Lasalle,3,-73.68949890136719,45.44060134887695,Non,Oui,Non,Non,2026-07-02
51228310,HÔPITAL DE LACHINE,12599213,Santé Québec – Centre universitaire de santé McGill,06,Montréal,"650, 16e Avenue",Montréal,0612,RLS de Dorval - Lachine - Lasalle,4,-73.677001953125,45.440799713134766,Oui,Non,Non,Non,2026-07-02
51228328,CENTRE D'HÉBERGEMENT LOUIS-RIEL,11045184,Santé Québec Centre-Sud-de-l'Île-de-Montréal – Universitaire,06,Montréal,"2120, rue Augustin-Cantin",Montréal,0631,RLS de Verdun - Côte St-Paul - St-Henri - Pointe-St-Charles,3,-73.56629943847656,45.481998443603516,Non,Oui,Non,Non,2026-07-02
51228336,CENTRE D'HÉBERGEMENT RÉAL-MOREL,11045184,Santé Québec Centre-Sud-de-l'Île-de-Montréal – Universitaire,06,Montréal,"3500, rue Wellington",Montréal,0631,RLS de Verdun - Côte St-Paul - St-Henri - Pointe-St-Charles,3,-73.5647964477539,45.46849822998047,Non,Oui,Non,Non,2026-07-02
51228344,CLSC DE SAINT-HENRI,11045184,Santé Québec Centre-Sud-de-l'Île-de-Montréal – Universitaire,06,Montréal,"3833, rue Notre-Dame Ouest",Montréal,0631,RLS de Verdun - Côte St-Paul - St-Henri - Pointe-St-Charles,3,-73.58370208740234,45.47880172729492,Non,Non,Non,Oui,2026-07-02
51228351,CLSC ET CENTRE DE SERVICES AMBULATOIRES DE VERDUN,11045184,Santé Québec Centre-Sud-de-l'Île-de-Montréal – Universitaire,06,Montréal,"400, rue de l'Église",Montréal,0631,RLS de Verdun - Côte St-Paul - St-Henri - Pointe-St-Charles,3,-73.56939697265625,45.46260070800781,Oui,Non,Non,Oui,2026-07-02
51228369,CENTRE D'HÉBERGEMENT YVON-BRUNET,11045184,Santé Québec Centre-Sud-de-l'Île-de-Montréal – Universitaire,06,Montréal,"6250, avenue Newman",Montréal,0631,RLS de Verdun - Côte St-Paul - St-Henri - Pointe-St-Charles,3,-73.60350036621094,45.453800201416016,Non,Oui,Non,Non,2026-07-02
51228377,CENTRE MULTISERVICES DE SANTÉ ET DE SERVICES SOCIAUX DE SAINT-HENRI,11045184,Santé Québec Centre-Sud-de-l'Île-de-Montréal – Universitaire,06,Montréal,"5205, rue Notre-Dame Ouest",Montréal,0631,RLS de Verdun - Côte St-Paul - St-Henri - Pointe-St-Charles,3,-73.59400177001953,45.46969985961914,Oui,Oui,Non,Non,2026-07-02
51228393,CLSC RENÉ-CASSIN,11045176,Santé Québec Centre-Ouest-de-l'Île-de-Montréal – Universitaire,06,Montréal,"5800, boulevard Cavendish",Côte-Saint-Luc,0621,RLS de Côte-Saint-Luc - NDG - Montréal-Ouest,3,-73.66549682617188,45.475799560546875,Non,Non,Non,Oui,2026-07-02
51228401,HÔPITAL RICHARDSON,11045176,Santé Québec Centre-Ouest-de-l'Île-de-Montréal – Universitaire,06,Montréal,"5425, avenue Bessborough",Montréal,0621,RLS de Côte-Saint-Luc - NDG - Montréal-Ouest,3,-73.6458969116211,45.47200012207031,Oui,Non,Non,Non,2026-07-02
51228419,CLSC ET GROUPE DE MÉDECINE DE FAMILLE UNIVERSITAIRE CÔTE-DES-NEIGES,11045176,Santé Québec Centre-Ouest-de-l'Île-de-Montréal – Universitaire,06,Montréal,"5700, chemin de la Côte-des-Neiges",Montréal,0622,RLS de Côte-des-Neiges - Métro - Parc-Extension,3,-73.6272964477539,45.498199462890625,Oui,Non,Non,Oui,2026-07-02
51228427,CLSC ET GROUPE DE MÉDECINE DE FAMILLE UNIVERSITAIRE MÉTRO,11045176,Santé Québec Centre-Ouest-de-l'Île-de-Montréal – Universitaire,06,Montréal,"1801, boulevard de Maisonneuve Ouest",Montréal,0622,RLS de Côte-des-Neiges - Métro - Parc-Extension,3,-73.58100128173828,45.494598388671875,Oui,Non,Non,Oui,2026-07-02
51228443,CENTRE D'HÉBERGEMENT NOTRE-DAME-DE-LA-MERCI,11045192,Santé Québec Nord-de-l'Île-de-Montréal – Universitaire,06,Montréal,"555, boulevard Gouin Ouest",Montréal,0642,RLS d'Ahuntsic - Montréal-Nord,3,-73.68769836425781,45.54759979248047,Oui,Oui,Non,Non,2026-07-02
51228450,CHSLD DE CARTIERVILLE,11045192,Santé Québec Nord-de-l'Île-de-Montréal – Universitaire,06,Montréal,"12235, rue Grenet",Montréal,0641,RLS du Nord de l'Île - Saint-Laurent,3,-73.71720123291016,45.53150177001953,Non,Oui,Non,Non,2026-07-02
51228468,CLSC DE MONTRÉAL-NORD,11045192,Santé Québec Nord-de-l'Île-de-Montréal – Universitaire,06,Montréal,"11441, boulevard Lacordaire",Montréal,0642,RLS d'Ahuntsic - Montréal-Nord,3,-73.62000274658203,45.6072998046875,Non,Non,Non,Oui,2026-07-02
51228476,CHSLD LAURENDEAU,11045192,Santé Québec Nord-de-l'Île-de-Montréal – Universitaire,06,Montréal,"1725, boulevard Gouin Est",Montréal,0642,RLS d'Ahuntsic - Montréal-Nord,3,-73.66200256347656,45.56809997558594,Non,Oui,Non,Non,2026-07-02
51228484,CLSC D'AHUNTSIC,11045192,Santé Québec Nord-de-l'Île-de-Montréal – Universitaire,06,Montréal,"1165, boulevard Henri-Bourassa Est",Montréal,0642,RLS d'Ahuntsic - Montréal-Nord,3,-73.66590118408203,45.5614013671875,Non,Non,Non,Oui,2026-07-02
51228492,HÔPITAL FLEURY,11045192,Santé Québec Nord-de-l'Île-de-Montréal – Universitaire,06,Montréal,"2180, rue Fleury Est",Montréal,0642,RLS d'Ahuntsic - Montréal-Nord,3,-73.65039825439453,45.571800231933594,Oui,Non,Non,Non,2026-07-02
51228500,HÔPITAL JEAN-TALON,11045192,Santé Québec Nord-de-l'Île-de-Montréal – Universitaire,06,Montréal,"1385, rue Jean-Talon Est",Montréal,0643,RLS de la Petite Patrie - Villeray,3,-73.6094970703125,45.5458984375,Oui,Non,Non,Non,2026-07-02
51228518,CLSC DE VILLERAY,11045192,Santé Québec Nord-de-l'Île-de-Montréal – Universitaire,06,Montréal,"1425, rue Jarry Est",Montréal,0643,RLS de la Petite Patrie - Villeray,3,-73.62110137939453,45.551300048828125,Non,Non,Non,Oui,2026-07-02
51228526,CLSC DE LA PETITE-PATRIE,11045192,Santé Québec Nord-de-l'Île-de-Montréal – Universitaire,06,Montréal,"6520, rue de Saint-Vallier",Montréal,0643,RLS de la Petite Patrie - Villeray,3,-73.6052017211914,45.5348014831543,Non,Non,Non,Oui,2026-07-02
51228534,CENTRE D'HÉBERGEMENT PAUL-ÉMILE-LÉGER,11045184,Santé Québec Centre-Sud-de-l'Île-de-Montréal – Universitaire,06,Montréal,"66, boulevard René-Lévesque Est",Montréal,0632,RLS des Faubourgs - Plateau-Mont-Royal - St-Louis-du-Parc,3,-73.55999755859375,45.509300231933594,Non,Oui,Non,Non,2026-07-02
51228542,CENTRE D'HÉBERGEMENT ÉMILIE-GAMELIN,11045184,Santé Québec Centre-Sud-de-l'Île-de-Montréal – Universitaire,06,Montréal,"1440, rue Dufresne",Montréal,0632,RLS des Faubourgs - Plateau-Mont-Royal - St-Louis-du-Parc,3,-73.54810333251953,45.52840042114258,Non,Oui,Non,Non,2026-07-02
51228583,CHSLD DE SAINT-MICHEL,11045200,Santé Québec Est-de-l'Île-de-Montréal – Universitaire,06,Montréal,"3130, rue Jarry Est",Montréal,0651,RLS de Saint-Léonard - Saint-Michel,3,-73.61029815673828,45.5620002746582,Oui,Oui,Non,Non,2026-07-02
51228609,CLSC DE SAINT-LÉONARD,11045200,Santé Québec Est-de-l'Île-de-Montréal – Universitaire,06,Montréal,"5540, rue Jarry Est",Montréal,0651,RLS de Saint-Léonard - Saint-Michel,3,-73.58989715576172,45.58530044555664,Oui,Non,Non,Oui,2026-07-02
51228617,CLSC ET GROUPE DE MÉDECINE DE FAMILLE UNIVERSITAIRE DE HOCHELAGA-MAISONNEUVE,11045200,Santé Québec Est-de-l'Île-de-Montréal – Universitaire,06,Montréal,"4201, rue Ontario Est",Montréal,0653,RLS de Hochelaga - Mercier-Ouest - Rosemont,3,-73.54090118408203,45.551300048828125,Oui,Non,Non,Oui,2026-07-02
51228625,CLSC OLIVIER-GUIMOND,11045200,Santé Québec Est-de-l'Île-de-Montréal – Universitaire,06,Montréal,"5810, rue Sherbrooke Est",Montréal,0653,RLS de Hochelaga - Mercier-Ouest - Rosemont,3,-73.54750061035156,45.57500076293945,Oui,Non,Non,Oui,2026-07-02
51228641,CHSLD BENJAMIN-VICTOR-ROUSSELOT,11045200,Santé Québec Est-de-l'Île-de-Montréal – Universitaire,06,Montréal,"5655, rue Sherbrooke Est",Montréal,0653,RLS de Hochelaga - Mercier-Ouest - Rosemont,3,-73.55079650878906,45.572898864746094,Non,Oui,Non,Non,2026-07-02
51228658,CHSLD JEAN-HUBERT-BIERMANS,11045200,Santé Québec Est-de-l'Île-de-Montréal – Universitaire,06,Montréal,"7905, rue Sherbrooke Est",Montréal,0652,RLS de Rivière-des-Prairies - Anjou - Montréal-Est,3,-73.5364990234375,45.59629821777344,Non,Oui,Non,Non,2026-07-02
51228674,CLSC DE RIVIÈRE-DES-PRAIRIES,11045200,Santé Québec Est-de-l'Île-de-Montréal – Universitaire,06,Montréal,"8655, boulevard Perras",Montréal,0652,RLS de Rivière-des-Prairies - Anjou - Montréal-Est,3,-73.58599853515625,45.644798278808594,Oui,Non,Non,Oui,2026-07-02
51228682,CLSC DE L'EST-DE-MONTRÉAL,11045200,Santé Québec Est-de-l'Île-de-Montréal – Universitaire,06,Montréal,"13926, rue Notre-Dame Est",Montréal,0652,RLS de Rivière-des-Prairies - Anjou - Montréal-Est,3,-73.49359893798828,45.66640090942383,Oui,Non,Non,Oui,2026-07-02
51229631,CENTRE DE SERVICES AMBULATOIRES EN SANTÉ MENTALE PAPINEAU,11045192,Santé Québec Nord-de-l'Île-de-Montréal – Universitaire,06,Montréal,"10345, avenue Papineau, 3e étage",Montréal,0642,RLS d'Ahuntsic - Montréal-Nord,3,-73.65360260009766,45.56850051879883,Oui,Non,Oui,Non,2026-07-02
51229946,CLSC DE MERCIER-EST,11045200,Santé Québec Est-de-l'Île-de-Montréal – Universitaire,06,Montréal,"9503, rue Sherbrooke Est",Montréal,0652,RLS de Rivière-des-Prairies - Anjou - Montréal-Est,3,-73.52660369873047,45.611698150634766,Oui,Non,Non,Oui,2026-07-02
51229995,CENTRE DE CRISE ÉMILE-NELLIGAN,11045200,Santé Québec Est-de-l'Île-de-Montréal – Universitaire,06,Montréal,"6705, suite 211 rue Jean-Talon Est",Montréal,0651,RLS de Saint-Léonard - Saint-Michel,3,-73.52580261230469,45.60309982299805,Non,Oui,Non,Non,2026-07-02
51230092,CLSC DU PLATEAU-MONT-ROYAL,11045184,Santé Québec Centre-Sud-de-l'Île-de-Montréal – Universitaire,06,Montréal,"4625, avenue de Lorimier",Montréal,0632,RLS des Faubourgs - Plateau-Mont-Royal - St-Louis-du-Parc,3,-73.5739974975586,45.53620147705078,Non,Non,Non,Oui,2026-07-02
51230100,CLSC SAINT-URBAIN,11045184,Santé Québec Centre-Sud-de-l'Île-de-Montréal – Universitaire,06,Montréal,"55, avenue du Mont-Royal Ouest",Montréal,0632,RLS des Faubourgs - Plateau-Mont-Royal - St-Louis-du-Parc,3,-73.5873031616211,45.519500732421875,Non,Non,Non,Oui,2026-07-02
51230118,CHÂTEAU SUR LE LAC,11044807,Centre d'hébergement et de soins de longue durée du Château-sur-le-Lac-de-Sainte-Geneviève inc.,06,Montréal,"16289, boulevard Gouin Ouest",Montréal,0611,RLS de Pierrefonds - Lac Saint-Louis,2,-73.87449645996094,45.47800064086914,Non,Oui,Non,Non,2026-07-02
51230225,CENTRE D'HÉBERGEMENT FATHER-DOWD,11045176,Santé Québec Centre-Ouest-de-l'Île-de-Montréal – Universitaire,06,Montréal,"6565, chemin Hudson",Montréal,0622,RLS de Côte-des-Neiges - Métro - Parc-Extension,3,-73.63069915771484,45.50709915161133,Non,Oui,Non,Non,2026-07-02
51230233,CENTRE D'HÉBERGEMENT SAINT-MARGARET,11045176,Santé Québec Centre-Ouest-de-l'Île-de-Montréal – Universitaire,06,Montréal,"50, avenue Hillside",Westmount,0622,RLS de Côte-des-Neiges - Métro - Parc-Extension,3,-73.589599609375,45.481998443603516,Non,Oui,Non,Non,2026-07-02
51230779,CHSLD DE SAINT-LAURENT,11045192,Santé Québec Nord-de-l'Île-de-Montréal – Universitaire,06,Montréal,"1275, boulevard de la Côte-Vertu",Montréal,0641,RLS du Nord de l'Île - Saint-Laurent,3,-73.67990112304688,45.516998291015625,Non,Oui,Non,Non,2026-07-02
51230829,FOYER DE GROUPE POUR LES JEUNES EN DIFFICULTÉ D'ADAPTATION HARMONY,11045184,Santé Québec Centre-Sud-de-l'Île-de-Montréal – Universitaire,06,Montréal,"3840, place Ménard",Montréal,0642,RLS d'Ahuntsic - Montréal-Nord,3,-73.61070251464844,45.55139923095703,Non,Non,Non,Non,2026-07-02
51231223,CENTRE D'ACCUEIL LE PROGRAMME DE PORTAGE,15103658,Centre d'accueil Le Programme de Portage inc.,06,Montréal,"2455, avenue Lionel-Groulx",Montréal,0631,RLS de Verdun - Côte St-Paul - St-Henri - Pointe-St-Charles,2,-73.57669830322266,45.48469924926758,Non,Non,Non,Non,2026-07-02
51231363,CENTRE MULTISERVICES DE SANTÉ ET DE SERVICES SOCIAUX DE PARC-EXTENSION,11045176,Santé Québec Centre-Ouest-de-l'Île-de-Montréal – Universitaire,06,Montréal,"7085, rue Hutchison",Montréal,0622,RLS de Côte-des-Neiges - Métro - Parc-Extension,3,-73.62100219726562,45.529598236083984,Oui,Oui,Non,Oui,2026-07-02
51231470,CENTRE MULTISERVICES DE SANTÉ ET DE SERVICES SOCIAUX DE SAINT-LOUIS-DU-PARC,11045184,Santé Québec Centre-Sud-de-l'Île-de-Montréal – Universitaire,06,Montréal,"15, avenue du Mont-Royal Ouest",Montréal,0632,RLS des Faubourgs - Plateau-Mont-Royal - St-Louis-du-Parc,3,-73.58689880371094,45.52000045776367,Oui,Non,Non,Oui,2026-07-02
51231884,PROGRAMME DE RECHERCHE CLINIQUE CHUM-IRCM,11042918,Santé Québec – Centre hospitalier de l'Université de Montréal,06,Montréal,120 avenue des Pins Ouest,Montréal,0622,RLS de Côte-des-Neiges - Métro - Parc-Extension,4,-73.57620239257812,45.51340103149414,Oui,Non,Non,Non,2026-07-02
51231892,CENTRE DE RÉADAPTATION EN DÉFICIENCE PHYSIQUE LUCIE-BRUNEAU-LAURIER,11045184,Santé Québec Centre-Sud-de-l'Île-de-Montréal – Universitaire,06,Montréal,"2275, avenue Laurier Est",Montréal,0632,RLS des Faubourgs - Plateau-Mont-Royal - St-Louis-du-Parc,3,-73.57679748535156,45.540199279785156,Non,Non,Non,Non,2026-07-02
51231959,CENTRE DE RÉADAPTATION EN DÉFICIENCE PHYSIQUE CONSTANCE-LETHBRIDGE,11168606,Centre de réadaptation Lethbridge-Layton-Mackay,06,Montréal,"7005, boulevard de Maisonneuve Ouest",Montréal,0621,RLS de Côte-Saint-Luc - NDG - Montréal-Ouest,1,-73.63410186767578,45.45830154418945,Non,Non,Non,Non,2026-07-02
51232007,HÔPITAL ET CENTRE DE RÉADAPTATION EN DÉFICIENCE PHYSIQUE IRGLM-CHARLES W. LINDSAY,11045184,Santé Québec Centre-Sud-de-l'Île-de-Montréal – Universitaire,06,Montréal,"6363, chemin Hudson",Montréal,0622,RLS de Côte-des-Neiges - Métro - Parc-Extension,3,-73.62950134277344,45.50709915161133,Oui,Non,Non,Non,2026-07-02
51232015,HÔPITAL ET CENTRE DE RÉADAPTATION EN DÉFICIENCE PHYSIQUE IRGLM-GUSTAVE-GINGRAS,11045184,Santé Québec Centre-Sud-de-l'Île-de-Montréal – Universitaire,06,Montréal,"6300, avenue Darlington",Montréal,0622,RLS de Côte-des-Neiges - Métro - Parc-Extension,3,-73.62879943847656,45.50809860229492,Oui,Non,Non,Non,2026-07-02
51232155,CLSC DE SAINT-MICHEL,11045200,Santé Québec Est-de-l'Île-de-Montréal – Universitaire,06,Montréal,"3355, rue Jarry Est",Montréal,0651,RLS de Saint-Léonard - Saint-Michel,3,-73.6082992553711,45.56560134887695,Oui,Non,Non,Oui,2026-07-02
51232221,SERVICE D'AIDES TECHNIQUES ET SERVICES EXTERNES ÉDITH-STRAUSS,11168606,Centre de réadaptation Lethbridge-Layton-Mackay,06,Montréal,"16777, boulevard Hymus",Kirkland,0611,RLS de Pierrefonds - Lac Saint-Louis,1,-73.84770202636719,45.450599670410156,Non,Non,Non,Non,2026-07-02
51232536,CENTRE DE PROTECTION ET DE RÉADAPTATION POUR LES JEUNES EN DIFFICULTÉ D'ADAPTATION DU CENTRE-DE-MONTRÉAL,11045184,Santé Québec Centre-Sud-de-l'Île-de-Montréal – Universitaire,06,Montréal,"5800, rue Saint-Denis",Montréal,0643,RLS de la Petite Patrie - Villeray,3,-73.59819793701172,45.53020095825195,Non,Non,Non,Non,2026-07-02
51232551,CENTRE DE JOUR POUR LES JEUNES EN DIFFICULTÉ D'ADAPTATION FULLUM,11045184,Santé Québec Centre-Sud-de-l'Île-de-Montréal – Universitaire,06,Montréal,"2025, rue Fullum",Montréal,0632,RLS des Faubourgs - Plateau-Mont-Royal - St-Louis-du-Parc,3,-73.55549621582031,45.53089904785156,Non,Non,Non,Non,2026-07-02
51232569,CENTRE DE JOUR POUR LES JEUNES EN DIFFICULTÉ D'ADAPTATION LAJEUNESSE,11045184,Santé Québec Centre-Sud-de-l'Île-de-Montréal – Universitaire,06,Montréal,"10794, rue Lajeunesse",Montréal,0642,RLS d'Ahuntsic - Montréal-Nord,3,-73.67009735107422,45.55540084838867,Non,Non,Non,Non,2026-07-02
51232577,CENTRE DE PROTECTION DE L'ENFANCE ET DE LA JEUNESSE SAINT-LAURENT,11045184,Santé Québec Centre-Sud-de-l'Île-de-Montréal – Universitaire,06,Montréal,"750, boulevard Marcel-Laurin",Montréal,0641,RLS du Nord de l'Île - Saint-Laurent,3,-73.68299865722656,45.506500244140625,Non,Non,Non,Non,2026-07-02
51232627,CHSLD VIGI MARIE-CLARET,11044815,Vigi Santé Ltée,06,Montréal,"3345, boulevard Henri-Bourassa Est",Montréal,0642,RLS d'Ahuntsic - Montréal-Nord,2,-73.64969635009766,45.58649826049805,Non,Oui,Non,Non,2026-07-02
51232650,FOYER DE GROUPE ROXBORO,11045168,Santé Québec Ouest-de-l'Île-de-Montréal – Universitaire,06,Montréal,"105, 4e Avenue Sud",Montréal,0611,RLS de Pierrefonds - Lac Saint-Louis,3,-73.79769897460938,45.50709915161133,Non,Non,Non,Non,2026-07-02
51232940,CLSC DE ROSEMONT,11045200,Santé Québec Est-de-l'Île-de-Montréal – Universitaire,06,Montréal,"2909, rue Rachel Est",Montréal,0653,RLS de Hochelaga - Mercier-Ouest - Rosemont,3,-73.56210327148438,45.54249954223633,Oui,Non,Non,Oui,2026-07-02
51233013,HÔPITAL GÉNÉRAL JUIF,12685608,L'Hôpital général juif Sir Mortimer B. Davis,06,Montréal,"4335, chemin de la Côte-Sainte-Catherine",Montréal,0622,RLS de Côte-des-Neiges - Métro - Parc-Extension,1,-73.63059997558594,45.49580001831055,Oui,Non,Non,Non,2026-07-02
51233070,CENTRE HOSPITALIER UNIVERSITAIRE SAINTE-JUSTINE,12694659,Santé Québec – Centre hospitalier universitaire Sainte-Justine,06,Montréal,"5757, avenue Decelles",Montréal,0622,RLS de Côte-des-Neiges - Métro - Parc-Extension,4,-73.6260986328125,45.5010986328125,Oui,Non,Non,Non,2026-07-02
51233187,CENTRE DE RÉADAPTATION EN DÉFICIENCE INTELLECTUELLE ET EN TROUBLES DU SPECTRE DE L'AUTISME SAINT-PATRICK,11045184,Santé Québec Centre-Sud-de-l'Île-de-Montréal – Universitaire,06,Montréal,"2475, rue Saint-Patrick",Montréal,0631,RLS de Verdun - Côte St-Paul - St-Henri - Pointe-St-Charles,3,-73.56999969482422,45.48149871826172,Non,Non,Non,Non,2026-07-02
51233401,CENTRE D'HÉBERGEMENT SAINT-ANDREW,11045176,Santé Québec Centre-Ouest-de-l'Île-de-Montréal – Universitaire,06,Montréal,"3350, boulevard Cavendish",Montréal,0621,RLS de Côte-Saint-Luc - NDG - Montréal-Ouest,3,-73.62889862060547,45.4630012512207,Non,Oui,Non,Non,2026-07-02
51233419,CENTRE D'ACTIVITÉS DE JOUR EN DÉFICIENCE INTELLECTUELLE ET EN TROUBLES DU SPECTRE DE L'AUTISME JEANNE-D'ARC,11045184,Santé Québec Centre-Sud-de-l'Île-de-Montréal – Universitaire,06,Montréal,"2103, avenue Jeanne-d'Arc",Montréal,0653,RLS de Hochelaga - Mercier-Ouest - Rosemont,3,-73.5438003540039,45.55039978027344,Non,Non,Non,Non,2026-07-02
51233427,CENTRE DE RÉADAPTATION EN DÉFICIENCE INTELLECTUELLE ET EN TROUBLES DU SPECTRE DE L'AUTISME BEAUBIEN,11045184,Santé Québec Centre-Sud-de-l'Île-de-Montréal – Universitaire,06,Montréal,"7067, rue Beaubien Est, 1er étage",Montréal,0652,RLS de Rivière-des-Prairies - Anjou - Montréal-Est,3,-73.55799865722656,45.59360122680664,Non,Non,Non,Non,2026-07-02
51233443,CENTRE D'ACTIVITÉS DE JOUR EN DÉFICIENCE INTELLECTUELLE ET EN TROUBLES DU SPECTRE DE L'AUTISME HOCHELAGA-MAISONNEUVE,11045184,Santé Québec Centre-Sud-de-l'Île-de-Montréal – Universitaire,06,Montréal,"2101, avenue Jeanne-d'Arc",Montréal,0653,RLS de Hochelaga - Mercier-Ouest - Rosemont,3,-73.5438003540039,45.55039978027344,Non,Non,Non,Non,2026-07-02
51233492,INSTITUT NAZARETH ET LOUIS-BRAILLE RADISSON,11045291,Santé Québec Montérégie-Centre,06,Montréal,"3800, rue Radisson",Montréal,0653,RLS de Hochelaga - Mercier-Ouest - Rosemont,3,-73.54070281982422,45.58879852294922,Non,Non,Non,Non,2026-07-02
51233625,FOYER DE GROUPE POUR LES JEUNES EN DIFFICULTÉ D'ADAPTATION DÉSY,11045184,Santé Québec Centre-Sud-de-l'Île-de-Montréal – Universitaire,06,Montréal,"6014, rue Charny",Montréal,0642,RLS d'Ahuntsic - Montréal-Nord,3,-73.61930084228516,45.610198974609375,Non,Non,Non,Non,2026-07-02
51233633,FOYER DE GROUPE POUR LES JEUNES EN DIFFICULTÉ D'ADAPTATION MONTPETIT,11045184,Santé Québec Centre-Sud-de-l'Île-de-Montréal – Universitaire,06,Montréal,"11042, avenue Wilfrid-Saint-Louis",Montréal,0642,RLS d'Ahuntsic - Montréal-Nord,3,-73.6532974243164,45.58340072631836,Non,Non,Non,Non,2026-07-02
51234003,CENTRE D'HÉBERGEMENT ST-VINCENT-MARIE,11044955,CHSLD Age3 inc.,06,Montréal,"1175, boulevard de la Côte-Vertu",Montréal,0641,RLS du Nord de l'Île - Saint-Laurent,2,-73.67919921875,45.517601013183594,Non,Oui,Non,Non,2026-07-02
51234235,HÔPITAL CATHERINE-BOOTH,11045176,Santé Québec Centre-Ouest-de-l'Île-de-Montréal – Universitaire,06,Montréal,"4375, avenue Montclair",Montréal,0621,RLS de Côte-Saint-Luc - NDG - Montréal-Ouest,3,-73.6355972290039,45.46390151977539,Oui,Non,Non,Non,2026-07-02
51234284,CHSLD DE LA BELLE-RIVE,16419616,Villa Belle Rive inc.,06,Montréal,"5320, boulevard Gouin Est",Montréal,0642,RLS d'Ahuntsic - Montréal-Nord,2,-73.63569641113281,45.61360168457031,Non,Oui,Non,Non,2026-07-02
51234300,CENTRE D'HÉBERGEMENT CHAMPLAIN-DE-GOUIN,11055399,Centre d'hébergement de et de soins de longue durée de Champlain S.E.C.,06,Montréal,"4445, boulevard Henri-Bourassa Est",Montréal,0642,RLS d'Ahuntsic - Montréal-Nord,2,-73.63999938964844,45.59960174560547,Non,Oui,Non,Non,2026-07-02
51234359,CENTRE DE RÉADAPTATION EN DÉPENDANCE DU NOUVEAU DÉPART,11044989,Centre de réadaptation en dépendance du Nouveau Départ inc.,06,Montréal,"1110, avenue Beaumont",Mont-Royal,0622,RLS de Côte-des-Neiges - Métro - Parc-Extension,2,-73.62239837646484,45.522300720214844,Non,Non,Non,Non,2026-07-02
51234383,CENTRE D'ACTIVITÉS DE JOUR ALTERNATIVE,11045168,Santé Québec Ouest-de-l'Île-de-Montréal – Universitaire,06,Montréal,"16661, boulevard Hymus",Kirkland,0611,RLS de Pierrefonds - Lac Saint-Louis,3,-73.84369659423828,45.45050048828125,Non,Non,Non,Non,2026-07-02
51234391,CENTRE D'ACTIVITÉS DE JOUR CARTIER,11045168,Santé Québec Ouest-de-l'Île-de-Montréal – Universitaire,06,Montréal,"147, avenue Cartier",Pointe-Claire,0611,RLS de Pierrefonds - Lac Saint-Louis,3,-73.82640075683594,45.43769836425781,Non,Non,Non,Non,2026-07-02
51234615,CHSLD ANGUS,11045044,Centre d'hébergement et de soins de longue durée Angus inc.,06,Montréal,"3200, rue Omer-Lavallée",Montréal,0653,RLS de Hochelaga - Mercier-Ouest - Rosemont,2,-73.56060028076172,45.54650115966797,Non,Oui,Non,Non,2026-07-02
51234698,CLSC DE BENNY FARM,11045176,Santé Québec Centre-Ouest-de-l'Île-de-Montréal – Universitaire,06,Montréal,"6484, avenue de Monkland",Montréal,0621,RLS de Côte-Saint-Luc - NDG - Montréal-Ouest,3,-73.63140106201172,45.46549987792969,Non,Non,Non,Oui,2026-07-02
51234938,CENTRE MULTISERVICES DE SANTÉ ET DE SERVICES SOCIAUX RIVIÈRE-DES-PRAIRIES,11045192,Santé Québec Nord-de-l'Île-de-Montréal – Universitaire,06,Montréal,"7070, boulevard Perras",Montréal,0652,RLS de Rivière-des-Prairies - Anjou - Montréal-Est,3,-73.61139678955078,45.62310028076172,Oui,Oui,Oui,Non,2026-07-02
51235083,FOYER DE GROUPE POUR LES JEUNES EN DIFFICULTÉ D'ADAPTATION D'AHUNTSIC,11045184,Santé Québec Centre-Sud-de-l'Île-de-Montréal – Universitaire,06,Montréal,"9999, avenue Larose",Montréal,0642,RLS d'Ahuntsic - Montréal-Nord,3,-73.64119720458984,45.576698303222656,Non,Non,Non,Non,2026-07-02
51235109,CHSLD KASTNER,13793781,CHSLD Juif de Montréal,06,Montréal,"5750, rue Lavoie",Montréal,0622,RLS de Côte-des-Neiges - Métro - Parc-Extension,1,-73.63259887695312,45.49420166015625,Non,Oui,Non,Non,2026-07-02
51235117,CHSLD HOPE,13793781,CHSLD Juif de Montréal,06,Montréal,"5725, avenue Victoria",Montréal,0622,RLS de Côte-des-Neiges - Métro - Parc-Extension,1,-73.63379669189453,45.49300003051758,Non,Oui,Non,Non,2026-07-02
51235190,HÔPITAL DOUGLAS,13727060,Institut universitaire en santé mentale Douglas,06,Montréal,"6875, boulevard Lasalle",Montréal,0631,RLS de Verdun - Côte St-Paul - St-Henri - Pointe-St-Charles,1,-73.58439636230469,45.442100524902344,Non,Non,Oui,Non,2026-07-02
51235208,CENTRE DE SERVICES AMBULATOIRES DE SOINS PSYCHIATRIQUES CRAWFORD,13727060,Institut universitaire en santé mentale Douglas,06,Montréal,"7105, boulevard Lasalle",Montréal,0631,RLS de Verdun - Côte St-Paul - St-Henri - Pointe-St-Charles,1,-73.5813980102539,45.43939971923828,Non,Non,Oui,Non,2026-07-02
51235216,CENTRE DE SERVICES AMBULATOIRES DE SOINS PSYCHIATRIQUES WELLINGTON,13727060,Institut universitaire en santé mentale Douglas,06,Montréal,"4932, rue Wellington",Montréal,0631,RLS de Verdun - Côte St-Paul - St-Henri - Pointe-St-Charles,1,-73.56729888916016,45.456298828125,Non,Non,Oui,Non,2026-07-02
51235299,PAVILLON FERNAND-SÉGUIN,11045200,Santé Québec Est-de-l'Île-de-Montréal – Universitaire,06,Montréal,"7331, rue Hochelaga",Montréal,0653,RLS de Hochelaga - Mercier-Ouest - Rosemont,3,-73.52729797363281,45.58620071411133,Non,Non,Oui,Non,2026-07-02
51235307,INSTITUT UNIVERSITAIRE EN SANTÉ MENTALE DE MONTRÉAL,11045200,Santé Québec Est-de-l'Île-de-Montréal – Universitaire,06,Montréal,"7401, rue Hochelaga",Montréal,0653,RLS de Hochelaga - Mercier-Ouest - Rosemont,3,-73.52899932861328,45.588600158691406,Non,Oui,Oui,Non,2026-07-02
51235406,HÔPITAL GLEN,12599213,Santé Québec – Centre universitaire de santé McGill,06,Montréal,"1001, boulevard Décarie",Montréal,0621,RLS de Côte-Saint-Luc - NDG - Montréal-Ouest,4,-73.60089874267578,45.4734001159668,Oui,Non,Non,Non,2026-07-02
51235422,CENTRE D'ACCEUIL LE PROGRAMME DE PORTAGE,15103658,Centre d'accueil Le Programme de Portage inc.,06,Montréal,"7, avenue Frontenac",Pointe-Claire,0611,RLS de Pierrefonds - Lac Saint-Louis,2,-73.82839965820312,45.46900177001953,Non,Non,Non,Non,2026-07-02
51235638,CENTRE DE SERVICES AMBULATOIRES DE MAISONNEUVE,12599213,Santé Québec – Centre universitaire de santé McGill,06,Montréal,"5252, boulevard de Maisonneuve",Montréal,0621,RLS de Côte-Saint-Luc - NDG - Montréal-Ouest,4,-73.60459899902344,45.4734001159668,Oui,Non,Non,Non,2026-07-02
51235653,CENTRE DE SERVICES AMBULATOIRES DE DIALYSE DE LA RUE DE GASPÉ,11042918,Santé Québec – Centre hospitalier de l'Université de Montréal,06,Montréal,"5455, avenue de Gaspé",Montréal,0632,RLS des Faubourgs - Plateau-Mont-Royal - St-Louis-du-Parc,4,-73.59639739990234,45.52750015258789,Oui,Non,Non,Non,2026-07-02
51235703,HÔPITAL SHRINERS POUR ENFANTS (QUÉBEC),13506472,Hôpital Shriners pour enfants (Québec) inc.,06,Montréal,"1003, boulevard Décarie",Montréal,0621,RLS de Côte-Saint-Luc - NDG - Montréal-Ouest,2,-73.60199737548828,45.4718017578125,Oui,Non,Non,Non,2026-07-02
51235729,FOYER DE GROUPE POUR LES JEUNES EN DIFFICULTÉ D'ADAPTATION CHAMBORD,11045184,Santé Québec Centre-Sud-de-l'Île-de-Montréal – Universitaire,06,Montréal,"2574, boulevard Pie-IX",Montréal,0653,RLS de Hochelaga - Mercier-Ouest - Rosemont,3,-73.54959869384766,45.55270004272461,Non,Non,Non,Non,2026-07-02
51235737,GROUPE DE MÉDECINE DE FAMILLE UNIVERSITAIRE NOTRE-DAME,11045184,Santé Québec Centre-Sud-de-l'Île-de-Montréal – Universitaire,06,Montréal,"2120, rue Sherbrooke Est, 6e étage",Montréal,0632,RLS des Faubourgs - Plateau-Mont-Royal - St-Louis-du-Parc,3,-73.5625991821289,45.53099822998047,Oui,Non,Non,Non,2026-07-02
51235919,HÔPITAL SANTA CABRINI,12420774,Hôpital Santa Cabrini,06,Montréal,"5655, rue Saint-Zotique Est",Montréal,0651,RLS de Saint-Léonard - Saint-Michel,1,-73.57170104980469,45.580101013183594,Oui,Non,Non,Non,2026-07-02
51235976,MAISON DE NAISSANCE JEANNE-MANCE,11045184,Santé Québec Centre-Sud-de-l'Île-de-Montréal – Universitaire,06,Montréal,"1822-1828, rue Ontario Est",Montréal,0632,RLS des Faubourgs - Plateau-Mont-Royal - St-Louis-du-Parc,3,-73.55870056152344,45.526100158691406,Non,Non,Non,Oui,2026-07-02
51236024,CENTRE DE RÉADAPTATION EN DÉFICIENCE PHYSIQUE MAB,11168606,Centre de réadaptation Lethbridge-Layton-Mackay,06,Montréal,"7000, rue Sherbrooke Ouest",Montréal,0621,RLS de Côte-Saint-Luc - NDG - Montréal-Ouest,1,-73.63580322265625,45.45909881591797,Non,Non,Non,Non,2026-07-02
51236032,CENTRE DE RÉADAPTATION EN DÉFICIENCE PHYSIQUE MACKAY,11168606,Centre de réadaptation Lethbridge-Layton-Mackay,06,Montréal,"3500, boulevard Décarie",Montréal,0621,RLS de Côte-Saint-Luc - NDG - Montréal-Ouest,1,-73.61190032958984,45.47520065307617,Non,Non,Non,Non,2026-07-02
51236081,CENTRE DE SERVICES AMBULATOIRES BOIS-DE-BOULOGNE,11045192,Santé Québec Nord-de-l'Île-de-Montréal – Universitaire,06,Montréal,"1575, boulevard Henri-Bourassa Ouest",Montréal,0641,RLS du Nord de l'Île - Saint-Laurent,3,-73.67970275878906,45.537601470947266,Oui,Non,Oui,Non,2026-07-02
51236107,CENTRE DE SERVICES AMBULATOIRES EN GÉRONTOPSYCHIATRIE GRENET,11045192,Santé Québec Nord-de-l'Île-de-Montréal – Universitaire,06,Montréal,"12085, rue Grenet",Montréal,0641,RLS du Nord de l'Île - Saint-Laurent,3,-73.71379852294922,45.52989959716797,Non,Non,Oui,Non,2026-07-02
51236149,CENTRE D'ACTIVITÉS DE JOUR EN DÉFICIENCE INTELLECTUELLE ET EN TROUBLES DU SPECTRE DE L'AUTISME 17E AVENUE,11045184,Santé Québec Centre-Sud-de-l'Île-de-Montréal – Universitaire,06,Montréal,"7701, 17e Avenue",Montréal,0651,RLS de Saint-Léonard - Saint-Michel,3,-73.60150146484375,45.566200256347656,Non,Non,Non,Non,2026-07-02
51236180,GROUPE DE MÉDECINE DE FAMILLE UNIVERSITAIRE SACRÉ-CŒUR,11045192,Santé Québec Nord-de-l'Île-de-Montréal – Universitaire,06,Montréal,"1575, boulevard Henri-Bourassa Ouest, 2e",Montréal,0641,RLS du Nord de l'Île - Saint-Laurent,3,-73.67970275878906,45.537601470947266,Oui,Non,Non,Non,2026-07-02
51236206,CLSC SAINTE-CATHERINE ET GROUPE DE MÉDECINE DE FAMILLE UNIVERSITAIRE DES FAUBOURGS,11045184,Santé Québec Centre-Sud-de-l'Île-de-Montréal – Universitaire,06,Montréal,"66, rue Sainte-Catherine Est",Montréal,0632,RLS des Faubourgs - Plateau-Mont-Royal - St-Louis-du-Parc,3,-73.56269836425781,45.510501861572266,Oui,Non,Non,Oui,2026-07-02
51236214,GROUPE DE MÉDECINE DE FAMILLE UNIVERSITAIRE DE VERDUN,11045184,Santé Québec Centre-Sud-de-l'Île-de-Montréal – Universitaire,06,Montréal,"3950, boulevard LaSalle",Montréal,0631,RLS de Verdun - Côte St-Paul - St-Henri - Pointe-St-Charles,3,-73.56400299072266,45.4640998840332,Oui,Non,Non,Non,2026-07-02
51236263,GROUPE DE MÉDECINE DE FAMILLE UNIVERSITAIRE ET CENTRE DE SERVICES AMBULATOIRES DE ST. MARY,12745725,Centre hospitalier de St. Mary,06,Montréal,"3777, rue Jean-Brillant",Montréal,0622,RLS de Côte-des-Neiges - Métro - Parc-Extension,1,-73.6238021850586,45.494998931884766,Oui,Non,Non,Non,2026-07-02
51236297,CENTRE HOSPITALIER DE L'UNIVERSITÉ DE MONTRÉAL,11042918,Santé Québec – Centre hospitalier de l'Université de Montréal,06,Montréal,"1000, rue Saint-Denis",Montréal,0632,RLS des Faubourgs - Plateau-Mont-Royal - St-Louis-du-Parc,4,-73.5562973022461,45.51179885864258,Oui,Non,Non,Non,2026-07-02
51236305,CHSLD DES BERGES-DE-LACHINE,11045168,Santé Québec Ouest-de-l'Île-de-Montréal – Universitaire,06,Montréal,"3320, rue Notre-Dame",Montréal,0612,RLS de Dorval - Lachine - Lasalle,3,-73.69309997558594,45.43510055541992,Non,Oui,Non,Non,2026-07-02
51236313,HÔPITAL NOTRE-DAME,11045184,Santé Québec Centre-Sud-de-l'Île-de-Montréal – Universitaire,06,Montréal,"1560, rue Sherbrooke Est",Montréal,0632,RLS des Faubourgs - Plateau-Mont-Royal - St-Louis-du-Parc,3,-73.5635986328125,45.52539825439453,Oui,Non,Non,Non,2026-07-02
51236321,PAVILLON ÉDOUARD-ASSELIN,11042918,Santé Québec – Centre hospitalier de l'Université de Montréal,06,Montréal,"264, boulevard René-Lévesque Est",Montréal,0632,RLS des Faubourgs - Plateau-Mont-Royal - St-Louis-du-Parc,4,-73.55860137939453,45.51110076904297,Oui,Non,Non,Non,2026-07-02
51236339,CENTRE DE RECHERCHE DU CENTRE HOSPITALIER DE L'UNIVERSITÉ DE MONTRÉAL,11042918,Santé Québec – Centre hospitalier de l'Université de Montréal,06,Montréal,"900, rue Saint-Denis",Montréal,0632,RLS des Faubourgs - Plateau-Mont-Royal - St-Louis-du-Parc,4,-73.55590057373047,45.510799407958984,Oui,Non,Non,Non,2026-07-02
51243202,CENTRE DE RÉADAPTATION EN DÉFICIENCE INTELLECTUELLE ET EN TROUBLES DU SPECTRE DE L'AUTISME GARRY-TAYLOR,11045168,Santé Québec Ouest-de-l'Île-de-Montréal – Universitaire,06,Montréal,"231, avenue Elm",Beaconsfield,0611,RLS de Pierrefonds - Lac Saint-Louis,3,-73.86039733886719,45.43280029296875,Non,Non,Non,Non,2026-07-02
51244754,CLSC ÎLE-DES-SŒURS,11045184,Santé Québec Centre-Sud-de-l'Île-de-Montréal – Universitaire,06,Montréal,"1, Place du Commerce",Montréal,0631,RLS de Verdun - Côte St-Paul - St-Henri - Pointe-St-Charles,3,-73.54570007324219,45.46849822998047,Non,Non,Non,Oui,2026-07-02
51245579,AIRE OUVERTE SAURIOL,11045192,Santé Québec Nord-de-l'Île-de-Montréal – Universitaire,06,Montréal,"2169, rue Sauriol E",Montréal,0642,RLS d'Ahuntsic - Montréal-Nord,3,-73.64779663085938,45.570899963378906,Non,Non,Non,Oui,2026-07-02
51245629,MAISON DE NAISSANCE ANNE-COURTEMANCHE,11045200,Santé Québec Est-de-l'Île-de-Montréal – Universitaire,06,Montréal,"4500, rue de Contrecoeur",Montréal,0652,RLS de Rivière-des-Prairies - Anjou - Montréal-Est,3,-73.527099609375,45.61180114746094,Non,Non,Non,Oui,2026-07-02
51245694,CHSLD ARGYLE - POINTE-CLAIRE,11045069,Centre d'hébergement et de soins de longue durée Argyle inc.,06,Montréal,"300, avenue Stilview",Pointe-Claire,0611,RLS de Pierrefonds - Lac Saint-Louis,2,-73.83580017089844,45.45209884643555,Non,Oui,Non,Non,2026-07-02
51246452,CENTRE DE RÉADAPTATION EN DÉFICIENCE PHYSIQUE RAYMOND-DEWAR-LAURIER,11045184,Santé Québec Centre-Sud-de-l'Île-de-Montréal – Universitaire,06,Montréal,"2222, avenue Laurier Est",Montréal,0632,RLS des Faubourgs - Plateau-Mont-Royal - St-Louis-du-Parc,3,-73.57679748535156,45.53929901123047,Non,Non,Non,Non,2026-07-02
51246460,CENTRE DE RÉADAPTATION EN DÉFICIENCE PHYSIQUE RAYMOND-DEWAR-RADISSON,11045184,Santé Québec Centre-Sud-de-l'Île-de-Montréal – Universitaire,06,Montréal,"3800, rue Radisson",Montréal,0653,RLS de Hochelaga - Mercier-Ouest - Rosemont,3,-73.54070281982422,45.58879852294922,Non,Non,Non,Non,2026-07-02
51246478,CENTRE DE RÉADAPTATION EN DÉFICIENCE PHYSIQUE LUCIE-BRUNEAU-FULLUM,11045184,Santé Québec Centre-Sud-de-l'Île-de-Montréal – Universitaire,06,Montréal,"2305, avenue Laurier Est",Montréal,0632,RLS des Faubourgs - Plateau-Mont-Royal - St-Louis-du-Parc,3,-73.57730102539062,45.54100036621094,Non,Non,Non,Non,2026-07-02
51246528,ULLURIAQ-BOYS,12730628,Centre de santé Tulattavik de l'Ungava,06,Montréal,"4434, boulevard Décarie",Montréal,0621,RLS de Côte-Saint-Luc - NDG - Montréal-Ouest,1,-73.62220001220703,45.47990036010742,Non,Non,Non,Non,2026-07-02
51246536,ULLURIAQ-GIRLS,12730628,Centre de santé Tulattavik de l'Ungava,06,Montréal,"825, avenue Dawson",Dorval,0612,RLS de Dorval - Lachine - Lasalle,1,-73.7417984008789,45.44169998168945,Non,Non,Non,Non,2026-07-02
51246577,SERVICES EXTERNES POUR LES JEUNES EN DIFFICULTÉ D'ADAPTATION LA FONTAINE,11045184,Santé Québec Centre-Sud-de-l'Île-de-Montréal – Universitaire,06,Montréal,"4467, rue de La Fontaine",Montréal,0653,RLS de Hochelaga - Mercier-Ouest - Rosemont,3,-73.53700256347656,45.55350112915039,Non,Non,Non,Non,2026-07-02
51246650,CENTRE DE RÉADAPTATION EN DÉFICIENCE INTELLECTUELLE ET EN TROUBLES DU SPECTRE DE L’AUTISME GOUIN,11045184,Santé Québec Centre-Sud-de-l'Île-de-Montréal – Universitaire,06,Montréal,"5025, boulevard Gouin Est",Montréal,0642,RLS d'Ahuntsic - Montréal-Nord,3,-73.63860321044922,45.60900115966797,Non,Non,Non,Non,2026-07-02
51246668,CENTRE DE RÉADAPTATION EN DÉFICIENCE INTELLECTUELLE ET EN TROUBLES DU SPECTRE DE L’AUTISME HENRI-BOURASSA,11045184,Santé Québec Centre-Sud-de-l'Île-de-Montréal – Universitaire,06,Montréal,"1600, boulevard Henri-Bourassa Ouest",Montréal,0641,RLS du Nord de l'Île - Saint-Laurent,3,-73.67870330810547,45.536399841308594,Non,Non,Non,Non,2026-07-02
51247138,CENTRE DE SERVICES AMBULATOIRES ALLAN MEMORIAL,12599213,Santé Québec – Centre universitaire de santé McGill,06,Montréal,"1025, avenue des Pins",Montréal,0622,RLS de Côte-des-Neiges - Métro - Parc-Extension,4,-73.58260345458984,45.50590133666992,Oui,Non,Non,Non,2026-07-02
51247146,CENTRE DE SERVICES AMBULATOIRES GILMAN,12599213,Santé Québec – Centre universitaire de santé McGill,06,Montréal,"1040, avenue Atwater",Westmount,0622,RLS de Côte-des-Neiges - Métro - Parc-Extension,4,-73.58260345458984,45.487300872802734,Oui,Non,Non,Non,2026-07-02
51247401,MAISON ALTERNATIVE DE RIVIÈRE-DES-PRAIRIES,11045192,Santé Québec Nord-de-l'Île-de-Montréal – Universitaire,06,Montréal,"7099, boulevard Maurice-Duplessis",Montréal,0652,RLS de Rivière-des-Prairies - Anjou - Montréal-Est,3,-73.60919952392578,45.62099838256836,Non,Oui,Non,Non,2026-07-02
51248003,CHSLD PROVIDENCE NOTRE-DAME DE LOURDES,11755501,CHSLD Providence Notre-Dame de Lourdes inc.,06,Montréal,"1870, boulevard Pie-IX",Montréal,0653,RLS de Hochelaga - Mercier-Ouest - Rosemont,2,-73.54070281982422,45.549800872802734,Non,Oui,Non,Non,2026-07-02
51248011,ATELIER LE FIL D'ARIANE,12114922,Atelier le Fil d'Ariane inc.,06,Montréal,"4837, rue Boyer, app. 100",Montréal,0632,RLS des Faubourgs - Plateau-Mont-Royal - St-Louis-du-Parc,2,-73.58380126953125,45.52949905395508,Non,Non,Non,Non,2026-07-02
51248029,CHSLD BAYVIEW,12366043,CHSLD Bayview inc.,06,Montréal,"27, Lakeshore",Pointe-Claire,0611,RLS de Pierrefonds - Lac Saint-Louis,2,-73.7865982055664,45.44860076904297,Non,Oui,Non,Non,2026-07-02
51248037,RÉSIDENCE BERTHIAUME-DU TREMBLAY,12383907,Résidence Berthiaume-Du Tremblay,06,Montréal,"1635, boulevard Gouin Est",Montréal,0642,RLS d'Ahuntsic - Montréal-Nord,2,-73.66300201416016,45.56740188598633,Non,Oui,Non,Non,2026-07-02
51248045,HÔPITAL MARIE-CLARAC,12452645,Hôpital Marie-Clarac des Soeurs de Charité de Ste-Marie (1995) inc.,06,Montréal,"3530, boulevard Gouin Est",Montréal,0642,RLS d'Ahuntsic - Montréal-Nord,2,-73.64969635009766,45.59080123901367,Oui,Non,Non,Non,2026-07-02
51248052,CLINIQUE COMMUNAUTAIRE DE POINTE ST-CHARLES,12453676,Clinique communautaire de Pointe St-Charles,06,Montréal,"500, avenue Ash",Montréal,0631,RLS de Verdun - Côte St-Paul - St-Henri - Pointe-St-Charles,2,-73.55690002441406,45.47840118408203,Non,Non,Non,Oui,2026-07-02
51248060,MAISON ELIZABETH,12562179,Maison Elizabeth,06,Montréal,"2131, avenue de Marlowe",Montréal,0621,RLS de Côte-Saint-Luc - NDG - Montréal-Ouest,2,-73.60690307617188,45.47520065307617,Non,Non,Non,Non,2026-07-02
51248078,LES CÈDRES - CENTRE D'ACCUEIL POUR PERSONNES ÂGÉES,13000732,Les cèdres - Centre d'accueil pour personnes âgées,06,Montréal,"1275, boulevard de la Côte-Vertu",Montréal,0641,RLS du Nord de l'Île - Saint-Laurent,2,-73.67990112304688,45.516998291015625,Non,Oui,Non,Non,2026-07-02
51248086,CENTRE MÉTROPOLITAIN DE CHIRURGIE PLASTIQUE,13388905,Centre métropolitain de chirurgie plastique inc.,06,Montréal,"999, rue de Salaberry",Montréal,0642,RLS d'Ahuntsic - Montréal-Nord,2,-73.69290161132812,45.545501708984375,Oui,Non,Non,Non,2026-07-02
51248094,MANOIR BEACONSFIELD,17524224,88980 Canada inc.,06,Montréal,"34, avenue Woodland",Beaconsfield,0611,RLS de Pierrefonds - Lac Saint-Louis,2,-73.88359832763672,45.41889953613281,Non,Oui,Non,Non,2026-07-02
51248102,CHSLD BOURGET,29530060,Centre d'hébergement et de soins de longue durée Bourget inc.,06,Montréal,"11570, rue Notre-Dame Est",Montréal,0652,RLS de Rivière-des-Prairies - Anjou - Montréal-Est,2,-73.4927978515625,45.6338005065918,Non,Oui,Non,Non,2026-07-02
51248110,CENTRE D'HÉBERGEMENT ET DE SOINS DE LONGUE DURÉE BUSSEY (QUÉBEC),29530078,Centre d'hébergement et de soins de longue durée Bussey (Québec) inc.,06,Montréal,"2069, boulevard Saint-Joseph",Montréal,0612,RLS de Dorval - Lachine - Lasalle,2,-73.68329620361328,45.433101654052734,Non,Oui,Non,Non,2026-07-02
51248128,HÔPITAL VILLA MEDICA,29732187,Centre hospitalier Villa Medica S.E.C.,06,Montréal,"225, rue Sherbrooke Est",Montréal,0632,RLS des Faubourgs - Plateau-Mont-Royal - St-Louis-du-Parc,2,-73.5687026977539,45.51499938964844,Oui,Non,Non,Non,2026-07-02
51248201,INSTITUT DE CARDIOLOGIE DE MONTRÉAL,12431656,Santé Québec – Institut de cardiologie de Montréal,06,Montréal,"5000, rue Bélanger",Montréal,0653,RLS de Hochelaga - Mercier-Ouest - Rosemont,4,-73.57779693603516,45.57379913330078,Oui,Non,Non,Non,2026-07-02
51248219,HÔPITAL GÉNÉRAL DE MONTRÉAL,12599213,Santé Québec – Centre universitaire de santé McGill,06,Montréal,"1650, avenue Cedar",Montréal,0622,RLS de Côte-des-Neiges - Métro - Parc-Extension,4,-73.58899688720703,45.49700164794922,Oui,Non,Non,Non,2026-07-02
51248227,INSTITUT NATIONAL DE PSYCHIATRIE LÉGALE PHILIPPE-PINEL,12797577,Santé Québec – Institut national de psychiatrie légale Philippe-Pinel,06,Montréal,"10905, boulevard Henri-Bourassa Est",Montréal,0652,RLS de Rivière-des-Prairies - Anjou - Montréal-Est,4,-73.53359985351562,45.65599822998047,Non,Non,Oui,Non,2026-07-02
51248235,CENTRE DE SOINS PROLONGÉS GRACE DART,11084464,Centre de soins prolongés Grace Dart,06,Montréal,"5155, rue Sainte-Catherine Est",Montréal,0653,RLS de Hochelaga - Mercier-Ouest - Rosemont,1,-73.52890014648438,45.55950164794922,Non,Oui,Non,Non,2026-07-02
51248243,CENTRE HOSPITALIER DE ST. MARY,12745725,Centre hospitalier de St. Mary,06,Montréal,"3830, avenue Lacombe",Montréal,0622,RLS de Côte-des-Neiges - Métro - Parc-Extension,1,-73.62409973144531,45.49489974975586,Oui,Non,Non,Non,2026-07-02
51248250,HÔPITAL GÉNÉRAL JUIF,12685608,L'Hôpital général juif Sir Mortimer B. Davis,06,Montréal,"3755, chemin de la Côte-Sainte-Catherine",Montréal,0622,RLS de Côte-des-Neiges - Métro - Parc-Extension,1,-73.62879943847656,45.497798919677734,Oui,Non,Non,Non,2026-07-02
51248268,CENTRE MIRIAM,12582292,Centre Miriam,06,Montréal,"8160, chemin Royden",Mont-Royal,0622,RLS de Côte-des-Neiges - Métro - Parc-Extension,1,-73.66190338134766,45.49639892578125,Non,Non,Non,Non,2026-07-02
51248276,HÔPITAL MONT SINAÏ,13469796,Hôpital Mont-Sinaï,06,Montréal,"5690, boulevard Cavendish",Côte-Saint-Luc,0621,RLS de Côte-Saint-Luc - NDG - Montréal-Ouest,1,-73.65730285644531,45.47380065917969,Oui,Oui,Non,Non,2026-07-02
51248284,CENTRE HOSPITALIER GÉRIATRIQUE MAIMONIDES,13146477,La corporation du Centre hospitalier gériatrique Maimonides,06,Montréal,"5795, avenue Caldwell",Côte-Saint-Luc,0621,RLS de Côte-Saint-Luc - NDG - Montréal-Ouest,1,-73.66840362548828,45.47159957885742,Non,Oui,Non,Non,2026-07-02
51248292,L'HÔPITAL CHINOIS DE MONTRÉAL (1963),12892303,L'Hôpital chinois de Montréal (1963),06,Montréal,"189, avenue Viger Est",Montréal,0632,RLS des Faubourgs - Plateau-Mont-Royal - St-Louis-du-Parc,1,-73.55809783935547,45.509498596191406,Non,Oui,Non,Non,2026-07-02
51248490,AIRE OUVERTE DE L'EST DE MONTRÉAL,11045200,Santé Québec Est-de-l'Île-de-Montréal – Universitaire,06,Montréal,"12125, rue Notre-Dame Est",Montréal,0652,RLS de Rivière-des-Prairies - Anjou - Montréal-Est,3,-73.4905014038086,45.64080047607422,Non,Non,Non,Oui,2026-07-02
51248524,MAISON ALTERNATIVE DORVAL,11045168,Santé Québec Ouest-de-l'Île-de-Montréal – Universitaire,06,Montréal,"875, avenue Dawson",Dorval,0612,RLS de Dorval - Lachine - Lasalle,3,-73.7428970336914,45.441898345947266,Non,Oui,Non,Non,2026-07-02
51248573,AIRE OUVERTE MONTRÉAL-NORD,11045192,Santé Québec Nord-de-l'Île-de-Montréal – Universitaire,06,Montréal,"12415, boulevard Lacordaire",Montréal,0642,RLS d'Ahuntsic - Montréal-Nord,3,-73.62899780273438,45.615699768066406,Non,Non,Non,Oui,2026-07-02
51248581,CLSC ET GROUPE DE MÉDECINE DE FAMILLE UNIVERSITAIRE MONTRÉAL-NORD-EST,11045192,Santé Québec Nord-de-l'Île-de-Montréal – Universitaire,06,Montréal,"12345, boulevard Albert-Hudon",Montréal,0642,RLS d'Ahuntsic - Montréal-Nord,3,-73.61599731445312,45.623600006103516,Oui,Non,Non,Oui,2026-07-02
51248839,CENTRE DE SERVICES AMBULATOIRES DE MAISONNEUVE-EST,11042918,Santé Québec – Centre hospitalier de l'Université de Montréal,06,Montréal,"1001, boulevard de Maisonneuve-Est",Montréal,0632,RLS des Faubourgs - Plateau-Mont-Royal - St-Louis-du-Parc,4,-73.5593032836914,45.51810073852539,Oui,Non,Non,Non,2026-07-02
51248896,CHSLD STILLVIEW,11045168,Santé Québec Ouest-de-l'Île-de-Montréal – Universitaire,06,Montréal,"300, avenue Stillview",Pointe-Claire,0611,RLS de Pierrefonds - Lac Saint-Louis,3,-73.83580017089844,45.45209884643555,Non,Oui,Non,Non,2026-07-02
51248920,AIRE OUVERTE DU MÉTRO-BERRI,11045184,Santé Québec Centre-Sud-de-l'Île-de-Montréal – Universitaire,06,Montréal,"1015, rue Robin",Montréal,0632,RLS des Faubourgs - Plateau-Mont-Royal - St-Louis-du-Parc,3,-73.56109619140625,45.51890182495117,Non,Non,Non,Oui,2026-07-02
51248938,AIRE OUVERTE DE CÔTE-DES-NEIGES,11045176,Santé Québec Centre-Ouest-de-l'Île-de-Montréal – Universitaire,06,Montréal,"5245, chemin de la Côte-des-Neiges",Montréal,0622,RLS de Côte-des-Neiges - Métro - Parc-Extension,3,-73.62100219726562,45.49610137939453,Non,Non,Non,Oui,2026-07-02
51249027,CENTRE DE SERVICES AMBULATOIRES STILLVIEW,11045168,Santé Québec Ouest-de-l'Île-de-Montréal – Universitaire,06,Montréal,"175, avenue Stillview",Pointe-Claire,0611,RLS de Pierrefonds - Lac Saint-Louis,3,-73.8323974609375,45.45069885253906,Oui,Non,Non,Non,2026-07-02
51249092,CENTRE DE RÉADAPTATION EN DÉPENDANCE HOCHELAGA,11045184,Santé Québec Centre-Sud-de-l'Île-de-Montréal – Universitaire,06,Montréal,"7401, rue Hochelaga",Montréal,0653,RLS de Hochelaga - Mercier-Ouest - Rosemont,3,-73.53009796142578,45.5885009765625,Non,Non,Non,Non,2026-07-02
51249100,CENTRE DE RÉADAPTATION EN DÉPENDANCE MONKLAND,11045184,Santé Québec Centre-Sud-de-l'Île-de-Montréal – Universitaire,06,Montréal,"6484, avenue de Monkland",Montréal,0621,RLS de Côte-Saint-Luc - NDG - Montréal-Ouest,3,-73.63140106201172,45.46549987792969,Non,Non,Non,Non,2026-07-02
51249118,CENTRE DE RÉADAPTATION EN DÉPENDANCE NOTRE-DAME-EST,11045184,Santé Québec Centre-Sud-de-l'Île-de-Montréal – Universitaire,06,Montréal,"13926, rue Notre-Dame-Est",Montréal,0652,RLS de Rivière-des-Prairies - Anjou - Montréal-Est,3,-73.49340057373047,45.66659927368164,Non,Non,Non,Non,2026-07-02
51249126,CENTRE DE RÉADAPTATION EN DÉPENDANCE LACHINE,11045184,Santé Québec Centre-Sud-de-l'Île-de-Montréal – Universitaire,06,Montréal,"1900, rue Notre-Dame",Montréal,0612,RLS de Dorval - Lachine - Lasalle,3,-73.68150329589844,45.43539810180664,Non,Non,Non,Non,2026-07-02
51249134,CENTRE DE RÉADAPTATION EN DÉPENDANCE GOUIN,11045184,Santé Québec Centre-Sud-de-l'Île-de-Montréal – Universitaire,06,Montréal,"13800, boulevard Gouin Ouest",Montréal,0611,RLS de Pierrefonds - Lac Saint-Louis,3,-73.84839630126953,45.49720001220703,Non,Non,Non,Non,2026-07-02
51249241,FOYER DE GROUPE POUR LES JEUNES EN DIFFICULTÉ D'ADAPTATION PELLETIER,11045184,Santé Québec Centre-Sud-de-l'Île-de-Montréal – Universitaire,06,Montréal,"11016, avenue Pelletier",Montréal,0642,RLS d'Ahuntsic - Montréal-Nord,3,-73.63520050048828,45.59370040893555,Non,Non,Non,Non,2026-07-02
51249258,FOYER DE GROUPE POUR LES JEUNES EN DIFFICULTÉ D'ADAPTATION CHARLEROI,11045184,Santé Québec Centre-Sud-de-l'Île-de-Montréal – Universitaire,06,Montréal,"11020, avenue Pelletier",Montréal,0642,RLS d'Ahuntsic - Montréal-Nord,3,-73.63520050048828,45.59370040893555,Non,Non,Non,Non,2026-07-02
51249308,INSTITUT NAZARETH ET LOUIS-BRAILLE DE LA RUE SHERBROOKE,11045291,Santé Québec Montérégie-Centre,06,Montréal,"1560, rue Sherbrooke Est - Local G6176 e",Montréal,0632,RLS des Faubourgs - Plateau-Mont-Royal - St-Louis-du-Parc,3,-73.5636978149414,45.52539825439453,Non,Non,Non,Non,2026-07-02
51249373,CLINIQUE IPS+ SNOWDON,11045176,Santé Québec Centre-Ouest-de-l'Île-de-Montréal – Universitaire,06,Montréal,"5165, chemin Queen Mary",Montréal,0622,RLS de Côte-des-Neiges - Métro - Parc-Extension,3,-73.62850189208984,45.485198974609375,Non,Non,Non,Oui,2026-07-02
51249431,GROUPE DE MÉDECINE DE FAMILLE UNIVERSITAIRE DE VERDUN-DE-L'ÉGLISE,11045184,Santé Québec Centre-Sud-de-l'Île-de-Montréal – Universitaire,06,Montréal,"55, rue de l'Église",Montréal,0631,RLS de Verdun - Côte St-Paul - St-Henri - Pointe-St-Charles,3,-73.56449890136719,45.46289825439453,Oui,Non,Non,Non,2026-07-02
51249563,CENTRE DE RÉADAPTATION EN DÉPENDANCE CAVENDISH /CAVENDISH ADDICTION READAPTATION CENTRE,11045184,Santé Québec Centre-Sud-de-l'Île-de-Montréal – Universitaire,06,Montréal,"3285, boulevard Cavendish, bureau 100",Montréal,0621,RLS de Côte-Saint-Luc - NDG - Montréal-Ouest,3,-73.6270980834961,45.463401794433594,Non,Non,Non,Non,2026-07-02
51249589,AIRE OUVERTE DE LASALLE,11045168,Santé Québec Ouest-de-l'Île-de-Montréal – Universitaire,06,Montréal,"7580, rue Centrale",Montréal,0612,RLS de Dorval - Lachine - Lasalle,3,-73.5969009399414,45.43299865722656,Non,Non,Non,Oui,2026-07-02
51249613,AIRE OUVERTE DU MÉTRO-LIONEL-GROULX,11045184,Santé Québec Centre-Sud-de-l'Île-de-Montréal – Universitaire,06,Montréal,"3181, rue Saint-Jacques",Montréal,0631,RLS de Verdun - Côte St-Paul - St-Henri - Pointe-St-Charles,3,-73.58059692382812,45.48350143432617,Non,Non,Non,Oui,2026-07-02
51249688,FOYER DE GROUPE POUR LES JEUNES EN DIFFICULTÉ D'ADAPTATION LACHINE,11045168,Santé Québec Ouest-de-l'Île-de-Montréal – Universitaire,06,Montréal,3540 Fort Rolland,Montréal,0612,RLS de Dorval - Lachine - Lasalle,3,-73.6958999633789,45.435298919677734,Non,Non,Non,Non,2026-07-02
51249712,CENTRE D'HÉBERGEMENT ET DE SOINS DE LONGUE DURÉE ANGELICA,11045192,Santé Québec Nord-de-l'Île-de-Montréal – Universitaire,06,Montréal,"3435, boulevard Gouin Est",Montréal,0642,RLS d'Ahuntsic - Montréal-Nord,3,-73.65129852294922,45.59000015258789,Non,Oui,Non,Non,2026-07-02
51340248,CENTRE DE PROTECTION DE L'ENFANCE ET DE LA JEUNESSE WEST ISLAND,11045168,Santé Québec Ouest-de-l'Île-de-Montréal – Universitaire,06,Montréal,1000 boulevard Saint-Jean,Pointe-Claire,0611,RLS de Pierrefonds - Lac Saint-Louis,3,-73.82720184326172,45.46969985961914,Non,Non,Non,Non,2026-07-02
51340297,CENTRE DE PROTECTION DE L’ENFANCE ET DE LA JEUNESSE SAINTE-CATHERINE,11045168,Santé Québec Ouest-de-l'Île-de-Montréal – Universitaire,06,Montréal,"4515, rue Sainte-Catherine Ouest",Westmount,0622,RLS de Côte-des-Neiges - Métro - Parc-Extension,3,-73.59439849853516,45.48059844970703,Non,Non,Non,Non,2026-07-02
51340776,PAVILLON ROSEMONT,11045200,Santé Québec Est-de-l'Île-de-Montréal – Universitaire,06,Montréal,"5689, boulevard Rosemont",Montréal,0653,RLS de Hochelaga - Mercier-Ouest - Rosemont,3,-73.56210327148438,45.57749938964844,Oui,Non,Non,Non,2026-07-02
51341477,CENTRE DE PROTECTION DE L'ENFANCE ET DE LA JEUNESSE HENRI-BOURASSA EST,11045184,Santé Québec Centre-Sud-de-l'Île-de-Montréal – Universitaire,06,Montréal,"1161, boulevard Henri-Bourassa Est",Montréal,0642,RLS d'Ahuntsic - Montréal-Nord,3,-73.66619873046875,45.56100082397461,Non,Non,Non,Non,2026-07-02
51341543,CENTRE DE PROTECTION DE L'ENFANCE ET DE LA JEUNESSE DE L'ÉGLISE,11045184,Santé Québec Centre-Sud-de-l'Île-de-Montréal – Universitaire,06,Montréal,"471, rue de l'Église",Montréal,0631,RLS de Verdun - Côte St-Paul - St-Henri - Pointe-St-Charles,3,-73.56990051269531,45.46310043334961,Non,Non,Non,Non,2026-07-02
51388874,CENTRE D'HÉBERGEMENT DE LA MAISON-SAINT-JOSEPH,11044823,Centre d'hébergement et de soins de longue durée Providence - Saint-Joseph inc.,06,Montréal,"5605, rue Beaubien Est",Montréal,0653,RLS de Hochelaga - Mercier-Ouest - Rosemont,2,-73.56749725341797,45.57889938354492,Non,Oui,Non,Non,2026-07-02
51495869,RÉSIDENCE DES FILLES ET/OU GARÇONS (HAVRE-JEUNESSE),12652384,Havre-Jeunesse,06,Montréal,"1019, avenue Moffat",Montréal,0631,RLS de Verdun - Côte St-Paul - St-Henri - Pointe-St-Charles,2,-73.5781021118164,45.45050048828125,Non,Non,Non,Non,2026-07-02
51495877,RÉSIDENCE DES GARÇONS ET/OU FILLES (HAVRE-JEUNESSE),12652384,Havre-Jeunesse,06,Montréal,"4360, boulevard Lasalle",Montréal,0631,RLS de Verdun - Côte St-Paul - St-Henri - Pointe-St-Charles,2,-73.56269836425781,45.460201263427734,Non,Non,Non,Non,2026-07-02
51497576,CENTRE D'HÉBERGEMENT DE VERDUN,11045184,Santé Québec Centre-Sud-de-l'Île-de-Montréal – Universitaire,06,Montréal,"5500, boulevard Lasalle",Montréal,0631,RLS de Verdun - Côte St-Paul - St-Henri - Pointe-St-Charles,3,-73.56600189208984,45.45240020751953,Non,Oui,Non,Non,2026-07-02
51521425,HÔPITAL SAINTE-ANNE,11045168,Santé Québec Ouest-de-l'Île-de-Montréal – Universitaire,06,Montréal,"305, boulevard des Anciens-Combattants",Sainte-Anne-de-Bellevue,0611,RLS de Pierrefonds - Lac Saint-Louis,3,-73.94869995117188,45.41239929199219,Oui,Oui,Non,Non,2026-07-02
51585826,CENTRE DE PROTECTION DE L'ENFANCE ET DE LA JEUNESSE SHERBROOKE EST,11045184,Santé Québec Centre-Sud-de-l'Île-de-Montréal – Universitaire,06,Montréal,"8135, rue Sherbrooke Est",Montréal,0652,RLS de Rivière-des-Prairies - Anjou - Montréal-Est,3,-73.53569793701172,45.5989990234375,Non,Non,Non,Non,2026-07-02
51608214,CENTRE DE PROTECTION DE L'ENFANCE ET DE LA JEUNESSE LA FONTAINE,11045184,Santé Québec Centre-Sud-de-l'Île-de-Montréal – Universitaire,06,Montréal,"4477, rue La Fontaine",Montréal,0653,RLS de Hochelaga - Mercier-Ouest - Rosemont,3,-73.53690338134766,45.55390167236328,Non,Non,Non,Non,2026-07-02
51610095,APPARTEMENT SUPERVISÉ POUR LES JEUNES EN DIFFICULTÉ D'ADAPTATION ASPIRE 2,11045168,Santé Québec Ouest-de-l'Île-de-Montréal – Universitaire,06,Montréal,"4840, boulevard Cavendish",Montréal,0621,RLS de Côte-Saint-Luc - NDG - Montréal-Ouest,3,-73.63899993896484,45.467899322509766,Non,Non,Non,Non,2026-07-02
51610111,FOYER DE GROUPE MAISONNEUVE,11045168,Santé Québec Ouest-de-l'Île-de-Montréal – Universitaire,06,Montréal,"4331, boulevard de Maisonneuve Ouest",Westmount,0622,RLS de Côte-des-Neiges - Métro - Parc-Extension,3,-73.59259796142578,45.48460006713867,Non,Non,Non,Non,2026-07-02
51610137,FOYER DE GROUPE COUVRETTE,11045168,Santé Québec Ouest-de-l'Île-de-Montréal – Universitaire,06,Montréal,"1782, rue Couvrette",Montréal,0641,RLS du Nord de l'Île - Saint-Laurent,3,-73.68489837646484,45.527801513671875,Non,Non,Non,Non,2026-07-02
51610145,FOYER DE GROUPE RUDEL,11045168,Santé Québec Ouest-de-l'Île-de-Montréal – Universitaire,06,Montréal,"5475, chemin de la Côte-Saint-Antoine",Montréal,0621,RLS de Côte-Saint-Luc - NDG - Montréal-Ouest,3,-73.61540222167969,45.47439956665039,Non,Non,Non,Non,2026-07-02
51610186,FOYER DE GROUPE SAINT-JAMES,11045168,Santé Québec Ouest-de-l'Île-de-Montréal – Universitaire,06,Montréal,"6151, rue Saint-Jacques",Montréal,0621,RLS de Côte-Saint-Luc - NDG - Montréal-Ouest,3,-73.61620330810547,45.46440124511719,Non,Non,Non,Non,2026-07-02
51610194,FOYER DE GROUPE BOURBONNIÈRE,11045168,Santé Québec Ouest-de-l'Île-de-Montréal – Universitaire,06,Montréal,"7587, boulevard Lasalle",Montréal,0612,RLS de Dorval - Lachine - Lasalle,3,-73.59089660644531,45.43159866333008,Non,Non,Non,Non,2026-07-02
51767366,CENTRE D'ACCUEIL LE PROGRAMME DE PORTAGE,15103658,Centre d'accueil Le Programme de Portage inc.,06,Montréal,"865, place Richmond",Montréal,0631,RLS de Verdun - Côte St-Paul - St-Henri - Pointe-St-Charles,2,-73.57250213623047,45.491798400878906,Non,Non,Non,Non,2026-07-02
51770048,CLINIQUE COMMUNAUTAIRE DE POINTE ST-CHARLES (POINT DE SERVICE),12453676,Clinique communautaire de Pointe St-Charles,06,Montréal,"1955, rue Centre",Montréal,0631,RLS de Verdun - Côte St-Paul - St-Henri - Pointe-St-Charles,2,-73.5634994506836,45.482398986816406,Non,Non,Non,Oui,2026-07-02
51791754,SUCCURSALE TRIBUNAL DE LA JEUNESSE,11045168,Santé Québec Ouest-de-l'Île-de-Montréal – Universitaire,06,Montréal,"410, rue de Bellechasse, 3e ét.",Montréal,0643,RLS de la Petite Patrie - Villeray,3,-73.60079956054688,45.53260040283203,Non,Non,Non,Non,2026-07-02
51831485,FOYER DE GROUPE POUR LES JEUNES EN DIFFICULTÉ D'ADAPTATION LA FONTAINE,11045184,Santé Québec Centre-Sud-de-l'Île-de-Montréal – Universitaire,06,Montréal,"4477, rue La Fontaine",Montréal,0653,RLS de Hochelaga - Mercier-Ouest - Rosemont,3,-73.53520202636719,45.55179977416992,Non,Non,Non,Non,2026-07-02
51831501,FOYER DE GROUPE POUR LES JEUNES EN DIFFICULTÉ D'ADAPTATION MEILLEUR,11045184,Santé Québec Centre-Sud-de-l'Île-de-Montréal – Universitaire,06,Montréal,"10160, rue Meilleur",Montréal,0642,RLS d'Ahuntsic - Montréal-Nord,3,-73.66780090332031,45.54069900512695,Non,Non,Non,Non,2026-07-02
51835742,CENTRE DE PROTECTION DE L’ENFANCE ET DE LA JEUNESSE TUPPER,11045168,Santé Québec Ouest-de-l'Île-de-Montréal – Universitaire,06,Montréal,"4039, rue Tupper",Westmount,0622,RLS de Côte-des-Neiges - Métro - Parc-Extension,3,-73.58529663085938,45.48780059814453,Non,Non,Non,Non,2026-07-02
51848752,HÔPITAL EN SANTÉ MENTALE ALBERT-PRÉVOST,11045192,Santé Québec Nord-de-l'Île-de-Montréal – Universitaire,06,Montréal,"6555, boulevard Gouin Ouest",Montréal,0641,RLS du Nord de l'Île - Saint-Laurent,3,-73.72899627685547,45.52899932861328,Oui,Non,Non,Non,2026-07-02
52238870,CHSLD DE LA PETITE-PATRIE,11045192,Santé Québec Nord-de-l'Île-de-Montréal – Universitaire,06,Montréal,"6767, rue Cartier",Montréal,0643,RLS de la Petite Patrie - Villeray,3,-73.60060119628906,45.546199798583984,Non,Oui,Non,Non,2026-07-02
52253770,CHSLD DANTE,12420774,Hôpital Santa Cabrini,06,Montréal,"6887, rue Châtelain",Montréal,0653,RLS de Hochelaga - Mercier-Ouest - Rosemont,1,-73.57330322265625,45.580101013183594,Non,Oui,Non,Non,2026-07-02
52253796,CENTRE D'HÉBERGEMENT ALFRED-DESROCHERS,11045184,Santé Québec Centre-Sud-de-l'Île-de-Montréal – Universitaire,06,Montréal,"5325, avenue Victoria",Montréal,0622,RLS de Côte-des-Neiges - Métro - Parc-Extension,3,-73.62750244140625,45.490699768066406,Non,Oui,Non,Non,2026-07-02
52256997,CHSLD MARIE-ROLLET,11045200,Santé Québec Est-de-l'Île-de-Montréal – Universitaire,06,Montréal,"5003, rue Saint-Zotique Est",Montréal,0653,RLS de Hochelaga - Mercier-Ouest - Rosemont,3,-73.57579803466797,45.573299407958984,Non,Oui,Non,Non,2026-07-02
52266889,CENTRE D'HÉBERGEMENT ERNEST-ROUTHIER,11045184,Santé Québec Centre-Sud-de-l'Île-de-Montréal – Universitaire,06,Montréal,"2110, rue Wolfe",Montréal,0632,RLS des Faubourgs - Plateau-Mont-Royal - St-Louis-du-Parc,3,-73.56439971923828,45.52119827270508,Non,Oui,Non,Non,2026-07-02
52366564,CHSLD FRANÇOIS-SÉGUENOT,11045200,Santé Québec Est-de-l'Île-de-Montréal – Universitaire,06,Montréal,"13950, rue Notre-Dame Est",Montréal,0652,RLS de Rivière-des-Prairies - Anjou - Montréal-Est,3,-73.49349975585938,45.666900634765625,Non,Oui,Non,Non,2026-07-02
52389285,CENTRE D'ACTIVITÉS DE JOUR EN DÉFICIENCE INTELLECTUELLE ET EN TROUBLES DU SPECTRE DE L'AUTISME LAPIERRE,11045184,Santé Québec Centre-Sud-de-l'Île-de-Montréal – Universitaire,06,Montréal,"2027, rue Lapierre",Montréal,0612,RLS de Dorval - Lachine - Lasalle,3,-73.6144027709961,45.43709945678711,Non,Non,Non,Non,2026-07-02
52393758,CLSC PARTHENAIS ET GROUPE DE MÉDECINE DE FAMILLE UNIVERSITAIRE DES FAUBOURGS,11045184,Santé Québec Centre-Sud-de-l'Île-de-Montréal – Universitaire,06,Montréal,"2260, rue Parthenais",Montréal,0632,RLS des Faubourgs - Plateau-Mont-Royal - St-Louis-du-Parc,3,-73.56009674072266,45.53099822998047,Oui,Non,Non,Oui,2026-07-02
52492840,CHSLD ROBERT-CLICHE,11045200,Santé Québec Est-de-l'Île-de-Montréal – Universitaire,06,Montréal,"3730, rue de Bellechasse",Montréal,0653,RLS de Hochelaga - Mercier-Ouest - Rosemont,3,-73.57879638671875,45.55759811401367,Non,Oui,Non,Non,2026-07-02
52527314,CENTRE DE RÉADAPTATION POUR LES JEUNES EN DIFFICULTÉ D'ADAPTATION DORVAL,11045168,Santé Québec Ouest-de-l'Île-de-Montréal – Universitaire,06,Montréal,"825, avenue Dawson",Dorval,0612,RLS de Dorval - Lachine - Lasalle,3,-73.74230194091797,45.44200134277344,Non,Non,Non,Non,2026-07-02
52527348,FOYER DE GROUPE WOLSELEY,11045168,Santé Québec Ouest-de-l'Île-de-Montréal – Universitaire,06,Montréal,"413, avenue Wolseley",Montréal-Ouest,0621,RLS de Côte-Saint-Luc - NDG - Montréal-Ouest,3,-73.65760040283203,45.45640182495117,Non,Non,Non,Non,2026-07-02
52527355,FOYER DE GROUPE HAWKINS,11045168,Santé Québec Ouest-de-l'Île-de-Montréal – Universitaire,06,Montréal,"5455, chemin de la Côte-Saint-Antoine",Montréal,0621,RLS de Côte-Saint-Luc - NDG - Montréal-Ouest,3,-73.61519622802734,45.47460174560547,Non,Non,Non,Non,2026-07-02
52579851,CHSLD PAUL-GOUIN,11045192,Santé Québec Nord-de-l'Île-de-Montréal – Universitaire,06,Montréal,"5900, rue de Saint-Vallier",Montréal,0643,RLS de la Petite Patrie - Villeray,3,-73.59980010986328,45.53219985961914,Non,Oui,Non,Non,2026-07-02
52579869,CHSLD JUDITH-JASMIN,11045200,Santé Québec Est-de-l'Île-de-Montréal – Universitaire,06,Montréal,"8850, rue Bisaillon",Montréal,0652,RLS de Rivière-des-Prairies - Anjou - Montréal-Est,3,-73.52970123291016,45.60639953613281,Non,Oui,Non,Non,2026-07-02
52585460,FOYER DE GROUPE POUR LES JEUNES EN DIFFICULTÉ D'ADAPTATION DE RIVIÈRE-DES-PRAIRIES,11045184,Santé Québec Centre-Sud-de-l'Île-de-Montréal – Universitaire,06,Montréal,"12525, 28e Avenue",Montréal,0652,RLS de Rivière-des-Prairies - Anjou - Montréal-Est,3,-73.59210205078125,45.6416015625,Non,Non,Non,Non,2026-07-02
52585510,FOYER DE GROUPE POUR LES JEUNES EN DIFFICULTÉ D'ADAPTATION LANGELIER,11045184,Santé Québec Centre-Sud-de-l'Île-de-Montréal – Universitaire,06,Montréal,"5324, boulevard Langelier",Montréal,0653,RLS de Hochelaga - Mercier-Ouest - Rosemont,3,-73.58779907226562,45.555198669433594,Non,Non,Non,Non,2026-07-02
52609203,CENTRE D'HÉBERGEMENT HENRI-BRADET,11045176,Santé Québec Centre-Ouest-de-l'Île-de-Montréal – Universitaire,06,Montréal,"6465, avenue Chester",Montréal,0621,RLS de Côte-Saint-Luc - NDG - Montréal-Ouest,3,-73.64510345458984,45.47200012207031,Non,Oui,Non,Non,2026-07-02
52678091,CLSC WILLIAM C.-VAN HORNE,11045176,Santé Québec Centre-Ouest-de-l'Île-de-Montréal – Universitaire,06,Montréal,"1271, avenue Van Horne",Montréal,0622,RLS de Côte-des-Neiges - Métro - Parc-Extension,3,-73.61399841308594,45.52190017700195,Non,Non,Non,Oui,2026-07-02
52678281,CHSLD PAUL-LIZOTTE,11045192,Santé Québec Nord-de-l'Île-de-Montréal – Universitaire,06,Montréal,"6850, boulevard Gouin Est",Montréal,0642,RLS d'Ahuntsic - Montréal-Nord,3,-73.62049865722656,45.627498626708984,Non,Oui,Non,Non,2026-07-02
52697893,CENTRE D'HÉBERGEMENT PAUL-BRUCHÉSI,11045184,Santé Québec Centre-Sud-de-l'Île-de-Montréal – Universitaire,06,Montréal,"2225, rue Rachel Est",Montréal,0632,RLS des Faubourgs - Plateau-Mont-Royal - St-Louis-du-Parc,3,-73.56620025634766,45.53450012207031,Non,Oui,Non,Non,2026-07-02
52756772,CENTRE D'HÉBERGEMENT ARMAND-LAVERGNE,11045184,Santé Québec Centre-Sud-de-l'Île-de-Montréal – Universitaire,06,Montréal,"3500, rue Chapleau",Montréal,0632,RLS des Faubourgs - Plateau-Mont-Royal - St-Louis-du-Parc,3,-73.5634994506836,45.535701751708984,Non,Oui,Non,Non,2026-07-02
52792058,FOYER DE GROUPE POUR LES JEUNES EN DIFFICULTÉ D'ADAPTATION 1RE AVENUE,11045184,Santé Québec Centre-Sud-de-l'Île-de-Montréal – Universitaire,06,Montréal,"6936, 1e Avenue",Montréal,0653,RLS de Hochelaga - Mercier-Ouest - Rosemont,3,-73.59719848632812,45.55329895019531,Non,Non,Non,Non,2026-07-02
53324349,CENTRE D'HÉBERGEMENT ET DE SOINS DE LONGUE DURÉE DU MANOIR-DE-L'OUEST-DE-L'ÎLE,11044674,"Centre d'hébergement et de soins de longue durée du Manoir-de-l'Ouest-de-l'Île, S.E.C.",06,Montréal,"17725, boulevard de Pierrefonds",Montréal,0611,RLS de Pierrefonds - Lac Saint-Louis,2,-73.8855972290039,45.46289825439453,Non,Oui,Non,Non,2026-07-02
53417077,CENTRE D'ACTIVITÉS DE JOUR EN DÉFICIENCE INTELLECTUELLE ET EN TROUBLES DU SPECTRE DE L'AUTISME LÉGER,11045184,Santé Québec Centre-Sud-de-l'Île-de-Montréal – Universitaire,06,Montréal,"2445, rue Léger",Montréal,0612,RLS de Dorval - Lachine - Lasalle,3,-73.62480163574219,45.44430160522461,Non,Non,Non,Non,2026-07-02
53584785,APPARTEMENT SUPERVISÉ POUR LES JEUNES EN DIFFICULTÉ D’ADAPTATION ASPIRE,11045168,Santé Québec Ouest-de-l'Île-de-Montréal – Universitaire,06,Montréal,"2291, avenue Wilson",Montréal,0621,RLS de Côte-Saint-Luc - NDG - Montréal-Ouest,3,-73.61479949951172,45.46989822387695,Non,Non,Non,Non,2026-07-02
53876330,CLSC DE VILLE-ÉMARD-CÔTE-SAINT-PAUL,11045184,Santé Québec Centre-Sud-de-l'Île-de-Montréal – Universitaire,06,Montréal,"6161, rue Laurendeau",Montréal,0631,RLS de Verdun - Côte St-Paul - St-Henri - Pointe-St-Charles,3,-73.58910369873047,45.457298278808594,Non,Non,Non,Oui,2026-07-02
54102900,FOYER DE GROUPE POUR LES JEUNES EN DIFFICULTÉ D'ADAPTATION LOUIS-HÉMON,11045184,Santé Québec Centre-Sud-de-l'Île-de-Montréal – Universitaire,06,Montréal,"6964, rue Louis-Hémon",Montréal,0643,RLS de la Petite Patrie - Villeray,3,-73.60070037841797,45.55030059814453,Non,Non,Non,Non,2026-07-02
54103080,LES CENTRES DE LA JEUNESSE ET DE LA FAMILLE BATSHAW,11045168,Santé Québec Ouest-de-l'Île-de-Montréal – Universitaire,06,Montréal,"6, rue Weredale Park",Westmount,0622,RLS de Côte-des-Neiges - Métro - Parc-Extension,3,-73.5823974609375,45.48680114746094,Non,Non,Non,Non,2026-07-02
54201306,CLSC ET GROUPE DE MÉDECINE DE FAMILLE UNIVERSITAIRE BORDEAUX-CARTIERVILLE,11045192,Santé Québec Nord-de-l'Île-de-Montréal – Universitaire,06,Montréal,"11822, avenue du Bois-de-Boulogne",Montréal,0641,RLS du Nord de l'Île - Saint-Laurent,3,-73.68930053710938,45.54079818725586,Oui,Non,Non,Oui,2026-07-02
54255880,CHSLD NICOLET,11045200,Santé Québec Est-de-l'Île-de-Montréal – Universitaire,06,Montréal,"2300, rue Nicolet",Montréal,0653,RLS de Hochelaga - Mercier-Ouest - Rosemont,3,-73.54859924316406,45.54750061035156,Non,Oui,Non,Non,2026-07-02
54583208,CENTRE D'HÉBERGEMENT ET DE SOINS DE LONGUE DURÉE VIGI DE DOLLARD-DES-ORMEAUX,11044815,Vigi Santé Ltée,06,Montréal,"197, rue Thornhill",Dollard-des-Ormeaux,0611,RLS de Pierrefonds - Lac Saint-Louis,2,-73.81610107421875,45.480201721191406,Non,Oui,Non,Non,2026-07-02
54583232,CENTRE D'HÉBERGEMENT ET DE SOINS DE LONGUE DURÉE VIGI DE PIERREFONDS,11044815,Vigi Santé Ltée,06,Montréal,"14775, boulevard de Pierrefonds",Montréal,0611,RLS de Pierrefonds - Lac Saint-Louis,2,-73.85870361328125,45.48550033569336,Non,Oui,Non,Non,2026-07-02
54583364,CENTRE D'HÉBERGEMENT DES SEIGNEURS,11045184,Santé Québec Centre-Sud-de-l'Île-de-Montréal – Universitaire,06,Montréal,"1800, rue Saint-Jacques",Montréal,0631,RLS de Verdun - Côte St-Paul - St-Henri - Pointe-St-Charles,3,-73.57099914550781,45.489498138427734,Non,Oui,Non,Non,2026-07-02
54583372,CHSLD AUCLAIR,11045192,Santé Québec Nord-de-l'Île-de-Montréal – Universitaire,06,Montréal,"6910, rue Boyer",Montréal,0643,RLS de la Petite Patrie - Villeray,3,-73.60859680175781,45.539398193359375,Non,Oui,Non,Non,2026-07-02
54583679,CENTRE DE RÉADAPTATION EN DÉFICIENCE INTELLECTUELLE ET EN TROUBLES DU SPECTRE DE L'AUTISME NOTRE-DAME,11045184,Santé Québec Centre-Sud-de-l'Île-de-Montréal – Universitaire,06,Montréal,"8000, rue Notre-Dame Ouest",Montréal,0612,RLS de Dorval - Lachine - Lasalle,3,-73.6323013305664,45.44889831542969,Non,Non,Non,Non,2026-07-02
54583695,CENTRE DE PROTECTION DE L'ENFANCE ET DE LA JEUNESSE MAISONNEUVE EST,11045184,Santé Québec Centre-Sud-de-l'Île-de-Montréal – Universitaire,06,Montréal,"1001, boulevard de Maisonneuve Est, 1er",Montréal,0632,RLS des Faubourgs - Plateau-Mont-Royal - St-Louis-du-Parc,3,-73.5593032836914,45.51810073852539,Non,Non,Non,Non,2026-07-02
54583703,CENTRE DE RÉADAPTATION POUR LES JEUNES EN DIFFICULTÉ D'ADAPTATION DE LA CITÉ-DES-PRAIRIES,11045184,Santé Québec Centre-Sud-de-l'Île-de-Montréal – Universitaire,06,Montréal,"12165, boulevard Saint-Jean-Baptiste",Montréal,0652,RLS de Rivière-des-Prairies - Anjou - Montréal-Est,3,-73.54000091552734,45.662200927734375,Non,Non,Non,Non,2026-07-02
54583737,CENTRE DE RÉADAPTATION POUR LES JEUNES EN DIFFICULTÉ D'ADAPTATION ROSE-VIRGINIE-PELLETIER,11045184,Santé Québec Centre-Sud-de-l'Île-de-Montréal – Universitaire,06,Montréal,"9469, boulevard Gouin Ouest",Montréal,0611,RLS de Pierrefonds - Lac Saint-Louis,3,-73.77359771728516,45.507301330566406,Non,Non,Non,Non,2026-07-02
54674023,CHSLD JEANNE-LE BER,11045200,Santé Québec Est-de-l'Île-de-Montréal – Universitaire,06,Montréal,"7445, rue Hochelaga",Montréal,0653,RLS de Hochelaga - Mercier-Ouest - Rosemont,3,-73.52770233154297,45.589500427246094,Oui,Oui,Non,Non,2026-07-02
54711718,CENTRE DE RÉADAPTATION EN DÉFICIENCE INTELLECTUELLE ET EN TROUBLES DU SPECTRE DE L'AUTISME PIE-IX,11045184,Santé Québec Centre-Sud-de-l'Île-de-Montréal – Universitaire,06,Montréal,"8274, boulevard Pie-IX",Montréal,0651,RLS de Saint-Léonard - Saint-Michel,3,-73.60659790039062,45.57210159301758,Non,Non,Non,Non,2026-07-02
54830559,CENTRE D'ACTIVITÉS DE JOUR EN DÉFICIENCE INTELLECTUELLE ET EN TROUBLES DU SPECTRE DE L'AUTISME ONTARIO,11045184,Santé Québec Centre-Sud-de-l'Île-de-Montréal – Universitaire,06,Montréal,"4532, rue Ontario Est",Montréal,0653,RLS de Hochelaga - Mercier-Ouest - Rosemont,3,-73.53810119628906,45.55459976196289,Non,Non,Non,Non,2026-07-02
54878111,CLSC DE LASALLE,11045168,Santé Québec Ouest-de-l'Île-de-Montréal – Universitaire,06,Montréal,"8550, boulevard Newman",Montréal,0612,RLS de Dorval - Lachine - Lasalle,3,-73.63150024414062,45.43119812011719,Non,Non,Non,Oui,2026-07-02
54878145,CLSC DE SAINT-LAURENT,11045192,Santé Québec Nord-de-l'Île-de-Montréal – Universitaire,06,Montréal,"1055, avenue Sainte-Croix",Montréal,0641,RLS du Nord de l'Île - Saint-Laurent,3,-73.68090057373047,45.5172004699707,Non,Non,Non,Oui,2026-07-02
54878178,ATELIER DE TRAVAIL EN DÉFICIENCE INTELLECTUELLE ET EN TROUBLES DU SPECTRE DE L'AUTISME EDISON,11045184,Santé Québec Centre-Sud-de-l'Île-de-Montréal – Universitaire,06,Montréal,"9181, rue Édison",Montréal,0652,RLS de Rivière-des-Prairies - Anjou - Montréal-Est,3,-73.56999969482422,45.61309814453125,Non,Non,Non,Non,2026-07-02
54878186,CENTRE DE RÉADAPTATION EN DÉFICIENCE INTELLECTUELLE ET EN TROUBLES DU SPECTRE DE L'AUTISME CHAMP-D'EAU,11045184,Santé Québec Centre-Sud-de-l'Île-de-Montréal – Universitaire,06,Montréal,"9125, rue Pascal-Gagnon, bureaux 106 et",Montréal,0651,RLS de Saint-Léonard - Saint-Michel,3,-73.59739685058594,45.60689926147461,Non,Non,Non,Non,2026-07-02
54982822,CENTRE D'HÉBERGEMENT CHAMPLAIN - MARIE-VICTORIN,11044682,Groupe Champlain inc.,06,Montréal,"7150, rue Marie-Victorin",Montréal,0652,RLS de Rivière-des-Prairies - Anjou - Montréal-Est,2,-73.60369873046875,45.6161003112793,Non,Oui,Non,Non,2026-07-02
55022412,FOYER DE GROUPE POUR LES JEUNES EN DIFFICULTÉ D'ADAPTATION DE VERDUN,11045184,Santé Québec Centre-Sud-de-l'Île-de-Montréal – Universitaire,06,Montréal,"1230, rue Allard",Montréal,0631,RLS de Verdun - Côte St-Paul - St-Henri - Pointe-St-Charles,3,-73.5823974609375,45.446998596191406,Non,Non,Non,Non,2026-07-02
55095202,CHÂTEAU WESTMOUNT,21491527,Château Westmount inc.,06,Montréal,"4860, boulevard de Maisonneuve Ouest",Westmount,0622,RLS de Côte-des-Neiges - Métro - Parc-Extension,2,-73.6001968383789,45.47719955444336,Non,Oui,Non,Non,2026-07-02
55477988,CENTRE D'HÉBERGEMENT ET DE SOINS DE LONGUE DURÉE VIGI DE MONT-ROYAL,11044815,Vigi Santé Ltée,06,Montréal,"275, avenue Brittany",Mont-Royal,0622,RLS de Côte-des-Neiges - Métro - Parc-Extension,2,-73.6510009765625,45.525001525878906,Non,Oui,Non,Non,2026-07-02
55603351,CENTRE D'HÉBERGEMENT CAMILLE-LEFEBVRE,12599213,Santé Québec – Centre universitaire de santé McGill,06,Montréal,"637, 13e Avenue",Montréal,0612,RLS de Dorval - Lachine - Lasalle,4,-73.67659759521484,45.441200256347656,Oui,Oui,Non,Non,2026-07-02
55612196,CENTRE DE PROTECTION DE L'ENFANCE ET DE LA JEUNESSE SAINT-DENIS,11045184,Santé Québec Centre-Sud-de-l'Île-de-Montréal – Universitaire,06,Montréal,"8000, rue Saint-Denis",Montréal,0643,RLS de la Petite Patrie - Villeray,3,-73.62789916992188,45.541900634765625,Non,Non,Non,Non,2026-07-02
55612212,FOYER DE GROUPE POUR LES JEUNES EN DIFFICULTÉ D'ADAPTATION SAGAMO,11045184,Santé Québec Centre-Sud-de-l'Île-de-Montréal – Universitaire,06,Montréal,"6965, terrasse Sagamo",Montréal,0653,RLS de Hochelaga - Mercier-Ouest - Rosemont,3,-73.57630157470703,45.57849884033203,Non,Non,Non,Non,2026-07-02
55612220,FOYER DE GROUPE POUR LES JEUNES EN DIFFICULTÉ D'ADAPTATION J.-O. ROUSSIN,11045184,Santé Québec Centre-Sud-de-l'Île-de-Montréal – Universitaire,06,Montréal,"595, 3e Avenue",Montréal,0652,RLS de Rivière-des-Prairies - Anjou - Montréal-Est,3,-73.66690063476562,45.439998626708984,Non,Non,Non,Non,2026-07-02
55616940,CENTRE DE SERVICES AMBULATOIRES ET MAISON DE NAISSANCE LOUVAIN,11045192,Santé Québec Nord-de-l'Île-de-Montréal – Universitaire,06,Montréal,"9600, rue Saint-Denis",Montréal,0642,RLS d'Ahuntsic - Montréal-Nord,3,-73.65409851074219,45.548500061035156,Oui,Non,Non,Oui,2026-07-02
55616957,CHSLD LÉGARÉ,11045192,Santé Québec Nord-de-l'Île-de-Montréal – Universitaire,06,Montréal,"1615, avenue Émile-Journault",Montréal,0642,RLS d'Ahuntsic - Montréal-Nord,3,-73.63529968261719,45.55870056152344,Non,Oui,Non,Non,2026-07-02
55617054,CHSLD PIERRE-JOSEPH-TRIEST,11045200,Santé Québec Est-de-l'Île-de-Montréal – Universitaire,06,Montréal,"4900, boulevard Lapointe",Montréal,0652,RLS de Rivière-des-Prairies - Anjou - Montréal-Est,3,-73.53579711914062,45.60049819946289,Non,Oui,Non,Non,2026-07-02
