date,site,nom_site,cible,valeur,unite,fraction,drapeau_qualite
2021-04-02,MMN,Montréal Nord,covN1,3.130905656447495,gcML,solid,0
2021-04-02,MMN,Montréal Nord,covN2,3,gcML,solid,0
2021-04-02,MMN,Montréal Nord,nPPMoV,7522.691989432226,gcML,solid,0
2021-04-02,MMS,Montréal Sud,covN1,6.439981622768819,gcML,solid,0
2021-04-02,MMS,Montréal Sud,covN2,7.48443583764782,gcML,solid,0
2021-04-02,MMS,Montréal Sud,nPPMoV,7181.422141517871,gcML,solid,0
2021-04-05,MMN,Montréal Nord,covN1,6.784276083890659,gcML,solid,0
2021-04-05,MMN,Montréal Nord,covN2,9.017212404844857,gcML,solid,0
2021-04-05,MMN,Montréal Nord,nPPMoV,14644.83418217696,gcML,solid,0
2021-04-05,MMS,Montréal Sud,covN1,4.083939810169637,gcML,solid,0
2021-04-05,MMS,Montréal Sud,covN2,12.58936444489376,gcML,solid,0
2021-04-05,MMS,Montréal Sud,nPPMoV,9410.938013273466,gcML,solid,0
2021-04-08,MMN,Montréal Nord,covN1,8.813903443256555,gcML,solid,0
2021-04-08,MMN,Montréal Nord,covN2,12.11507556343047,gcML,solid,0
2021-04-08,MMN,Montréal Nord,nPPMoV,14016.2299232698,gcML,solid,0
2021-04-08,MMS,Montréal Sud,covN1,3.412848881347532,gcML,solid,0
2021-04-08,MMS,Montréal Sud,covN2,12.48438459606526,gcML,solid,0
2021-04-08,MMS,Montréal Sud,nPPMoV,12530.19902780861,gcML,solid,0
2021-04-11,MMN,Montréal Nord,covN1,10.06195961990481,gcML,solid,0
2021-04-11,MMN,Montréal Nord,covN2,13.06185010024605,gcML,solid,0
2021-04-11,MMN,Montréal Nord,nPPMoV,17157.37290092437,gcML,solid,0
2021-04-11,MMS,Montréal Sud,covN1,6.170291849145422,gcML,solid,0
2021-04-11,MMS,Montréal Sud,covN2,13.68183215453002,gcML,solid,0
2021-04-11,MMS,Montréal Sud,nPPMoV,13965.6332979209,gcML,solid,0
2021-04-15,MMN,Montréal Nord,covN1,23.51167699142278,gcML,solid,0
2021-04-15,MMN,Montréal Nord,covN2,34.27462962933359,gcML,solid,0
2021-04-15,MMN,Montréal Nord,nPPMoV,33039.00500892133,gcML,solid,0
2021-04-15,MMS,Montréal Sud,covN1,9.027612312088092,gcML,solid,0
2021-04-15,MMS,Montréal Sud,covN2,14.28720449735105,gcML,solid,0
2021-04-15,MMS,Montréal Sud,nPPMoV,33636.6567003868,gcML,solid,0
2021-04-18,MMN,Montréal Nord,covN1,10.25766794447902,gcML,solid,0
2021-04-18,MMN,Montréal Nord,covN2,11.83720928972157,gcML,solid,0
2021-04-18,MMN,Montréal Nord,nPPMoV,15008.10992734295,gcML,solid,0
2021-04-18,MMS,Montréal Sud,covN1,5.78319857146599,gcML,solid,0
2021-04-18,MMS,Montréal Sud,covN2,5.507426142873605,gcML,solid,0
2021-04-18,MMS,Montréal Sud,nPPMoV,9111.66542360283,gcML,solid,0
2021-04-22,MMN,Montréal Nord,covN1,5.684034111728405,gcML,solid,0
2021-04-22,MMN,Montréal Nord,covN2,16.78520628535603,gcML,solid,0
2021-04-22,MMN,Montréal Nord,nPPMoV,20983.74090072366,gcML,solid,0
2021-04-22,MMS,Montréal Sud,covN1,9.43809389376641,gcML,solid,0
2021-04-22,MMS,Montréal Sud,covN2,11.25391220582952,gcML,solid,0
2021-04-22,MMS,Montréal Sud,nPPMoV,18810.54681598847,gcML,solid,0
2021-04-25,MMN,Montréal Nord,covN1,16.97857901491658,gcML,solid,0
2021-04-25,MMN,Montréal Nord,covN2,24.4554505562708,gcML,solid,0
2021-04-25,MMN,Montréal Nord,nPPMoV,22312.48423615158,gcML,solid,0
2021-04-25,MMS,Montréal Sud,covN1,5.525388511305976,gcML,solid,0
2021-04-25,MMS,Montréal Sud,covN2,12.67164355100115,gcML,solid,0
2021-04-25,MMS,Montréal Sud,nPPMoV,46308.74981691732,gcML,solid,0
2021-04-29,MMN,Montréal Nord,covN1,22.11514813506584,gcML,solid,0
2021-04-29,MMN,Montréal Nord,covN2,14.17045313772534,gcML,solid,0
2021-04-29,MMN,Montréal Nord,nPPMoV,32288.94357150063,gcML,solid,0
2021-04-29,MMS,Montréal Sud,covN1,9.412686534371932,gcML,solid,0
2021-04-29,MMS,Montréal Sud,covN2,12.73646298051047,gcML,solid,0
2021-04-29,MMS,Montréal Sud,nPPMoV,24714.01508318701,gcML,solid,0
2021-05-02,MMN,Montréal Nord,covN1,6.276701768479295,gcML,solid,0
2021-05-02,MMN,Montréal Nord,covN2,10.2887986310913,gcML,solid,0
2021-05-02,MMN,Montréal Nord,nPPMoV,14380.02923583481,gcML,solid,0
2021-05-02,MMS,Montréal Sud,covN1,4.595321909540182,gcML,solid,0
2021-05-02,MMS,Montréal Sud,covN2,6.017948238473466,gcML,solid,0
2021-05-02,MMS,Montréal Sud,nPPMoV,8959.796708109527,gcML,solid,0
2021-05-06,MMN,Montréal Nord,covN1,12.18765941921404,gcML,solid,0
2021-05-06,MMN,Montréal Nord,covN2,19.59794081860587,gcML,solid,0
2021-05-06,MMN,Montréal Nord,nPPMoV,235.8376468249698,gcML,solid,0
2021-05-06,MMS,Montréal Sud,covN1,5.746481255895205,gcML,solid,0
2021-05-06,MMS,Montréal Sud,covN2,4.265538769108277,gcML,solid,0
2021-05-06,MMS,Montréal Sud,nPPMoV,178.066182663632,gcML,solid,0
2021-05-09,MMN,Montréal Nord,covN1,4.20784294214971,gcML,solid,0
2021-05-09,MMN,Montréal Nord,covN2,7.253152359496831,gcML,solid,0
2021-05-09,MMN,Montréal Nord,nPPMoV,157.3972827616638,gcML,solid,0
2021-05-09,MMS,Montréal Sud,covN1,3,gcML,solid,0
2021-05-09,MMS,Montréal Sud,covN2,12.20240694395718,gcML,solid,0
2021-05-09,MMS,Montréal Sud,nPPMoV,150.3316795933314,gcML,solid,0
2021-05-13,MMN,Montréal Nord,covN1,16.96147996498396,gcML,solid,0
2021-05-13,MMN,Montréal Nord,covN2,23.27313854396672,gcML,solid,0
2021-05-13,MMN,Montréal Nord,nPPMoV,237.53487196459471,gcML,solid,0
2021-05-13,MMS,Montréal Sud,covN1,6.702665698206865,gcML,solid,0
2021-05-13,MMS,Montréal Sud,covN2,7.979760878655982,gcML,solid,0
2021-05-13,MMS,Montréal Sud,nPPMoV,232.9145691980448,gcML,solid,0
2021-05-16,MMN,Montréal Nord,covN1,14.4936616051725,gcML,solid,0
2021-05-16,MMN,Montréal Nord,covN2,15.30399804870654,gcML,solid,0
2021-05-16,MMN,Montréal Nord,nPPMoV,229.8484482442709,gcML,solid,0
2021-05-16,MMS,Montréal Sud,covN1,7.916738966490253,gcML,solid,0
2021-05-16,MMS,Montréal Sud,covN2,13.36845784896559,gcML,solid,0
2021-05-16,MMS,Montréal Sud,nPPMoV,203.8943446124432,gcML,solid,0
2021-05-20,MMN,Montréal Nord,covN1,12.24624821147679,gcML,solid,0
2021-05-20,MMN,Montréal Nord,covN2,29.1295269964962,gcML,solid,0
2021-05-20,MMN,Montréal Nord,nPPMoV,191.4439155429532,gcML,solid,0
2021-05-20,MMS,Montréal Sud,covN1,4.740568352154773,gcML,solid,0
2021-05-20,MMS,Montréal Sud,covN2,6.904878551682913,gcML,solid,0
2021-05-20,MMS,Montréal Sud,nPPMoV,387.9973951649617,gcML,solid,0
2021-05-23,MMN,Montréal Nord,covN1,14.43442129641823,gcML,solid,0
2021-05-23,MMN,Montréal Nord,covN2,20.7029579510457,gcML,solid,0
2021-05-23,MMN,Montréal Nord,nPPMoV,220.5682062192313,gcML,solid,0
2021-05-23,MMS,Montréal Sud,covN1,4.160871237472721,gcML,solid,0
2021-05-23,MMS,Montréal Sud,covN2,11.66094213220753,gcML,solid,0
2021-05-23,MMS,Montréal Sud,nPPMoV,148.7327334441624,gcML,solid,0
2021-05-27,MMN,Montréal Nord,covN1,16.63854534567512,gcML,solid,0
2021-05-27,MMN,Montréal Nord,covN2,25.6102615132849,gcML,solid,0
2021-05-27,MMN,Montréal Nord,nPPMoV,42712.37276899233,gcML,solid,0
2021-05-27,MMS,Montréal Sud,covN1,5.813369023732985,gcML,solid,0
2021-05-27,MMS,Montréal Sud,covN2,7.881002399971752,gcML,solid,0
2021-05-27,MMS,Montréal Sud,nPPMoV,13041.18588612081,gcML,solid,0
2021-05-30,MMN,Montréal Nord,covN1,12.00879761681724,gcML,solid,0
2021-05-30,MMN,Montréal Nord,covN2,15.91916947428718,gcML,solid,0
2021-05-30,MMN,Montréal Nord,nPPMoV,23916.30859907962,gcML,solid,0
2021-05-30,MMS,Montréal Sud,covN1,6.02020078647797,gcML,solid,0
2021-05-30,MMS,Montréal Sud,covN2,14.40067389233715,gcML,solid,0
2021-05-30,MMS,Montréal Sud,nPPMoV,21535.76424734747,gcML,solid,0
2021-06-03,MMN,Montréal Nord,covN1,3,gcML,solid,0
2021-06-03,MMN,Montréal Nord,covN2,5.002815028550611,gcML,solid,0
2021-06-03,MMN,Montréal Nord,nPPMoV,4617.364860503238,gcML,solid,0
2021-06-03,MMS,Montréal Sud,covN1,3.12393182615029,gcML,solid,0
2021-06-03,MMS,Montréal Sud,covN2,8.002537313762213,gcML,solid,0
2021-06-03,MMS,Montréal Sud,nPPMoV,20096.51139609092,gcML,solid,0
2021-06-06,MMN,Montréal Nord,covN1,3.985136699993972,gcML,solid,0
2021-06-06,MMN,Montréal Nord,covN2,5.870612926082346,gcML,solid,0
2021-06-06,MMN,Montréal Nord,nPPMoV,14424.00199729583,gcML,solid,0
2021-06-06,MMS,Montréal Sud,covN1,3.520654824624879,gcML,solid,0
2021-06-06,MMS,Montréal Sud,covN2,3.540809619869461,gcML,solid,0
2021-06-06,MMS,Montréal Sud,nPPMoV,14618.17397191155,gcML,solid,0
2021-06-10,MMN,Montréal Nord,covN1,3.071209456803244,gcML,solid,0
2021-06-10,MMN,Montréal Nord,covN2,10.50153036525283,gcML,solid,0
2021-06-10,MMN,Montréal Nord,nPPMoV,27783.83632724734,gcML,solid,0
2021-06-10,MMS,Montréal Sud,covN1,3.154195676000233,gcML,solid,0
2021-06-10,MMS,Montréal Sud,covN2,8.982773303371479,gcML,solid,0
2021-06-10,MMS,Montréal Sud,nPPMoV,19405.92771486886,gcML,solid,0
2021-06-13,MMN,Montréal Nord,covN1,7.33807992274592,gcML,solid,0
2021-06-13,MMN,Montréal Nord,covN2,14.69104998688188,gcML,solid,0
2021-06-13,MMN,Montréal Nord,nPPMoV,23635.42752944652,gcML,solid,0
2021-06-13,MMS,Montréal Sud,covN1,3.88814099466502,gcML,solid,0
2021-06-13,MMS,Montréal Sud,covN2,3.989750686646841,gcML,solid,0
2021-06-13,MMS,Montréal Sud,nPPMoV,17613.98272439314,gcML,solid,0
2021-06-17,MMS,Montréal Sud,covN1,3,gcML,solid,0
2021-06-17,MMS,Montréal Sud,covN2,3,gcML,solid,0
2021-06-17,MMS,Montréal Sud,nPPMoV,17588.67933527256,gcML,solid,0
2021-06-20,MMN,Montréal Nord,covN1,2.952507315862344,gcML,solid,0
2021-06-20,MMN,Montréal Nord,covN2,7.281266425554505,gcML,solid,0
2021-06-20,MMN,Montréal Nord,nPPMoV,97698.29358808079,gcML,solid,0
2021-06-20,MMS,Montréal Sud,covN1,1,gcML,solid,0
2021-06-20,MMS,Montréal Sud,covN2,3.747161136562548,gcML,solid,0
2021-06-20,MMS,Montréal Sud,nPPMoV,55853.63316202899,gcML,solid,0
2021-06-21,MMN,Montréal Nord,covN1,3.628715251169936,gcML,solid,0
2021-06-21,MMN,Montréal Nord,covN2,3,gcML,solid,0
2021-06-21,MMN,Montréal Nord,nPPMoV,27661.56745714956,gcML,solid,0
2021-06-24,MMN,Montréal Nord,covN1,3,gcML,solid,0
2021-06-24,MMN,Montréal Nord,covN2,3,gcML,solid,0
2021-06-24,MMN,Montréal Nord,nPPMoV,28274.02936515241,gcML,solid,0
2021-06-24,MMS,Montréal Sud,covN1,3,gcML,solid,0
2021-06-24,MMS,Montréal Sud,covN2,3,gcML,solid,0
2021-06-24,MMS,Montréal Sud,nPPMoV,16045.532205378,gcML,solid,0
2021-06-27,MMN,Montréal Nord,covN1,2.89217237234111,gcML,solid,0
2021-06-27,MMN,Montréal Nord,covN2,6.9791210342477346,gcML,solid,0
2021-06-27,MMN,Montréal Nord,nPPMoV,17777.83398195913,gcML,solid,0
2021-06-27,MMS,Montréal Sud,covN1,3,gcML,solid,0
2021-06-27,MMS,Montréal Sud,covN2,3,gcML,solid,0
2021-06-27,MMS,Montréal Sud,nPPMoV,15790.88644887876,gcML,solid,0
2021-07-01,MMN,Montréal Nord,covN1,3,gcML,solid,0
2021-07-01,MMN,Montréal Nord,covN2,3,gcML,solid,0
2021-07-01,MMN,Montréal Nord,nPPMoV,104688.3535493751,gcML,solid,0
2021-07-01,MMS,Montréal Sud,covN1,3.307280021244677,gcML,solid,0
2021-07-01,MMS,Montréal Sud,covN2,1,gcML,solid,0
2021-07-01,MMS,Montréal Sud,nPPMoV,34323.19450884967,gcML,solid,0
2021-07-04,MMN,Montréal Nord,covN1,3,gcML,solid,0
2021-07-04,MMN,Montréal Nord,covN2,3,gcML,solid,0
2021-07-04,MMN,Montréal Nord,nPPMoV,74236.41714773141,gcML,solid,0
2021-07-04,MMS,Montréal Sud,covN1,3,gcML,solid,0
2021-07-04,MMS,Montréal Sud,covN2,3,gcML,solid,0
2021-07-04,MMS,Montréal Sud,nPPMoV,385636.3268359348,gcML,solid,0
2021-07-08,MMN,Montréal Nord,covN1,4.313618348060683,gcML,solid,0
2021-07-08,MMN,Montréal Nord,covN2,3,gcML,solid,0
2021-07-08,MMN,Montréal Nord,nPPMoV,75935.89587698839,gcML,solid,0
2021-07-08,MMS,Montréal Sud,covN1,1,gcML,solid,0
2021-07-08,MMS,Montréal Sud,covN2,3,gcML,solid,0
2021-07-08,MMS,Montréal Sud,nPPMoV,70277.8160338155,gcML,solid,0
2021-07-11,MMN,Montréal Nord,covN1,3,gcML,solid,0
2021-07-11,MMN,Montréal Nord,covN2,1,gcML,solid,0
2021-07-11,MMN,Montréal Nord,nPPMoV,57834.47982432989,gcML,solid,0
2021-07-11,MMS,Montréal Sud,covN1,1,gcML,solid,0
2021-07-11,MMS,Montréal Sud,covN2,1,gcML,solid,0
2021-07-11,MMS,Montréal Sud,nPPMoV,85076.569180876,gcML,solid,0
2021-07-15,MMN,Montréal Nord,covN1,3,gcML,solid,0
2021-07-15,MMN,Montréal Nord,covN2,3,gcML,solid,0
2021-07-15,MMN,Montréal Nord,nPPMoV,39149.86601172158,gcML,solid,0
2021-07-15,MMS,Montréal Sud,covN1,1,gcML,solid,0
2021-07-15,MMS,Montréal Sud,covN2,4.975528747893342,gcML,solid,0
2021-07-15,MMS,Montréal Sud,nPPMoV,46406.74094437798,gcML,solid,0
2021-07-18,MMN,Montréal Nord,covN1,3,gcML,solid,0
2021-07-18,MMN,Montréal Nord,covN2,3,gcML,solid,0
2021-07-18,MMN,Montréal Nord,nPPMoV,48681.24576286976,gcML,solid,0
2021-07-18,MMS,Montréal Sud,covN1,3,gcML,solid,0
2021-07-18,MMS,Montréal Sud,covN2,3,gcML,solid,0
2021-07-18,MMS,Montréal Sud,nPPMoV,36965.63292753871,gcML,solid,0
2021-07-22,MMN,Montréal Nord,covN1,3,gcML,solid,0
2021-07-22,MMN,Montréal Nord,covN2,3,gcML,solid,0
2021-07-22,MMN,Montréal Nord,nPPMoV,16827.41982648672,gcML,solid,0
2021-07-22,MMS,Montréal Sud,covN1,3,gcML,solid,0
2021-07-22,MMS,Montréal Sud,covN2,3,gcML,solid,0
2021-07-22,MMS,Montréal Sud,nPPMoV,9375.915782564818,gcML,solid,0
2021-07-25,MMN,Montréal Nord,covN1,3,gcML,solid,0
2021-07-25,MMN,Montréal Nord,covN2,4.007547571868598,gcML,solid,0
2021-07-25,MMN,Montréal Nord,nPPMoV,16179.30282664796,gcML,solid,0
2021-07-25,MMS,Montréal Sud,covN1,4.637385863761974,gcML,solid,0
2021-07-25,MMS,Montréal Sud,covN2,4.38864356479036,gcML,solid,0
2021-07-25,MMS,Montréal Sud,nPPMoV,22032.31787632254,gcML,solid,0
2021-07-29,MMN,Montréal Nord,covN1,3.376159978351652,gcML,solid,0
2021-07-29,MMN,Montréal Nord,covN2,4.582867728441476,gcML,solid,0
2021-07-29,MMN,Montréal Nord,nPPMoV,33065.41987403746,gcML,solid,0
2021-07-29,MMS,Montréal Sud,covN1,3,gcML,solid,0
2021-07-29,MMS,Montréal Sud,covN2,3,gcML,solid,0
2021-07-29,MMS,Montréal Sud,nPPMoV,26320.29928880017,gcML,solid,0
2021-08-01,MMN,Montréal Nord,covN1,3.812964643974195,gcML,solid,0
2021-08-01,MMN,Montréal Nord,covN2,3.433752041049714,gcML,solid,0
2021-08-01,MMN,Montréal Nord,nPPMoV,27301.56160038832,gcML,solid,0
2021-08-01,MMS,Montréal Sud,covN1,3,gcML,solid,0
2021-08-01,MMS,Montréal Sud,covN2,3,gcML,solid,0
2021-08-01,MMS,Montréal Sud,nPPMoV,16724.88175510004,gcML,solid,0
2021-08-05,MMN,Montréal Nord,covN1,4.538071249109602,gcML,solid,0
2021-08-05,MMN,Montréal Nord,covN2,8.472271325777772,gcML,solid,0
2021-08-05,MMN,Montréal Nord,nPPMoV,75504.90628225915,gcML,solid,0
2021-08-05,MMS,Montréal Sud,covN1,3,gcML,solid,0
2021-08-05,MMS,Montréal Sud,covN2,8.099474564540463,gcML,solid,0
2021-08-05,MMS,Montréal Sud,nPPMoV,82812.72193118019,gcML,solid,0
2021-08-08,MMN,Montréal Nord,covN1,7.023257318503736,gcML,solid,0
2021-08-08,MMN,Montréal Nord,covN2,12.09669156692992,gcML,solid,0
2021-08-08,MMN,Montréal Nord,nPPMoV,77826.16230217894,gcML,solid,0
2021-08-08,MMS,Montréal Sud,covN1,3.341538157078234,gcML,solid,0
2021-08-08,MMS,Montréal Sud,covN2,3,gcML,solid,0
2021-08-08,MMS,Montréal Sud,nPPMoV,59316.97760443851,gcML,solid,0
2021-08-12,MMN,Montréal Nord,covN1,7.879363391195313,gcML,solid,0
2021-08-12,MMN,Montréal Nord,covN2,17.96206656152647,gcML,solid,0
2021-08-12,MMN,Montréal Nord,nPPMoV,67270.76591660439,gcML,solid,0
2021-08-12,MMS,Montréal Sud,covN1,11.03506287566486,gcML,solid,0
2021-08-12,MMS,Montréal Sud,covN2,8.497821792367686,gcML,solid,0
2021-08-12,MMS,Montréal Sud,nPPMoV,66747.04139777708,gcML,solid,0
2021-08-15,MMN,Montréal Nord,covN1,9.919893852439623,gcML,solid,0
2021-08-15,MMN,Montréal Nord,covN2,17.53658238691302,gcML,solid,0
2021-08-15,MMN,Montréal Nord,nPPMoV,53259.94376260735,gcML,solid,0
2021-08-15,MMS,Montréal Sud,covN1,4.234879637813083,gcML,solid,0
2021-08-15,MMS,Montréal Sud,covN2,7.729321217630119,gcML,solid,0
2021-08-15,MMS,Montréal Sud,nPPMoV,33559.71807709344,gcML,solid,0
2021-08-19,MMN,Montréal Nord,covN1,25.79638162102145,gcML,solid,0
2021-08-19,MMN,Montréal Nord,covN2,25.16205937113543,gcML,solid,0
2021-08-19,MMN,Montréal Nord,nPPMoV,116262.9577009383,gcML,solid,0
2021-08-19,MMS,Montréal Sud,covN1,3,gcML,solid,0
2021-08-19,MMS,Montréal Sud,covN2,10.09000320196034,gcML,solid,0
2021-08-19,MMS,Montréal Sud,nPPMoV,33156.64017570832,gcML,solid,0
2021-08-22,MMN,Montréal Nord,covN1,7.386628341754108,gcML,solid,0
2021-08-22,MMN,Montréal Nord,covN2,13.5582832495587,gcML,solid,0
2021-08-22,MMN,Montréal Nord,nPPMoV,57068.33435331115,gcML,solid,0
2021-08-22,MMS,Montréal Sud,covN1,5.084468944724094,gcML,solid,0
2021-08-22,MMS,Montréal Sud,covN2,4.539587006514515,gcML,solid,0
2021-08-22,MMS,Montréal Sud,nPPMoV,33633.68840831287,gcML,solid,0
2021-08-26,MMN,Montréal Nord,covN1,8.80848912967234,gcML,solid,0
2021-08-26,MMN,Montréal Nord,covN2,15.43048769382905,gcML,solid,0
2021-08-26,MMN,Montréal Nord,nPPMoV,38718.92004863253,gcML,solid,0
2021-08-26,MMS,Montréal Sud,covN1,3,gcML,solid,0
2021-08-26,MMS,Montréal Sud,covN2,7.901171459031135,gcML,solid,0
2021-08-26,MMS,Montréal Sud,nPPMoV,20099.0367754259,gcML,solid,0
2021-08-29,MMN,Montréal Nord,covN1,9.495697788764645,gcML,solid,0
2021-08-29,MMN,Montréal Nord,covN2,20.78722999394226,gcML,solid,0
2021-08-29,MMN,Montréal Nord,nPPMoV,29811.06074451443,gcML,solid,0
2021-08-29,MMS,Montréal Sud,covN1,7.503210289108787,gcML,solid,0
2021-08-29,MMS,Montréal Sud,covN2,16.519836938860202,gcML,solid,0
2021-08-29,MMS,Montréal Sud,nPPMoV,22201.37388148232,gcML,solid,0
2021-09-02,MMN,Montréal Nord,covN1,14.95624539439456,gcML,solid,0
2021-09-02,MMN,Montréal Nord,covN2,19.06218246910168,gcML,solid,0
2021-09-02,MMN,Montréal Nord,nPPMoV,35938.10747723369,gcML,solid,0
2021-09-02,MMS,Montréal Sud,covN1,5.471566932143574,gcML,solid,0
2021-09-02,MMS,Montréal Sud,covN2,7.770913459408508,gcML,solid,0
2021-09-02,MMS,Montréal Sud,nPPMoV,17816.06232655605,gcML,solid,0
2021-09-05,MMN,Montréal Nord,covN1,7.416725548014449,gcML,solid,0
2021-09-05,MMN,Montréal Nord,covN2,23.98832042516574,gcML,solid,0
2021-09-05,MMN,Montréal Nord,nPPMoV,46688.73686152218,gcML,solid,0
2021-09-05,MMS,Montréal Sud,covN1,4.888665426138642,gcML,solid,0
2021-09-05,MMS,Montréal Sud,covN2,6.520210441078207,gcML,solid,0
2021-09-05,MMS,Montréal Sud,nPPMoV,26394.18606333941,gcML,solid,0
2021-09-09,MMN,Montréal Nord,covN1,32.23235131102693,gcML,solid,0
2021-09-09,MMN,Montréal Nord,covN2,28.17777792595473,gcML,solid,0
2021-09-09,MMN,Montréal Nord,nPPMoV,81095.31718960995,gcML,solid,0
2021-09-09,MMS,Montréal Sud,covN1,8.07348865737384,gcML,solid,0
2021-09-09,MMS,Montréal Sud,covN2,15.018218660544,gcML,solid,0
2021-09-09,MMS,Montréal Sud,nPPMoV,198297.122021409,gcML,solid,0
2021-09-12,MMN,Montréal Nord,covN1,18.12504929403504,gcML,solid,0
2021-09-12,MMN,Montréal Nord,covN2,42.16149240276887,gcML,solid,0
2021-09-12,MMN,Montréal Nord,nPPMoV,97980.08675945523,gcML,solid,0
2021-09-12,MMS,Montréal Sud,covN1,7.161060982643104,gcML,solid,0
2021-09-12,MMS,Montréal Sud,covN2,14.72852457790538,gcML,solid,0
2021-09-12,MMS,Montréal Sud,nPPMoV,69215.3402232002,gcML,solid,0
2021-09-16,MMN,Montréal Nord,covN1,13.07810937496217,gcML,solid,0
2021-09-16,MMN,Montréal Nord,covN2,25.14108730509453,gcML,solid,0
2021-09-16,MMN,Montréal Nord,nPPMoV,66744.08483857482,gcML,solid,0
2021-09-16,MMS,Montréal Sud,covN1,9.811723710583998,gcML,solid,0
2021-09-16,MMS,Montréal Sud,covN2,19.16012158159102,gcML,solid,0
2021-09-16,MMS,Montréal Sud,nPPMoV,70109.76660865327,gcML,solid,0
2021-09-19,MMN,Montréal Nord,covN1,11.58831443464757,gcML,solid,0
2021-09-19,MMN,Montréal Nord,covN2,20.82283448956458,gcML,solid,0
2021-09-19,MMN,Montréal Nord,nPPMoV,105047.5440355253,gcML,solid,0
2021-09-19,MMS,Montréal Sud,covN1,7.161883398423699,gcML,solid,0
2021-09-19,MMS,Montréal Sud,covN2,10.83401571747774,gcML,solid,0
2021-09-19,MMS,Montréal Sud,nPPMoV,66028.13432672017,gcML,solid,0
2021-09-23,MMN,Montréal Nord,covN1,5.124624036085104,gcML,solid,0
2021-09-23,MMN,Montréal Nord,covN2,10.17242483111516,gcML,solid,0
2021-09-23,MMN,Montréal Nord,nPPMoV,52467.06240859632,gcML,solid,0
2021-09-23,MMS,Montréal Sud,covN1,7.541166405674415,gcML,solid,0
2021-09-23,MMS,Montréal Sud,covN2,13.09959936951351,gcML,solid,0
2021-09-23,MMS,Montréal Sud,nPPMoV,78226.82254811193,gcML,solid,0
2021-09-26,MMN,Montréal Nord,covN1,9.936359764322678,gcML,solid,0
2021-09-26,MMN,Montréal Nord,covN2,20.43177420409884,gcML,solid,0
2021-09-26,MMN,Montréal Nord,nPPMoV,167612.2279192678,gcML,solid,0
2021-09-26,MMS,Montréal Sud,covN1,3,gcML,solid,0
2021-09-26,MMS,Montréal Sud,covN2,5.21434545393793,gcML,solid,0
2021-09-26,MMS,Montréal Sud,nPPMoV,49604.13902546166,gcML,solid,0
2021-09-30,MMN,Montréal Nord,covN1,7.225205410245809,gcML,solid,0
2021-09-30,MMN,Montréal Nord,covN2,8.905563696913692,gcML,solid,0
2021-09-30,MMN,Montréal Nord,nPPMoV,99669.4395339259,gcML,solid,0
2021-09-30,MMS,Montréal Sud,covN1,4.94617950758089,gcML,solid,0
2021-09-30,MMS,Montréal Sud,covN2,8.64784624468214,gcML,solid,0
2021-09-30,MMS,Montréal Sud,nPPMoV,100109.0887120985,gcML,solid,0
2021-10-03,MMN,Montréal Nord,covN1,12.92148670376074,gcML,solid,0
2021-10-03,MMN,Montréal Nord,covN2,24.35662959776656,gcML,solid,0
2021-10-03,MMN,Montréal Nord,nPPMoV,78017.71911461803,gcML,solid,0
2021-10-03,MMS,Montréal Sud,covN1,4.58580895004822,gcML,solid,0
2021-10-03,MMS,Montréal Sud,covN2,11.17101675038459,gcML,solid,0
2021-10-03,MMS,Montréal Sud,nPPMoV,49369.22702117546,gcML,solid,0
2021-10-07,MMN,Montréal Nord,covN1,12.59000793525982,gcML,solid,0
2021-10-07,MMN,Montréal Nord,covN2,18.20566413197057,gcML,solid,0
2021-10-07,MMN,Montréal Nord,nPPMoV,110949.4375662522,gcML,solid,0
2021-10-07,MMS,Montréal Sud,covN1,4.748881125320146,gcML,solid,0
2021-10-07,MMS,Montréal Sud,covN2,12.94986863004199,gcML,solid,0
2021-10-07,MMS,Montréal Sud,nPPMoV,60521.93395179963,gcML,solid,0
2021-10-10,MMN,Montréal Nord,covN1,8.052617420423001,gcML,solid,0
2021-10-10,MMN,Montréal Nord,covN2,20.90908994062715,gcML,solid,0
2021-10-10,MMN,Montréal Nord,nPPMoV,156592.6976584948,gcML,solid,0
2021-10-10,MMS,Montréal Sud,covN1,4.233457987156391,gcML,solid,0
2021-10-10,MMS,Montréal Sud,covN2,8.59499878015833,gcML,solid,0
2021-10-10,MMS,Montréal Sud,nPPMoV,42515.50557572138,gcML,solid,0
2021-10-14,MMN,Montréal Nord,covN1,13.54108583115675,gcML,solid,0
2021-10-14,MMN,Montréal Nord,covN2,17.58462762370221,gcML,solid,0
2021-10-14,MMN,Montréal Nord,nPPMoV,141484.7898995512,gcML,solid,0
2021-10-14,MMS,Montréal Sud,covN1,6.415264325988606,gcML,solid,0
2021-10-14,MMS,Montréal Sud,covN2,9.041394732853238,gcML,solid,0
2021-10-14,MMS,Montréal Sud,nPPMoV,78071.41569121907,gcML,solid,0
2021-10-17,MMN,Montréal Nord,covN1,9.553805109957983,gcML,solid,0
2021-10-17,MMN,Montréal Nord,covN2,32.82881409427195,gcML,solid,0
2021-10-17,MMN,Montréal Nord,nPPMoV,72468.5780798976,gcML,solid,0
2021-10-17,MMS,Montréal Sud,covN1,13.0403662530222,gcML,solid,0
2021-10-17,MMS,Montréal Sud,covN2,27.93193674713285,gcML,solid,0
2021-10-17,MMS,Montréal Sud,nPPMoV,94353.18626173332,gcML,solid,0
2021-10-21,MMN,Montréal Nord,covN1,8.961959666434556,gcML,solid,0
2021-10-21,MMN,Montréal Nord,covN2,12.64887841647346,gcML,solid,0
2021-10-21,MMN,Montréal Nord,nPPMoV,67092.2978986993,gcML,solid,0
2021-10-21,MMS,Montréal Sud,covN1,6.024944313901788,gcML,solid,0
2021-10-21,MMS,Montréal Sud,covN2,13.47670854094428,gcML,solid,0
2021-10-21,MMS,Montréal Sud,nPPMoV,35346.01006720231,gcML,solid,0
2021-10-24,MMN,Montréal Nord,covN1,4.76404292398596,gcML,solid,0
2021-10-24,MMN,Montréal Nord,covN2,15.90547109813135,gcML,solid,0
2021-10-24,MMN,Montréal Nord,nPPMoV,56460.82820037865,gcML,solid,0
2021-10-24,MMS,Montréal Sud,covN1,3.292083051846431,gcML,solid,0
2021-10-24,MMS,Montréal Sud,covN2,73.30274252019827,gcML,solid,0
2021-10-24,MMS,Montréal Sud,nPPMoV,34316.9928052747,gcML,solid,0
2021-10-28,MMN,Montréal Nord,covN1,5.389118487949565,gcML,solid,0
2021-10-28,MMN,Montréal Nord,covN2,8.190297322680767,gcML,solid,0
2021-10-28,MMN,Montréal Nord,nPPMoV,58780.15087807289,gcML,solid,0
2021-10-28,MMS,Montréal Sud,covN1,7.397705775386169,gcML,solid,0
2021-10-28,MMS,Montréal Sud,covN2,7.715606015059723,gcML,solid,0
2021-10-28,MMS,Montréal Sud,nPPMoV,28039.20699627877,gcML,solid,0
2021-10-31,MMN,Montréal Nord,covN1,4.915857282936731,gcML,solid,0
2021-10-31,MMN,Montréal Nord,covN2,9.99110160217706,gcML,solid,0
2021-10-31,MMN,Montréal Nord,nPPMoV,39856.27303067179,gcML,solid,0
2021-10-31,MMS,Montréal Sud,covN1,6.074416999761176,gcML,solid,0
2021-10-31,MMS,Montréal Sud,covN2,10.5731449959859,gcML,solid,0
2021-10-31,MMS,Montréal Sud,nPPMoV,46205.16475544227,gcML,solid,0
2021-11-04,MMN,Montréal Nord,covN1,4.5028240266873,gcML,solid,0
2021-11-04,MMN,Montréal Nord,covN2,10.40364236709941,gcML,solid,0
2021-11-04,MMN,Montréal Nord,nPPMoV,105630.3261744196,gcML,solid,0
2021-11-04,MMS,Montréal Sud,covN1,6.472663091176973,gcML,solid,0
2021-11-04,MMS,Montréal Sud,covN2,11.50754286084854,gcML,solid,0
2021-11-04,MMS,Montréal Sud,nPPMoV,65339.26397556599,gcML,solid,0
2021-11-07,MMN,Montréal Nord,covN1,7.876155729174901,gcML,solid,0
2021-11-07,MMN,Montréal Nord,covN2,14.90736773901954,gcML,solid,0
2021-11-07,MMN,Montréal Nord,nPPMoV,130937.9574470833,gcML,solid,0
2021-11-07,MMS,Montréal Sud,covN1,4.868318178985996,gcML,solid,0
2021-11-07,MMS,Montréal Sud,covN2,9.062191295554985,gcML,solid,0
2021-11-07,MMS,Montréal Sud,nPPMoV,80991.77287575281,gcML,solid,0
2021-11-11,MMN,Montréal Nord,covN1,3.615380739157307,gcML,solid,0
2021-11-11,MMN,Montréal Nord,covN2,8.533358483551494,gcML,solid,0
2021-11-11,MMN,Montréal Nord,nPPMoV,109884.4276592912,gcML,solid,0
2021-11-11,MMS,Montréal Sud,covN1,4.196720915536665,gcML,solid,0
2021-11-11,MMS,Montréal Sud,covN2,13.08531342903369,gcML,solid,0
2021-11-11,MMS,Montréal Sud,nPPMoV,91132.95069804418,gcML,solid,0
2021-11-14,MMN,Montréal Nord,covN1,3.956908364881679,gcML,solid,0
2021-11-14,MMN,Montréal Nord,covN2,14.30701587545652,gcML,solid,0
2021-11-14,MMN,Montréal Nord,nPPMoV,104140.4368538331,gcML,solid,0
2021-11-14,MMS,Montréal Sud,covN1,8.06261691381546,gcML,solid,0
2021-11-14,MMS,Montréal Sud,covN2,7.466865631073612,gcML,solid,0
2021-11-14,MMS,Montréal Sud,nPPMoV,68875.84514433902,gcML,solid,0
2021-11-18,MMN,Montréal Nord,covN1,7.531981358771827,gcML,solid,0
2021-11-18,MMN,Montréal Nord,covN2,8.391143464433217,gcML,solid,0
2021-11-18,MMN,Montréal Nord,nPPMoV,38330.99828742479,gcML,solid,0
2021-11-18,MMS,Montréal Sud,covN1,5.911335613544064,gcML,solid,0
2021-11-18,MMS,Montréal Sud,covN2,12.09388506134641,gcML,solid,0
2021-11-18,MMS,Montréal Sud,nPPMoV,31601.94575008283,gcML,solid,0
2021-11-21,MMN,Montréal Nord,covN1,5.698801313061893,gcML,solid,0
2021-11-21,MMN,Montréal Nord,covN2,10.38075702343662,gcML,solid,0
2021-11-21,MMN,Montréal Nord,nPPMoV,29303.52945104452,gcML,solid,0
2021-11-21,MMS,Montréal Sud,covN1,4.496892246241833,gcML,solid,0
2021-11-21,MMS,Montréal Sud,covN2,6.8637253562986,gcML,solid,0
2021-11-21,MMS,Montréal Sud,nPPMoV,25420.45495798925,gcML,solid,0
2021-11-25,MMN,Montréal Nord,covN1,5.724840608676156,gcML,solid,0
2021-11-25,MMN,Montréal Nord,covN2,13.88868721596128,gcML,solid,0
2021-11-25,MMN,Montréal Nord,nPPMoV,32824.60811053358,gcML,solid,0
2021-11-25,MMS,Montréal Sud,covN1,4.565261190456223,gcML,solid,0
2021-11-25,MMS,Montréal Sud,covN2,11.67891837625541,gcML,solid,0
2021-11-25,MMS,Montréal Sud,nPPMoV,27777.69431393903,gcML,solid,0
2021-11-28,MMN,Montréal Nord,covN1,5.831571851787135,gcML,solid,0
2021-11-28,MMN,Montréal Nord,covN2,14.02865353317781,gcML,solid,0
2021-11-28,MMN,Montréal Nord,nPPMoV,22919.23854024749,gcML,solid,0
2021-11-28,MMS,Montréal Sud,covN1,5.127172517688981,gcML,solid,0
2021-11-28,MMS,Montréal Sud,covN2,7.983891399193563,gcML,solid,0
2021-11-28,MMS,Montréal Sud,nPPMoV,33996.58052251268,gcML,solid,0
2021-12-02,MMN,Montréal Nord,covN1,9.314408596228603,gcML,solid,0
2021-12-02,MMN,Montréal Nord,covN2,32.3462143368583,gcML,solid,0
2021-12-02,MMN,Montréal Nord,nPPMoV,46127.85072268822,gcML,solid,0
2021-12-02,MMS,Montréal Sud,covN1,15.44344666093753,gcML,solid,0
2021-12-02,MMS,Montréal Sud,covN2,35.16891321664446,gcML,solid,0
2021-12-02,MMS,Montréal Sud,nPPMoV,38465.69522552668,gcML,solid,0
2021-12-05,MMN,Montréal Nord,covN1,11.96306907803652,gcML,solid,0
2021-12-05,MMN,Montréal Nord,covN2,35.45149544765317,gcML,solid,0
2021-12-05,MMN,Montréal Nord,nPPMoV,40068.28382354057,gcML,solid,0
2021-12-05,MMS,Montréal Sud,covN1,7.382021009078891,gcML,solid,0
2021-12-05,MMS,Montréal Sud,covN2,21.87068690592898,gcML,solid,0
2021-12-05,MMS,Montréal Sud,nPPMoV,42764.89312103684,gcML,solid,0
2021-12-09,MMN,Montréal Nord,covN1,47.11492015170036,gcML,solid,0
2021-12-09,MMN,Montréal Nord,covN2,116.0610196320219,gcML,solid,0
2021-12-09,MMN,Montréal Nord,nPPMoV,35062.33408230601,gcML,solid,0
2021-12-09,MMS,Montréal Sud,covN1,11.71721762061346,gcML,solid,0
2021-12-09,MMS,Montréal Sud,covN2,26.94091958589308,gcML,solid,0
2021-12-09,MMS,Montréal Sud,nPPMoV,28374.97921436816,gcML,solid,0
2021-12-12,MMN,Montréal Nord,covN1,11.5861807028892,gcML,solid,0
2021-12-12,MMN,Montréal Nord,covN2,33.46781444077872,gcML,solid,0
2021-12-12,MMN,Montréal Nord,nPPMoV,26858.35656624781,gcML,solid,0
2021-12-12,MMS,Montréal Sud,covN1,10.5691098539159,gcML,solid,0
2021-12-12,MMS,Montréal Sud,covN2,27.1029507894274,gcML,solid,0
2021-12-12,MMS,Montréal Sud,nPPMoV,43245.96574155746,gcML,solid,0
2021-12-16,MMN,Montréal Nord,covN1,25.88178412979947,gcML,solid,0
2021-12-16,MMN,Montréal Nord,covN2,58.9320498733541,gcML,solid,0
2021-12-16,MMN,Montréal Nord,nPPMoV,38384.40280257884,gcML,solid,0
2021-12-16,MMS,Montréal Sud,covN1,25.09026316691465,gcML,solid,0
2021-12-16,MMS,Montréal Sud,covN2,37.04728946757511,gcML,solid,0
2021-12-16,MMS,Montréal Sud,nPPMoV,34426.05689176491,gcML,solid,0
2021-12-19,MMN,Montréal Nord,covN1,40.69101166317527,gcML,solid,0
2021-12-19,MMN,Montréal Nord,covN2,102.219121716862,gcML,solid,0
2021-12-19,MMN,Montréal Nord,nPPMoV,141267.293413221,gcML,solid,0
2021-12-19,MMS,Montréal Sud,covN1,29.07893778793357,gcML,solid,0
2021-12-19,MMS,Montréal Sud,covN2,64.13933723161087,gcML,solid,0
2021-12-19,MMS,Montréal Sud,nPPMoV,41901.6155410685,gcML,solid,0
2021-12-23,MMN,Montréal Nord,covN1,122.7915816704028,gcML,solid,0
2021-12-23,MMN,Montréal Nord,covN2,264.4185872902908,gcML,solid,0
2021-12-23,MMN,Montréal Nord,nPPMoV,28082.36549370864,gcML,solid,0
2021-12-23,MMS,Montréal Sud,covN1,103.802977895957,gcML,solid,0
2021-12-23,MMS,Montréal Sud,covN2,242.4213710466519,gcML,solid,0
2021-12-23,MMS,Montréal Sud,nPPMoV,45094.62975479687,gcML,solid,0
2021-12-26,MMN,Montréal Nord,covN1,65.0826599279075,gcML,solid,0
2021-12-26,MMN,Montréal Nord,covN2,140.4016977578016,gcML,solid,0
2021-12-26,MMN,Montréal Nord,nPPMoV,37822.64138433205,gcML,solid,0
2021-12-26,MMS,Montréal Sud,covN1,68.08019503847098,gcML,solid,0
2021-12-26,MMS,Montréal Sud,covN2,149.2203414215988,gcML,solid,0
2021-12-26,MMS,Montréal Sud,nPPMoV,27352.27469106593,gcML,solid,0
2021-12-30,MMN,Montréal Nord,covN1,179.6208858147452,gcML,solid,0
2021-12-30,MMN,Montréal Nord,covN2,463.3846836658543,gcML,solid,0
2021-12-30,MMN,Montréal Nord,nPPMoV,62909.25014802623,gcML,solid,0
2021-12-30,MMS,Montréal Sud,covN1,80.60335094431247,gcML,solid,0
2021-12-30,MMS,Montréal Sud,covN2,213.4723116150651,gcML,solid,0
2021-12-30,MMS,Montréal Sud,nPPMoV,30651.15430334899,gcML,solid,0
2022-01-02,MMN,Montréal Nord,covN1,90.0704932872478,gcML,solid,0
2022-01-02,MMN,Montréal Nord,covN2,223.1026696415203,gcML,solid,0
2022-01-02,MMN,Montréal Nord,nPPMoV,38298.11588208847,gcML,solid,0
2022-01-02,MMS,Montréal Sud,covN1,60.05144740308036,gcML,solid,0
2022-01-02,MMS,Montréal Sud,covN2,147.6162132521371,gcML,solid,0
2022-01-02,MMS,Montréal Sud,nPPMoV,40829.37618008402,gcML,solid,0
2022-01-07,MMN,Montréal Nord,covN1,119.781783859426,gcML,solid,0
2022-01-07,MMN,Montréal Nord,covN2,236.833046863041,gcML,solid,0
2022-01-07,MMN,Montréal Nord,nPPMoV,53485.7173408159,gcML,solid,0
2022-01-07,MMS,Montréal Sud,covN1,67.61012960731608,gcML,solid,0
2022-01-07,MMS,Montréal Sud,covN2,159.2735673175071,gcML,solid,0
2022-01-07,MMS,Montréal Sud,nPPMoV,123287.3583059936,gcML,solid,0
2022-01-09,MMN,Montréal Nord,covN1,65.0235835292674,gcML,solid,0
2022-01-09,MMN,Montréal Nord,covN2,147.0604568431988,gcML,solid,0
2022-01-09,MMN,Montréal Nord,nPPMoV,29018.26681262621,gcML,solid,0
2022-01-09,MMS,Montréal Sud,covN1,43.683001725504,gcML,solid,0
2022-01-09,MMS,Montréal Sud,covN2,94.90953378941173,gcML,solid,0
2022-01-09,MMS,Montréal Sud,nPPMoV,40475.33610003015,gcML,solid,0
2022-01-13,MMN,Montréal Nord,covN1,98.7184368817569,gcML,solid,0
2022-01-13,MMN,Montréal Nord,covN2,354.3226591691097,gcML,solid,0
2022-01-13,MMN,Montréal Nord,nPPMoV,26149.38231245098,gcML,solid,0
2022-01-13,MMS,Montréal Sud,covN1,37.59216720704682,gcML,solid,0
2022-01-13,MMS,Montréal Sud,covN2,85.27915972529513,gcML,solid,0
2022-01-13,MMS,Montréal Sud,nPPMoV,13614.67678541744,gcML,solid,0
2022-01-16,MMN,Montréal Nord,covN1,93.26391080948932,gcML,solid,0
2022-01-16,MMN,Montréal Nord,covN2,225.2393653847721,gcML,solid,0
2022-01-16,MMN,Montréal Nord,nPPMoV,29136.73545842859,gcML,solid,0
2022-01-16,MMS,Montréal Sud,covN1,38.61872282713165,gcML,solid,0
2022-01-16,MMS,Montréal Sud,covN2,93.21028548340468,gcML,solid,0
2022-01-16,MMS,Montréal Sud,nPPMoV,22088.17511301572,gcML,solid,0
2022-01-20,MMN,Montréal Nord,covN1,78.13013242195936,gcML,solid,0
2022-01-20,MMN,Montréal Nord,covN2,124.1822768658672,gcML,solid,0
2022-01-20,MMN,Montréal Nord,nPPMoV,49014.4350008191,gcML,solid,0
2022-01-20,MMS,Montréal Sud,covN1,63.64570833907685,gcML,solid,0
2022-01-20,MMS,Montréal Sud,covN2,98.7073254697936,gcML,solid,0
2022-01-20,MMS,Montréal Sud,nPPMoV,46879.59932824929,gcML,solid,0
2022-01-23,MMN,Montréal Nord,covN1,227.4967185747634,gcML,solid,0
2022-01-23,MMN,Montréal Nord,covN2,366.6358179844284,gcML,solid,0
2022-01-23,MMN,Montréal Nord,nPPMoV,97833.44402071135,gcML,solid,0
2022-01-23,MMS,Montréal Sud,covN1,59.29161371186806,gcML,solid,0
2022-01-23,MMS,Montréal Sud,covN2,117.6663091477043,gcML,solid,0
2022-01-23,MMS,Montréal Sud,nPPMoV,31961.25969665955,gcML,solid,0
2022-01-27,MMN,Montréal Nord,covN1,28.56412182069825,gcML,solid,0
2022-01-27,MMN,Montréal Nord,covN2,65.08720114166385,gcML,solid,0
2022-01-27,MMN,Montréal Nord,nPPMoV,69777.6204302868,gcML,solid,0
2022-01-27,MMS,Montréal Sud,covN1,12.79051101332274,gcML,solid,0
2022-01-27,MMS,Montréal Sud,covN2,24.59856009883363,gcML,solid,0
2022-01-27,MMS,Montréal Sud,nPPMoV,55869.8823543219,gcML,solid,0
2022-01-30,MMN,Montréal Nord,covN1,22.44822042238094,gcML,solid,0
2022-01-30,MMN,Montréal Nord,covN2,50.54995095935098,gcML,solid,0
2022-01-30,MMN,Montréal Nord,nPPMoV,60331.43794869185,gcML,solid,0
2022-01-30,MMS,Montréal Sud,covN1,10.01202774564854,gcML,solid,0
2022-01-30,MMS,Montréal Sud,covN2,21.42353005229676,gcML,solid,0
2022-01-30,MMS,Montréal Sud,nPPMoV,35483.68809805728,gcML,solid,0
